{
"type": "FeatureCollection",
"name": "boxx_w_hole",
"crs": { "type": "name", "properties": { "name": "urn:ogc:def:crs:OGC:1.3:CRS84" } },
"features": [
{ "type": "Feature", "properties": { }, "geometry": { "type": "MultiPolygon", "coordinates": [ [ [ [ -89.691268645752658, 23.838578056203819 ], [ -108.613736680821248, 23.777936867420188 ], [ -108.666125226596009, 24.589124536159289 ], [ -109.722804509351576, 33.878121916569171 ], [ -88.69067802074963, 33.852348910137927 ], [ -89.691268645752658, 23.838578056203819 ] ], [ [ -100.324869461582352, 29.472251104663563 ], [ -100.325162181615724, 29.471887213410415 ], [ -100.325786138658003, 29.471321483901033 ], [ -100.326289486780212, 29.470601282937409 ], [ -100.326818872125841, 29.469975577066396 ], [ -100.327323765240948, 29.469449382255366 ], [ -100.327734509573745, 29.468944429467395 ], [ -100.32811376233272, 29.468446558694122 ], [ -100.328624436402819, 29.467821031504663 ], [ -100.328859863968191, 29.467439655608867 ], [ -100.329070804892169, 29.467108158267774 ], [ -100.329196137969504, 29.467007637625322 ], [ -100.329369497286791, 29.466710356261213 ], [ -100.330813550022157, 29.465603969523741 ], [ -100.333745472187118, 29.461427901336634 ], [ -100.334424391673807, 29.460663045698311 ], [ -100.33573038868937, 29.459630187235653 ], [ -100.33705893117974, 29.457640501536243 ], [ -100.337588810020307, 29.456448468306448 ], [ -100.338065746146654, 29.455617941341693 ], [ -100.338406972562098, 29.455127192428588 ], [ -100.338493613793972, 29.454977418063415 ], [ -100.339573725914704, 29.454000940206914 ], [ -100.340197635226801, 29.453396792945366 ], [ -100.34085275330709, 29.452765255199544 ], [ -100.341450387365882, 29.452050818295056 ], [ -100.342378136632561, 29.451008170702103 ], [ -100.343062356694887, 29.450166511636095 ], [ -100.343690965347051, 29.449408885927593 ], [ -100.343803436469159, 29.44931299408896 ], [ -100.344290409951441, 29.448859113719578 ], [ -100.344602338446634, 29.448569438360106 ], [ -100.344870963081149, 29.448343370781163 ], [ -100.345860504905247, 29.447203063560927 ], [ -100.346420232050704, 29.446477707336864 ], [ -100.346731665332456, 29.446127117892328 ], [ -100.347005941980271, 29.445817513632086 ], [ -100.347484266156187, 29.445199013173436 ], [ -100.347613434377223, 29.444904413027089 ], [ -100.348349004954969, 29.444102817974098 ], [ -100.348896505244113, 29.443454283214304 ], [ -100.349854021767484, 29.442846710698245 ], [ -100.350607854687681, 29.442015589673279 ], [ -100.351201086384592, 29.441538044747517 ], [ -100.351557134760426, 29.441250162610739 ], [ -100.352120523354003, 29.44090377080358 ], [ -100.352505189504626, 29.440344864071061 ], [ -100.353302492155592, 29.43949072454642 ], [ -100.354226289877545, 29.438653342750396 ], [ -100.354992768017169, 29.437833349166784 ], [ -100.355479052858513, 29.437383948597592 ], [ -100.356072557005788, 29.436906379950049 ], [ -100.356986362949726, 29.43573292357393 ], [ -100.358007107893414, 29.434535809556984 ], [ -100.359081247817869, 29.43302003288332 ], [ -100.359818118271932, 29.431821289197494 ], [ -100.360294663183268, 29.430959104595686 ], [ -100.361120477914497, 29.429813593103376 ], [ -100.361386352885162, 29.429339351194528 ], [ -100.361676707001138, 29.428792661953764 ], [ -100.36189948308531, 29.428420383874364 ], [ -100.36371163693164, 29.426409704666877 ], [ -100.36399115154704, 29.42290763309714 ], [ -100.367581947848322, 29.419391907479575 ], [ -100.368173265360682, 29.415613636080373 ], [ -100.374995692859727, 29.409275950688592 ], [ -100.376622139349905, 29.407700190788365 ], [ -100.375028168595946, 29.407477503924248 ], [ -100.373968981819687, 29.407314711552235 ], [ -100.373489881923746, 29.407251968260546 ], [ -100.37308515176386, 29.40709144481589 ], [ -100.372600025749591, 29.4070355292939 ], [ -100.3718742815783, 29.406880564398964 ], [ -100.370852588468637, 29.406679007660202 ], [ -100.370109230372734, 29.40660317744436 ], [ -100.36932723112848, 29.406455545896097 ], [ -100.368879523841031, 29.406403744340011 ], [ -100.368406658322243, 29.406325125183336 ], [ -100.367877694556611, 29.406289946940333 ], [ -100.367600553074652, 29.406276999777109 ], [ -100.367442636833019, 29.40624477956376 ], [ -100.367214401009917, 29.406059865321954 ], [ -100.367174281728865, 29.405805337198188 ], [ -100.367429352884002, 29.40554101089581 ], [ -100.367629409960799, 29.405401335443418 ], [ -100.367885869560226, 29.405240775086888 ], [ -100.368199181730219, 29.405093168283621 ], [ -100.368537619674896, 29.404970118135417 ], [ -100.36928509490356, 29.404777438743142 ], [ -100.370178137531042, 29.404705087039943 ], [ -100.371259437792261, 29.40457438990936 ], [ -100.372270930116542, 29.404401536410841 ], [ -100.373068261942791, 29.404181249236377 ], [ -100.373709609622651, 29.404120491952217 ], [ -100.374269046137911, 29.404051552035089 ], [ -100.374571832519436, 29.404080014208851 ], [ -100.375004952123817, 29.404005606556954 ], [ -100.376214540240341, 29.403812630090325 ], [ -100.377025456935499, 29.403741080974353 ], [ -100.377590824365498, 29.403658529267226 ], [ -100.379372615086808, 29.40377094951824 ], [ -100.380359736682379, 29.403726885834978 ], [ -100.38201611176774, 29.40259069099805 ], [ -100.382605333012094, 29.401677627138685 ], [ -100.3830155576957, 29.401102577556589 ], [ -100.384593019269133, 29.399637780994713 ], [ -100.386155541182077, 29.397882086350442 ], [ -100.386093790060215, 29.397797032376211 ], [ -100.385448366820739, 29.396908037293993 ], [ -100.37991598375099, 29.396669891648468 ], [ -100.375093894046273, 29.39848175212494 ], [ -100.373232041644542, 29.399234185418312 ], [ -100.370792845779448, 29.400161741321959 ], [ -100.36928299897059, 29.400872144480466 ], [ -100.367839792609928, 29.401317883640868 ], [ -100.366749823950244, 29.401809617935726 ], [ -100.365107602111124, 29.402498772550761 ], [ -100.363539543591727, 29.403051780503773 ], [ -100.361846685577319, 29.403714340520789 ], [ -100.360321802748558, 29.404199187750308 ], [ -100.359218975520932, 29.404697761884865 ], [ -100.357770568122589, 29.405220153612962 ], [ -100.356967687153272, 29.405535163394692 ], [ -100.356660677076121, 29.405673656690045 ], [ -100.356001114834541, 29.405795432181332 ], [ -100.355372734785206, 29.405937192860126 ], [ -100.355059483025613, 29.406066721562066 ], [ -100.354044577099074, 29.406568871720278 ], [ -100.353329683416121, 29.406817538974888 ], [ -100.351357477044473, 29.407261705881186 ], [ -100.349647345625371, 29.40745727311208 ], [ -100.347994037600614, 29.407688341505501 ], [ -100.346373111850639, 29.407982233625329 ], [ -100.344606914346755, 29.408275315704923 ], [ -100.342946837716141, 29.408459012299986 ], [ -100.341570073960526, 29.408635322366482 ], [ -100.33979072047336, 29.408835973135769 ], [ -100.337866570106669, 29.409071896808619 ], [ -100.336578228990248, 29.409263061099004 ], [ -100.335245411675515, 29.40942758529421 ], [ -100.333799385167211, 29.409629327665375 ], [ -100.332083820212745, 29.409908202453739 ], [ -100.330379629529233, 29.410096695532413 ], [ -100.329253998107077, 29.410220737514901 ], [ -100.328443454565686, 29.410352908597932 ], [ -100.327952565657995, 29.410423229637559 ], [ -100.32735599363923, 29.410514907602156 ], [ -100.327330894246188, 29.409921797893702 ], [ -100.32718161235529, 29.409438219386107 ], [ -100.327032918524523, 29.409049390997058 ], [ -100.326865490532725, 29.408681054713306 ], [ -100.326566151512154, 29.408298238173959 ], [ -100.326424722831248, 29.407997326221359 ], [ -100.326308793248614, 29.407700672509311 ], [ -100.325769553104237, 29.407270607108803 ], [ -100.325287579330094, 29.40690991038824 ], [ -100.324954353696128, 29.406297302874737 ], [ -100.324406553494015, 29.405652984911477 ], [ -100.324112619112086, 29.405213705897186 ], [ -100.323924749340293, 29.40463349335959 ], [ -100.323585216065283, 29.404029969082359 ], [ -100.323119082591305, 29.403323918936429 ], [ -100.322673761467598, 29.402831992326281 ], [ -100.322241003476407, 29.402339939434967 ], [ -100.321833392607786, 29.401874709150437 ], [ -100.321464512990872, 29.40146549732426 ], [ -100.321134037486729, 29.401137123266604 ], [ -100.32077247298227, 29.400869971502786 ], [ -100.320125342749236, 29.400310096271799 ], [ -100.319624193033007, 29.399906701557924 ], [ -100.319350660443035, 29.399622881547479 ], [ -100.318982114289525, 29.399288110893856 ], [ -100.318135092705717, 29.398883619846547 ], [ -100.316850862137983, 29.39823752730171 ], [ -100.316168818542977, 29.397989322524076 ], [ -100.315542897032529, 29.397697692963206 ], [ -100.315170192810456, 29.397563747943678 ], [ -100.314602017712971, 29.397379839694967 ], [ -100.313592300452882, 29.397744008416641 ], [ -100.312770194707269, 29.397998028088292 ], [ -100.311982844252029, 29.398576583379576 ], [ -100.311414947578612, 29.399092059491373 ], [ -100.310603958081686, 29.399862610732786 ], [ -100.309712060304321, 29.400728711466019 ], [ -100.308957177302958, 29.401406199284146 ], [ -100.308351947006983, 29.40197617685812 ], [ -100.307990009540106, 29.402331686709488 ], [ -100.307489441941982, 29.402625385256975 ], [ -100.307171589698612, 29.40295338669582 ], [ -100.306278096588798, 29.4029937349436 ], [ -100.305283127448817, 29.402956106982433 ], [ -100.304451024733908, 29.402835655022152 ], [ -100.303662813738697, 29.40267190347539 ], [ -100.303037523547417, 29.402454662262933 ], [ -100.302014563821217, 29.402090143449183 ], [ -100.301182097806063, 29.401940345099423 ], [ -100.300153672054392, 29.401702209103242 ], [ -100.299364972507433, 29.401448189616595 ], [ -100.298701729792811, 29.401233554461129 ], [ -100.298327807025402, 29.400977742272289 ], [ -100.297721148352693, 29.400679072848778 ], [ -100.297309949124568, 29.400480023739512 ], [ -100.296848469335956, 29.400252133364596 ], [ -100.296417739313753, 29.399985588299014 ], [ -100.295965181370178, 29.399394369085101 ], [ -100.295660087067844, 29.399054402844886 ], [ -100.295423645474756, 29.398693462584809 ], [ -100.295256699012981, 29.398327335272221 ], [ -100.295183689678396, 29.397953525728362 ], [ -100.295153895327289, 29.397457464196904 ], [ -100.295118574597637, 29.397033653027304 ], [ -100.295046932594445, 29.39679294211194 ], [ -100.294880411835479, 29.396485468654273 ], [ -100.294635825792099, 29.395887710912785 ], [ -100.294501683584571, 29.395670168245562 ], [ -100.294435340107214, 29.395339160695229 ], [ -100.293876887087805, 29.394825670854896 ], [ -100.293437838968657, 29.394306507417394 ], [ -100.292942252729262, 29.393848807520929 ], [ -100.292524297366327, 29.393570843571226 ], [ -100.292308977305524, 29.393401464272415 ], [ -100.291973646870048, 29.393240017081439 ], [ -100.291438487466479, 29.393242948306561 ], [ -100.29091144738598, 29.39337890983759 ], [ -100.290628589173892, 29.393420004471544 ], [ -100.290459351760873, 29.393482558729982 ], [ -100.290186789538254, 29.393956731255955 ], [ -100.28988259369693, 29.394399624485075 ], [ -100.289707977840493, 29.394597598894617 ], [ -100.289526826771834, 29.394736976411806 ], [ -100.288874403737296, 29.394966645973437 ], [ -100.288308997059247, 29.395048822028063 ], [ -100.287749015838145, 29.395101612728194 ], [ -100.287163756881327, 29.395116291243319 ], [ -100.286829091201341, 29.394981898484527 ], [ -100.286493620292234, 29.394809158644208 ], [ -100.2861836637164, 29.39459104749011 ], [ -100.285815252596777, 29.394231362567169 ], [ -100.285278096395459, 29.393358903573052 ], [ -100.284928102766258, 29.39292684146282 ], [ -100.284702844349937, 29.392401075511653 ], [ -100.284560012212751, 29.391951222729407 ], [ -100.284361232403896, 29.391533495045522 ], [ -100.284193629282214, 29.391110954307116 ], [ -100.28333803645188, 29.390469424091599 ], [ -100.282463628198485, 29.389841606070888 ], [ -100.281233818195147, 29.388860728549091 ], [ -100.280422105876653, 29.388223269123692 ], [ -100.279940841397377, 29.387873676570443 ], [ -100.279478637310362, 29.387580301406349 ], [ -100.2791432593243, 29.387412053526674 ], [ -100.278762962639561, 29.387102097199147 ], [ -100.278051578992816, 29.387095383123071 ], [ -100.27751075436089, 29.387132153839715 ], [ -100.277196634648348, 29.387196079768284 ], [ -100.276331643754972, 29.387549556937866 ], [ -100.27585606746112, 29.387860946403819 ], [ -100.275605419184743, 29.38800548279697 ], [ -100.275203809269001, 29.388128902669884 ], [ -100.274750774966535, 29.388130979404043 ], [ -100.274215074241823, 29.388036830620035 ], [ -100.273817342094475, 29.387903007075888 ], [ -100.273664847754588, 29.38773299618547 ], [ -100.273426681721389, 29.387173489678336 ], [ -100.27319751485048, 29.386871097801496 ], [ -100.272891466081859, 29.386445351446081 ], [ -100.272228694395551, 29.386230576307138 ], [ -100.271868894127351, 29.386116689533711 ], [ -100.270987505074643, 29.386084485678744 ], [ -100.269766646243383, 29.386071303899254 ], [ -100.268928569171266, 29.386000319627581 ], [ -100.268241940036205, 29.385912095473252 ], [ -100.2675863062872, 29.385778449741796 ], [ -100.267130932765895, 29.385539114857167 ], [ -100.266991805963983, 29.385459215440569 ], [ -100.266675506769772, 29.385295265364071 ], [ -100.266314123251476, 29.385000886468049 ], [ -100.265103052871837, 29.382654699900399 ], [ -100.26292214726513, 29.381526993547226 ], [ -100.260997206294434, 29.381621925588398 ], [ -100.263826579898236, 29.376496206945149 ], [ -100.265411180194647, 29.375028209202945 ], [ -100.266608003840346, 29.374983001636295 ], [ -100.267278120826319, 29.373952337490408 ], [ -100.268421741620898, 29.372759233535191 ], [ -100.269458530430882, 29.371858183396593 ], [ -100.269992278231882, 29.371413148703777 ], [ -100.270790293249206, 29.370627170921765 ], [ -100.271977144852016, 29.369654729809859 ], [ -100.272700083124732, 29.368788233970111 ], [ -100.273429090995052, 29.368099914119881 ], [ -100.274000710385224, 29.367519133422366 ], [ -100.274572638432787, 29.366782671353942 ], [ -100.27495643121928, 29.36632100249297 ], [ -100.27525821732813, 29.365814992333398 ], [ -100.275510395618227, 29.365203417954916 ], [ -100.275405071291416, 29.364527576544788 ], [ -100.275042477529212, 29.363899319480602 ], [ -100.274654219872247, 29.363562350406294 ], [ -100.274184403138108, 29.363241953169602 ], [ -100.27387787077798, 29.362978653781017 ], [ -100.273502087108497, 29.36253101151885 ], [ -100.273245757709816, 29.362240157142438 ], [ -100.272932918316101, 29.361909231757565 ], [ -100.272601520698075, 29.361483723577415 ], [ -100.272238206166207, 29.361209681711937 ], [ -100.271950103466324, 29.360977789314045 ], [ -100.271568168188395, 29.360785145223002 ], [ -100.27114776309314, 29.360735004783514 ], [ -100.270501511649854, 29.36090360584712 ], [ -100.269447755893097, 29.361231759624456 ], [ -100.268550219150683, 29.361411768836881 ], [ -100.267922976372219, 29.36168621736994 ], [ -100.267276868955804, 29.361789373260997 ], [ -100.266649881160049, 29.361772767950935 ], [ -100.266041860645146, 29.361649940140744 ], [ -100.26542809896381, 29.361297034437793 ], [ -100.264689478693668, 29.360712924668753 ], [ -100.264232423641161, 29.360171266496355 ], [ -100.263901625134835, 29.359556211465836 ], [ -100.263626882653924, 29.358866171239882 ], [ -100.263483657267884, 29.358294461119936 ], [ -100.263454134101025, 29.357545693299912 ], [ -100.263342101882841, 29.357023323212754 ], [ -100.263016831953962, 29.356620293458711 ], [ -100.262735303669061, 29.356318376024042 ], [ -100.262434770008937, 29.356041456346226 ], [ -100.262159093546742, 29.355926744193759 ], [ -100.261637728181498, 29.356563404756272 ], [ -100.261253933135251, 29.357079184635786 ], [ -100.260927230103874, 29.357447772898617 ], [ -100.26055037976262, 29.357848420806018 ], [ -100.260078924697495, 29.358383076461386 ], [ -100.259958812571767, 29.358772272221916 ], [ -100.259694228184443, 29.359350094467278 ], [ -100.259580441814919, 29.35973020543674 ], [ -100.259441968654073, 29.360092500029722 ], [ -100.259003473134214, 29.359931939914592 ], [ -100.258514228373102, 29.359832773379811 ], [ -100.25823828842617, 29.359880500456693 ], [ -100.258056231235841, 29.359997283458902 ], [ -100.257842762720557, 29.360177534230395 ], [ -100.257467476585859, 29.359842646702724 ], [ -100.256928477421965, 29.35967625927519 ], [ -100.256332340331966, 29.359706693503639 ], [ -100.256056218951201, 29.359844664864919 ], [ -100.255792751302536, 29.359964467105133 ], [ -100.255472521239255, 29.360075777301518 ], [ -100.255624137008652, 29.359602810715447 ], [ -100.255888848648112, 29.359085911088094 ], [ -100.256284329288988, 29.358732480786109 ], [ -100.256667661896898, 29.358464897369778 ], [ -100.257213618101616, 29.358123582397564 ], [ -100.257954677578283, 29.357575113739749 ], [ -100.258306442364301, 29.357201783752217 ], [ -100.258608104064237, 29.356837950376818 ], [ -100.258834968727086, 29.356438723470944 ], [ -100.259043229536715, 29.355678683503303 ], [ -100.259214541114417, 29.354819721393174 ], [ -100.259096723456096, 29.354060504770889 ], [ -100.258828016228762, 29.353647905444873 ], [ -100.258321541800868, 29.353113458319417 ], [ -100.257920759587506, 29.352875827994996 ], [ -100.257651324129966, 29.352639214862837 ], [ -100.257294579992816, 29.352317689326636 ], [ -100.256925210225432, 29.352147445156653 ], [ -100.256367629530786, 29.351958666551898 ], [ -100.25598488882747, 29.351957758526169 ], [ -100.255558112123509, 29.352040741963137 ], [ -100.255068775910644, 29.352167180680848 ], [ -100.254767434621797, 29.352452037542626 ], [ -100.254484311417244, 29.352831481970295 ], [ -100.254220624557846, 29.35319494922048 ], [ -100.254025583924275, 29.353512647020327 ], [ -100.253855618431103, 29.353748886361053 ], [ -100.25371082961162, 29.353885618112063 ], [ -100.253560687759787, 29.353979532014183 ], [ -100.253340479790253, 29.354056055863822 ], [ -100.25315279767841, 29.354028488325564 ], [ -100.252990356174536, 29.353775066565685 ], [ -100.252947911206221, 29.353042209556989 ], [ -100.252929919881922, 29.352597911551918 ], [ -100.252949844196166, 29.352200637758862 ], [ -100.252912691459215, 29.351952808003457 ], [ -100.252837522862535, 29.351754970090624 ], [ -100.252656124751496, 29.351661914067545 ], [ -100.252411451194575, 29.351632624964221 ], [ -100.251978769532599, 29.351785594628083 ], [ -100.251627082289374, 29.351928778234743 ], [ -100.251244137787481, 29.352121888959214 ], [ -100.250898940902587, 29.352269522164878 ], [ -100.250503891886368, 29.352367985852034 ], [ -100.250246847891219, 29.352406494229104 ], [ -100.249964494335259, 29.352481337027434 ], [ -100.248208042144839, 29.352597056672824 ], [ -100.245635213117922, 29.352894104876817 ], [ -100.243627196008688, 29.353156509186391 ], [ -100.241876884054136, 29.353355566815164 ], [ -100.240853983610748, 29.353601985237418 ], [ -100.23998178056155, 29.353799614596383 ], [ -100.238783168099772, 29.3543432104719 ], [ -100.237314289320864, 29.35505851656281 ], [ -100.236115516771818, 29.355911186313516 ], [ -100.234897605156192, 29.35648651348146 ], [ -100.233893364616478, 29.356976374874506 ], [ -100.232882857123911, 29.357427931007269 ], [ -100.231765501719963, 29.357668384724814 ], [ -100.230385173614621, 29.357965403871376 ], [ -100.229387441461682, 29.358249859255359 ], [ -100.228194973562552, 29.358590248043853 ], [ -100.227315932067313, 29.358975123071829 ], [ -100.226763664964835, 29.359255457987661 ], [ -100.225715552011451, 29.359420770999037 ], [ -100.224648550715742, 29.359568199743023 ], [ -100.223168006935097, 29.359726182461799 ], [ -100.222032059138229, 29.359842636005116 ], [ -100.220865015450286, 29.359835274563764 ], [ -100.219767016576881, 29.359894957251765 ], [ -100.218267145024726, 29.359971839565262 ], [ -100.217301168810735, 29.35989943672157 ], [ -100.216403943589981, 29.359815119441457 ], [ -100.215764011878818, 29.359710401393624 ], [ -100.214885594572038, 29.359528885403396 ], [ -100.214283381994647, 29.359374180285442 ], [ -100.213894982898211, 29.359143072678158 ], [ -100.213368054388496, 29.358604124768142 ], [ -100.213080480544619, 29.357943421203785 ], [ -100.212999692010541, 29.357210893763757 ], [ -100.212906369594293, 29.356072365817727 ], [ -100.212687873739938, 29.354828934954046 ], [ -100.212444620130455, 29.35372335595331 ], [ -100.212357767159162, 29.352695321209449 ], [ -100.212277273840314, 29.35163338602522 ], [ -100.212071514805828, 29.350322151277545 ], [ -100.211922318308083, 29.349139004831454 ], [ -100.211716255231948, 29.348154920118475 ], [ -100.211397165784746, 29.346894349117353 ], [ -100.211128860458615, 29.34595369538679 ], [ -100.21092898292514, 29.344946990554352 ], [ -100.210653684169699, 29.344067315765717 ], [ -100.210253077917784, 29.342987976653625 ], [ -100.210034199782982, 29.342360483066017 ], [ -100.209602427471509, 29.341475456451477 ], [ -100.209001275194538, 29.340610012708403 ], [ -100.208687729178209, 29.340114234059691 ], [ -100.208412254000294, 29.33976250571633 ], [ -100.207898837388186, 29.339239203784079 ], [ -100.207158533912462, 29.338826250445013 ], [ -100.206675993775249, 29.338573408868054 ], [ -100.206199491098133, 29.338313741708305 ], [ -100.205716769810152, 29.338045104155533 ], [ -100.205246389185859, 29.337977155130215 ], [ -100.204744490221074, 29.337965894764725 ], [ -100.204117281653183, 29.338082109798108 ], [ -100.2032388028599, 29.338069727962537 ], [ -100.202422960462229, 29.338128975726324 ], [ -100.201626637300038, 29.338041388627367 ], [ -100.201068737917851, 29.337892989427679 ], [ -100.200290747731316, 29.337419419315314 ], [ -100.199783122036408, 29.337056223095281 ], [ -100.198949394988333, 29.336549302266366 ], [ -100.198466747751212, 29.336312224141238 ], [ -100.197814751607353, 29.336069896440147 ], [ -100.197350888911316, 29.335925149596946 ], [ -100.196704755841978, 29.335881309142312 ], [ -100.196215093373397, 29.336007535009468 ], [ -100.195757026427742, 29.33635909592628 ], [ -100.19551773343467, 29.336841812452512 ], [ -100.195605275585351, 29.337172690535223 ], [ -100.195899379891756, 29.337580684188485 ], [ -100.196156333771697, 29.338031877574878 ], [ -100.196745242784303, 29.338768888402925 ], [ -100.196788438545511, 29.339325783056019 ], [ -100.196549079389399, 29.340381576764674 ], [ -100.196271549093851, 29.341448993856247 ], [ -100.196251944217806, 29.342085418288253 ], [ -100.19628869218468, 29.342696519685148 ], [ -100.196595503412667, 29.343226232442039 ], [ -100.197015526925384, 29.343472903251445 ], [ -100.197592323419997, 29.343941529545287 ], [ -100.198269091206924, 29.344508528483672 ], [ -100.198776759102884, 29.345257538725932 ], [ -100.199227122794312, 29.346142434318232 ], [ -100.199370390390413, 29.347079725881489 ], [ -100.19937610870376, 29.347650492843297 ], [ -100.199212152358072, 29.348410049613896 ], [ -100.198954387835727, 29.348938061856209 ], [ -100.197321491790674, 29.350344802609289 ], [ -100.195305827287797, 29.351642145214736 ], [ -100.193114388586011, 29.353218542106866 ], [ -100.191186695861148, 29.354422532040566 ], [ -100.18978684423189, 29.355373605816567 ], [ -100.188241911879075, 29.35630790814254 ], [ -100.187306225611621, 29.356927671130425 ], [ -100.18652166935604, 29.357394917998683 ], [ -100.185811435808276, 29.358026202229716 ], [ -100.184781712456584, 29.358867892399768 ], [ -100.183600598847931, 29.359647743404985 ], [ -100.182237722439069, 29.360774396094893 ], [ -100.181207819911265, 29.361577704870413 ], [ -100.180290839768631, 29.362292015007252 ], [ -100.179668836045849, 29.362791626437165 ], [ -100.178978176082609, 29.363088784319125 ], [ -100.178300744943868, 29.363081234062655 ], [ -100.177692241464314, 29.362964774782466 ], [ -100.176820549544175, 29.362469335174037 ], [ -100.176400538033036, 29.362310594696698 ], [ -100.175509061686739, 29.362474133303742 ], [ -100.174322859552746, 29.362764352544939 ], [ -100.173437998826216, 29.363000017959802 ], [ -100.172728473428677, 29.363141631760126 ], [ -100.172107411579546, 29.363108735409448 ], [ -100.171631115426877, 29.362729365637247 ], [ -100.171367907863143, 29.362375197218011 ], [ -100.171217844327572, 29.362089976674575 ], [ -100.171199348551525, 29.361880311855113 ], [ -100.171381790601515, 29.361562840879092 ], [ -100.171495026641821, 29.36135878707227 ], [ -100.171595592113093, 29.361116489436583 ], [ -100.171426664889864, 29.360786311660373 ], [ -100.170937917738144, 29.360330337115236 ], [ -100.170787820443721, 29.360069933988619 ], [ -100.17058104441017, 29.359751367736216 ], [ -100.170575522646843, 29.359212182728459 ], [ -100.170896543499083, 29.35851445200376 ], [ -100.171242748368087, 29.357936079329686 ], [ -100.171682408049847, 29.357282430360087 ], [ -100.172241831558736, 29.356742792667468 ], [ -100.17275075857458, 29.356347995587228 ], [ -100.173390752469459, 29.355985886300616 ], [ -100.174113130747827, 29.355650122247706 ], [ -100.175129974570268, 29.355420059860201 ], [ -100.175864051714299, 29.355178944379198 ], [ -100.176686340703228, 29.354882898823032 ], [ -100.177408204366927, 29.354784024712139 ], [ -100.17792296263795, 29.354702768702367 ], [ -100.17832436875166, 29.354478114493457 ], [ -100.177039859052698, 29.353600509717388 ], [ -100.175748139307657, 29.352962114300944 ], [ -100.174487892388143, 29.352400139037723 ], [ -100.173371436376698, 29.3519970787105 ], [ -100.172499811821709, 29.351609905650459 ], [ -100.172035808529586, 29.35145604811402 ], [ -100.171597038112068, 29.351256844158371 ], [ -100.171151652487723, 29.351041902695108 ], [ -100.17038644835867, 29.351233627175279 ], [ -100.168828903218568, 29.351976040070163 ], [ -100.16765546860897, 29.352360847745771 ], [ -100.166531359449195, 29.352837719427313 ], [ -100.165132242418807, 29.353023675759566 ], [ -100.163782630136211, 29.353373889021341 ], [ -100.162508690171578, 29.353642206573355 ], [ -100.161134163881357, 29.353755707916939 ], [ -100.159659445346648, 29.354118250508037 ], [ -100.158511256871321, 29.354292931241595 ], [ -100.157456843394499, 29.354363002283058 ], [ -100.156879480244996, 29.35446051550748 ], [ -100.156321028743989, 29.354465357796336 ], [ -100.156032365890496, 29.354415967329953 ], [ -100.155668612864915, 29.354387532244161 ], [ -100.155336669211636, 29.354097100019423 ], [ -100.154672687112182, 29.35350720770538 ], [ -100.154315616121366, 29.352957525213625 ], [ -100.154015054975815, 29.352680354077723 ], [ -100.153608042042393, 29.352097258775391 ], [ -100.153495710553727, 29.351926757158115 ], [ -100.153257266377636, 29.351705453214276 ], [ -100.153063324794601, 29.351519863739732 ], [ -100.151801429565637, 29.351857917417902 ], [ -100.150564868195147, 29.352159641183395 ], [ -100.149015026547502, 29.352283554413873 ], [ -100.147891752105338, 29.352383474215159 ], [ -100.147107936540706, 29.352327042491304 ], [ -100.146649859818169, 29.352182069906387 ], [ -100.146192755122144, 29.351951351914749 ], [ -100.145791424247108, 29.351555448085968 ], [ -100.145616727667417, 29.350988380358661 ], [ -100.145599298409749, 29.350293614266029 ], [ -100.145788769014118, 29.349448160158229 ], [ -100.146053122559906, 29.348908908302324 ], [ -100.146606600685388, 29.348261129126055 ], [ -100.14720970729627, 29.347705425724651 ], [ -100.147806271893444, 29.347255819252979 ], [ -100.148610332477077, 29.346623925667387 ], [ -100.149319958917502, 29.346096627395085 ], [ -100.149577430097295, 29.345864273874675 ], [ -100.149892122631655, 29.345568253492004 ], [ -100.148460560580745, 29.346155920832519 ], [ -100.146696722166539, 29.346708074176913 ], [ -100.145007632817965, 29.347498722074484 ], [ -100.143959178410597, 29.348125922194104 ], [ -100.143054777864364, 29.348740598299994 ], [ -100.142501638874577, 29.349219143635334 ], [ -100.142074107109053, 29.349762041525633 ], [ -100.141891453292999, 29.35026899933445 ], [ -100.141796329926308, 29.3506872142007 ], [ -100.141776913107037, 29.35108221990529 ], [ -100.141814100749869, 29.351357160373976 ], [ -100.141161294933042, 29.351443970706267 ], [ -100.140414460831622, 29.351730128765126 ], [ -100.139943126018878, 29.352070335015991 ], [ -100.139684953008711, 29.352647877772434 ], [ -100.139577678583223, 29.353016559061093 ], [ -100.139488996282068, 29.353378312164807 ], [ -100.137787785168157, 29.354020064482985 ], [ -100.136318847137503, 29.354447731293483 ], [ -100.135145304790029, 29.354633708158175 ], [ -100.134373511378371, 29.354820772407571 ], [ -100.132665634564489, 29.355505384770495 ], [ -100.131340703828869, 29.355888906668326 ], [ -100.130524828333094, 29.356195901335813 ], [ -100.129520101462035, 29.356513516554291 ], [ -100.128603782142946, 29.356733358863526 ], [ -100.128063767390671, 29.356952268570453 ], [ -100.127611720653476, 29.357062133293539 ], [ -100.12709106401978, 29.357226725872362 ], [ -100.126498486316791, 29.355156002836367 ], [ -100.127114204909532, 29.354737911281212 ], [ -100.127893177841585, 29.354178551313698 ], [ -100.128860926732756, 29.353486727929972 ], [ -100.129972524552429, 29.352938078166094 ], [ -100.130738501721623, 29.352487110072744 ], [ -100.131624063769962, 29.352109579536833 ], [ -100.132314323014072, 29.351769800876955 ], [ -100.133018182641223, 29.351292273596009 ], [ -100.133696314047157, 29.350846547425601 ], [ -100.134374648235124, 29.350506859665927 ], [ -100.135272813350284, 29.349962237008228 ], [ -100.135963535948676, 29.349579566907533 ], [ -100.136792222684747, 29.349128031940307 ], [ -100.137715750790406, 29.348666657033743 ], [ -100.138575885028473, 29.348178743307169 ], [ -100.139486416573163, 29.347679111956786 ], [ -100.140428215261991, 29.34721305128846 ], [ -100.141314092447843, 29.346697824264954 ], [ -100.14209889009733, 29.346269194762257 ], [ -100.142651277421308, 29.345955361827603 ], [ -100.143091285882207, 29.345637977104623 ], [ -100.143474389003643, 29.345269185993637 ], [ -100.140048772410609, 29.345309784120918 ], [ -100.137733968578303, 29.345322775102009 ], [ -100.13641678429336, 29.345259546171416 ], [ -100.135350195740699, 29.345182890135987 ], [ -100.134108384044424, 29.344949778758377 ], [ -100.132885457928268, 29.344590147361995 ], [ -100.131988979745017, 29.344439821332969 ], [ -100.131317895621251, 29.344296601956827 ], [ -100.13070939912032, 29.344137055689533 ], [ -100.129926226111422, 29.343694700286839 ], [ -100.128985858403638, 29.343386788939704 ], [ -100.128427600354698, 29.343170401611182 ], [ -100.127944737156298, 29.343136128000435 ], [ -100.127417512221058, 29.343224065499179 ], [ -100.126595506630309, 29.343404738703601 ], [ -100.125923848321435, 29.343617981187222 ], [ -100.124984855804257, 29.343551446711057 ], [ -100.124898113915521, 29.344445646099686 ], [ -100.123228367130338, 29.345251651982597 ], [ -100.121946996268051, 29.346047602535958 ], [ -100.120547042010344, 29.346715932064367 ], [ -100.119360218711705, 29.347242572234791 ], [ -100.118450337348989, 29.347604432441315 ], [ -100.11794816156862, 29.347689866185458 ], [ -100.117641234208577, 29.347674387925494 ], [ -100.117440945873923, 29.347579046795541 ], [ -100.117416786314308, 29.34710543988399 ], [ -100.11743744554478, 29.346550234057847 ], [ -100.117364661898748, 29.345720549456754 ], [ -100.117002422763548, 29.345118911356078 ], [ -100.116808771951014, 29.344716665926949 ], [ -100.116346314905044, 29.344192578075766 ], [ -100.115826965974406, 29.343734393571328 ], [ -100.115489075500307, 29.343475496088587 ], [ -100.115126556258588, 29.343171677536315 ], [ -100.114650440269045, 29.343017720208 ], [ -100.114093413829437, 29.342674912372004 ], [ -100.113855942240406, 29.342444502604931 ], [ -100.113718292168059, 29.342217771682137 ], [ -100.113750481361933, 29.341921935687783 ], [ -100.113813806222922, 29.341707064531917 ], [ -100.114034156549778, 29.341310382881325 ], [ -100.114373930354049, 29.340914960346471 ], [ -100.114807375128436, 29.340579672365934 ], [ -100.115109057532777, 29.340322196528554 ], [ -100.115303787449946, 29.34008592082974 ], [ -100.115442414084768, 29.339899750058699 ], [ -100.115606201190019, 29.339629888363312 ], [ -100.115607008941069, 29.339438101497937 ], [ -100.115576130935537, 29.339233042081233 ], [ -100.114968057834147, 29.339077931819251 ], [ -100.114517159262519, 29.338962118418387 ], [ -100.114203983394759, 29.338813566105891 ], [ -100.114029130756919, 29.338569095997038 ], [ -100.113929617147861, 29.338267591189886 ], [ -100.113924411088064, 29.337847974314613 ], [ -100.114045372524629, 29.337309979393357 ], [ -100.114247241866778, 29.336694596441788 ], [ -100.114620265070812, 29.335599462034736 ], [ -100.114917087499848, 29.334719304776858 ], [ -100.115270200995553, 29.334102657710673 ], [ -100.115654227695472, 29.333488006955957 ], [ -100.116094238896991, 29.332960879906466 ], [ -100.11645286847893, 29.332526937787637 ], [ -100.116742377273027, 29.332159004862554 ], [ -100.117157312515701, 29.331812583879227 ], [ -100.117445941098993, 29.33157100541203 ], [ -100.117540590880253, 29.331367151938437 ], [ -100.117654790966995, 29.330860797776737 ], [ -100.118032651909871, 29.330273266949533 ], [ -100.118554808363328, 29.329519820442492 ], [ -100.119140633182624, 29.328585338423675 ], [ -100.119687994785991, 29.32787228749908 ], [ -100.120097451766711, 29.32708593745383 ], [ -100.120695227343433, 29.326216779039971 ], [ -100.121123652059296, 29.325518259658825 ], [ -100.121583165897945, 29.324661540480399 ], [ -100.121885986701542, 29.323896385548828 ], [ -100.12207505563353, 29.323529285561033 ], [ -100.122126279622407, 29.323093401172994 ], [ -100.12207762904238, 29.322647074549611 ], [ -100.12154058170016, 29.321828059769413 ], [ -100.121203480248852, 29.321253293638566 ], [ -100.120623018080067, 29.320229322595797 ], [ -100.120054934609115, 29.319365436676293 ], [ -100.119579910237434, 29.318830179925861 ], [ -100.119085845921518, 29.318466554726417 ], [ -100.118792097633843, 29.318058380773554 ], [ -100.118166511999476, 29.317731954204298 ], [ -100.117659559990955, 29.317395507595347 ], [ -100.11730322318428, 29.317030722303379 ], [ -100.116915630214422, 29.316661685005627 ], [ -100.116627879215855, 29.316330168276178 ], [ -100.11634668716907, 29.316039208545646 ], [ -100.11575853317477, 29.315543238943793 ], [ -100.11539619263948, 29.315216855258885 ], [ -100.11484561713273, 29.314743129953008 ], [ -100.114245036793164, 29.314405194750282 ], [ -100.11345632244327, 29.313958269004569 ], [ -100.112648581909241, 29.313714559800193 ], [ -100.111684167206306, 29.313354826306366 ], [ -100.111064105976439, 29.313177230872636 ], [ -100.110256021908242, 29.312989916746563 ], [ -100.108889595840196, 29.313035116321448 ], [ -100.107422074665848, 29.313164622574014 ], [ -100.106174694500766, 29.313328389035195 ], [ -100.105466144600342, 29.313359076132169 ], [ -100.104770434023877, 29.313297147299419 ], [ -100.10445089782003, 29.313236615910181 ], [ -100.104112925683054, 29.313047630164988 ], [ -100.103856564001887, 29.312817356169546 ], [ -100.103556421915954, 29.312585187869818 ], [ -100.102954757900036, 29.312560829005285 ], [ -100.102195939718897, 29.312614476514138 ], [ -100.101218468304864, 29.312502961494864 ], [ -100.100636193525787, 29.312336287363404 ], [ -100.099897036118563, 29.312152853127721 ], [ -100.099421278465115, 29.311926634484266 ], [ -100.098707638105765, 29.311661759261746 ], [ -100.098168870867383, 29.311440565907738 ], [ -100.097536800726402, 29.311220138528842 ], [ -100.096929683886799, 29.310805464696745 ], [ -100.096610498533096, 29.31059599820847 ], [ -100.096429519821527, 29.310462108902986 ], [ -100.09627924308387, 29.310280586361127 ], [ -100.09619234927068, 29.310098543262594 ], [ -100.096130022438729, 29.309866660668813 ], [ -100.095910918071752, 29.309778208828906 ], [ -100.095384420515828, 29.309800579406041 ], [ -100.094777001955606, 29.309627317277705 ], [ -100.094351214692239, 29.309468358177178 ], [ -100.093956833147459, 29.30923693881957 ], [ -100.093669089737588, 29.309108434047033 ], [ -100.093393525525144, 29.308975315207881 ], [ -100.09308053197806, 29.308953058491856 ], [ -100.092196883263313, 29.308824915143763 ], [ -100.091301053594975, 29.308640458294278 ], [ -100.090499198803116, 29.308457483560723 ], [ -100.089747537470657, 29.308274095472964 ], [ -100.089052326305065, 29.308103779097266 ], [ -100.088558014091021, 29.307974690959004 ], [ -100.087912923139925, 29.307736271999243 ], [ -100.087387020885814, 29.307510418024854 ], [ -100.086773382785921, 29.307294299947664 ], [ -100.086260235809704, 29.307117975464131 ], [ -100.085759162250866, 29.306957344074238 ], [ -100.085076050513038, 29.306895209075385 ], [ -100.084273601567446, 29.306958133762478 ], [ -100.083477561923047, 29.306896907536675 ], [ -100.08268146239709, 29.306921415188423 ], [ -100.081848149850586, 29.306925913788703 ], [ -100.0812152666944, 29.306836276797036 ], [ -100.080695659231097, 29.306687057057331 ], [ -100.080395296848351, 29.30654960025381 ], [ -100.080000572102605, 29.306403879776457 ], [ -100.079568193493699, 29.306287794625199 ], [ -100.079242977606057, 29.30611217895521 ], [ -100.079118281456559, 29.306034216763237 ], [ -100.078999452640645, 29.305841139072463 ], [ -100.078962460969706, 29.305658680772389 ], [ -100.079031989684381, 29.305416698720524 ], [ -100.079195771810404, 29.305203285816511 ], [ -100.079359108676201, 29.305039515409177 ], [ -100.079742067483352, 29.304862687173898 ], [ -100.079980769889076, 29.30473666140918 ], [ -100.080137550130104, 29.304622581020958 ], [ -100.080232130886699, 29.304468389629275 ], [ -100.08019533222415, 29.304182141722737 ], [ -100.079674573964041, 29.304319472617998 ], [ -100.079122661604998, 29.304554073447697 ], [ -100.078771316879156, 29.304708081817047 ], [ -100.078350813824997, 29.304833316874145 ], [ -100.077930704906393, 29.304904395795258 ], [ -100.077711470057181, 29.304831709073476 ], [ -100.077492310480366, 29.304704870897559 ], [ -100.077336218854569, 29.304609111313006 ], [ -100.077198683959551, 29.304472587809592 ], [ -100.077123455943067, 29.304355869766916 ], [ -100.076621631646617, 29.304581030066949 ], [ -100.07640137244141, 29.304840020593915 ], [ -100.076256922580228, 29.30493369143835 ], [ -100.076106528371824, 29.304982284625297 ], [ -100.075943663135419, 29.304976828810659 ], [ -100.075536403744067, 29.304831195877949 ], [ -100.075261104721292, 29.304781519367882 ], [ -100.075047932336929, 29.304765185602854 ], [ -100.074828652403227, 29.304687981924001 ], [ -100.074664829128182, 29.30486754531108 ], [ -100.074770854697803, 29.305160006026917 ], [ -100.075026720667168, 29.305473823081531 ], [ -100.074975909197562, 29.305783340650052 ], [ -100.074686489675258, 29.306106059591961 ], [ -100.074183711135589, 29.306579408375441 ], [ -100.073210231819957, 29.307149045939482 ], [ -100.072456596026512, 29.307604098563406 ], [ -100.071496709956193, 29.307936706804899 ], [ -100.07082514186034, 29.308179002271906 ], [ -100.070304396444897, 29.308413317268069 ], [ -100.069633239126404, 29.308572120890744 ], [ -100.068987048874547, 29.308780360437041 ], [ -100.068065000287007, 29.308947934100036 ], [ -100.066923398417387, 29.309198481841548 ], [ -100.066083050743956, 29.309302213401324 ], [ -100.065255559267783, 29.309342662648024 ], [ -100.064402952274918, 29.309412636797362 ], [ -100.06350009412607, 29.309415318744527 ], [ -100.06257314137946, 29.309359524377953 ], [ -100.061802205782769, 29.309268637052458 ], [ -100.061175580801518, 29.309223980740285 ], [ -100.060649516706022, 29.309133398347797 ], [ -100.060035077566596, 29.309115715158452 ], [ -100.059471440404138, 29.309032193458457 ], [ -100.058581391737761, 29.308903877600144 ], [ -100.057510339515972, 29.308758938093671 ], [ -100.056539952766869, 29.308452998346798 ], [ -100.055663651272866, 29.308065082787273 ], [ -100.055176103912572, 29.307651525809206 ], [ -100.054719049981458, 29.307386640434853 ], [ -100.054331871948676, 29.307001619556157 ], [ -100.053831862839004, 29.30665810103962 ], [ -100.05336262532947, 29.306271467947195 ], [ -100.053025289503267, 29.306007888924597 ], [ -100.052832109234856, 29.305682252345775 ], [ -100.052708478611677, 29.305141721206784 ], [ -100.052578804367627, 29.304608006951788 ], [ -100.052599538754038, 29.304057312428885 ], [ -100.052726099601557, 29.303535115846085 ], [ -100.052834233484745, 29.303067215130643 ], [ -100.052917724595346, 29.302518281360523 ], [ -100.05296960171674, 29.302055336615066 ], [ -100.053040019617171, 29.301549375709552 ], [ -100.053117005823765, 29.300993724770301 ], [ -100.053199863731265, 29.300602736528642 ], [ -100.053219469171111, 29.300349878462882 ], [ -100.053138582755096, 29.30008653208542 ], [ -100.052976898131149, 29.299787723413974 ], [ -100.052583074787094, 29.299472692958219 ], [ -100.052157616281747, 29.299241392359217 ], [ -100.051456591246051, 29.299025799110339 ], [ -100.050668149432852, 29.298693563205479 ], [ -100.049884801417534, 29.298575627595291 ], [ -100.049245558400443, 29.298485888693783 ], [ -100.048650143697714, 29.298560509487217 ], [ -100.048198215441431, 29.298791941351084 ], [ -100.047746216688864, 29.299048190796498 ], [ -100.047381768491917, 29.29933985383482 ], [ -100.047104870735325, 29.299635340865393 ], [ -100.046910328084337, 29.299740655120335 ], [ -100.046652887077627, 29.299767491564626 ], [ -100.046177023935414, 29.299671943757613 ], [ -100.045777246164661, 29.299275714444491 ], [ -100.045596787270981, 29.298995092524734 ], [ -100.045341416050817, 29.298498454593346 ], [ -100.045154479628479, 29.29811860617993 ], [ -100.044886451457614, 29.297705548244405 ], [ -100.04454284652995, 29.297390100501936 ], [ -100.044212043331569, 29.297004607473625 ], [ -100.043799460105376, 29.296644571293491 ], [ -100.043536674637267, 29.296524786576065 ], [ -100.043168006438748, 29.29627496263749 ], [ -100.042923676819129, 29.296103137358674 ], [ -100.042673950026042, 29.295811771163162 ], [ -100.042549478178216, 29.295657059674557 ], [ -100.042424479036796, 29.295513633022544 ], [ -100.042312253660469, 29.295392669422458 ], [ -100.042187068716501, 29.295325957727311 ], [ -100.041847689191798, 29.295551977343042 ], [ -100.041652820595829, 29.295815226570504 ], [ -100.041458001870581, 29.295925047637233 ], [ -100.041157465246457, 29.295857445358799 ], [ -100.040732206712093, 29.295641900560966 ], [ -100.040337880747586, 29.29539903798204 ], [ -100.039937625161798, 29.295205858693549 ], [ -100.039555725999264, 29.295109555084927 ], [ -100.039166758471666, 29.295236678446756 ], [ -100.038726602136748, 29.295614645007884 ], [ -100.038443484640581, 29.295901137711045 ], [ -100.038179201962961, 29.296268709782861 ], [ -100.037977282014182, 29.296662872135361 ], [ -100.037906962353148, 29.297026680373857 ], [ -100.037837229293984, 29.297225775595834 ], [ -100.036571623561827, 29.298954891180731 ], [ -100.036092991523162, 29.299635489282249 ], [ -100.035012602934401, 29.300338802325232 ], [ -100.034334732185641, 29.300662189136155 ], [ -100.033863387660688, 29.300918543245217 ], [ -100.03334244432385, 29.301202353806879 ], [ -100.032858183128766, 29.301614487670204 ], [ -100.032217462058156, 29.302081979032142 ], [ -100.031375467451198, 29.302756344872968 ], [ -100.030721582983134, 29.303260031491625 ], [ -100.030042904591085, 29.303698474454233 ], [ -100.029566277791503, 29.303911984372544 ], [ -100.028788361297345, 29.304048844660414 ], [ -100.028117953774426, 29.303997600176977 ], [ -100.027246664181959, 29.30399979303585 ], [ -100.026776819962436, 29.303895105866406 ], [ -100.026069423376043, 29.303683939475874 ], [ -100.025199194877828, 29.303437920017132 ], [ -100.024573431899611, 29.303217093666376 ], [ -100.023991411284712, 29.302962085134851 ], [ -100.023572000127075, 29.302719365452688 ], [ -100.022959647815284, 29.302261519740959 ], [ -100.022579091445209, 29.30175225792286 ], [ -100.022316808398841, 29.30148802362211 ], [ -100.021923120454616, 29.301145825928621 ], [ -100.021592634544788, 29.30068807203816 ], [ -100.021381464705371, 29.300127870991275 ], [ -100.021245682118405, 29.299609964379371 ], [ -100.021240564443687, 29.29928960989951 ], [ -100.021235804698378, 29.298811313309752 ], [ -100.021212811410223, 29.298376026272347 ], [ -100.021339938398711, 29.297765856049956 ], [ -100.021367110327944, 29.297230908408334 ], [ -100.021412865839821, 29.296720637248548 ], [ -100.021383310737178, 29.296143253182329 ], [ -100.021434858164241, 29.29572995888709 ], [ -100.021380204643364, 29.29537839611762 ], [ -100.021274415680281, 29.29515808823043 ], [ -100.021162402351095, 29.294926546946755 ], [ -100.020768745353109, 29.294584344796522 ], [ -100.019829899048986, 29.294255329392595 ], [ -100.019222749563482, 29.294023053512159 ], [ -100.018359153855229, 29.293657352578141 ], [ -100.018096645011809, 29.293496901661811 ], [ -100.017884467689953, 29.293220994952243 ], [ -100.017547758412178, 29.292747482552976 ], [ -100.017392518113581, 29.292405709188024 ], [ -100.017211808150748, 29.292025771944072 ], [ -100.017107535104415, 29.291437674211011 ], [ -100.017033673866592, 29.291061436728356 ], [ -100.016922809438839, 29.29055461446454 ], [ -100.016786412284006, 29.29023074711937 ], [ -100.016455552119297, 29.289761700752205 ], [ -100.016111961151296, 29.289468740421125 ], [ -100.015706435478265, 29.289061179480825 ], [ -100.015463375747998, 29.288686226160866 ], [ -100.015264549909517, 29.288229710566124 ], [ -100.015035497076084, 29.287513949303552 ], [ -100.014768313814415, 29.286845860059724 ], [ -100.014519093635968, 29.286432595039848 ], [ -100.014157847904443, 29.285848702378065 ], [ -100.014008117474376, 29.285671590707238 ], [ -100.013833446761353, 29.285379598570668 ], [ -100.013596945712763, 29.284950441570913 ], [ -100.013473042320726, 29.284554273853647 ], [ -100.013481134529158, 29.284102953449096 ], [ -100.013664851760595, 29.283519435073668 ], [ -100.013935726228837, 29.283194729016586 ], [ -100.014199761179398, 29.282991914606811 ], [ -100.014519678449759, 29.282845082269247 ], [ -100.014745923074472, 29.282692192398223 ], [ -100.015066036090317, 29.282500232439169 ], [ -100.015349404300252, 29.282170916055183 ], [ -100.015607361687358, 29.28190722557212 ], [ -100.015934164487817, 29.281611421709954 ], [ -100.016348088309272, 29.281472896557084 ], [ -100.016780860141395, 29.281386119852556 ], [ -100.017307662220091, 29.281244475743787 ], [ -100.01767180285978, 29.281081505715086 ], [ -100.017803881637064, 29.280938353223426 ], [ -100.017867638886131, 29.280685161835066 ], [ -100.017718061632834, 29.280458415560386 ], [ -100.01721280295051, 29.279819219427008 ], [ -100.016975581825662, 29.279577345982499 ], [ -100.016763589510433, 29.279251796358412 ], [ -100.016589977951782, 29.278806370932887 ], [ -100.016428676510117, 29.278304444617561 ], [ -100.016443143440497, 29.277848562744889 ], [ -100.016625604217168, 29.277628313831062 ], [ -100.017046422761993, 29.277343074046545 ], [ -100.017636228853689, 29.277101672031471 ], [ -100.018056271144843, 29.277030783114007 ], [ -100.018270164214272, 29.276866700633729 ], [ -100.018609540237463, 29.276543718961477 ], [ -100.0187603215048, 29.276373347348081 ], [ -100.018905765830851, 29.276054100358426 ], [ -100.0181156152032, 29.276267703272925 ], [ -100.017495459003641, 29.276204738266028 ], [ -100.016932130649138, 29.276098468703715 ], [ -100.016531091276491, 29.276009011407524 ], [ -100.016225398075207, 29.275672892517061 ], [ -100.016038351964312, 29.275396790313806 ], [ -100.01584483400859, 29.275181657792881 ], [ -100.015732341835317, 29.275060672617148 ], [ -100.01519951021848, 29.275175280319019 ], [ -100.014779584664936, 29.275257441393673 ], [ -100.014465854177786, 29.275311718114562 ], [ -100.01410246585273, 29.275321246096265 ], [ -100.013658108573338, 29.27520954579332 ], [ -100.012913666666293, 29.274872234218108 ], [ -100.012481545860709, 29.274794282330507 ], [ -100.012124678676429, 29.274681915043061 ], [ -100.011630118614221, 29.27466535413657 ], [ -100.01113420759161, 29.274772896636673 ], [ -100.010820919071207, 29.274872288733974 ], [ -100.010412736833004, 29.275069417087348 ], [ -100.009910610701112, 29.27533043201635 ], [ -100.009433481312101, 29.275582229856532 ], [ -100.009025826323366, 29.275637203403925 ], [ -100.008599871488471, 29.275662982464901 ], [ -100.008280669151546, 29.275586421473925 ], [ -100.008011256491372, 29.275502714600229 ], [ -100.007610869853053, 29.27541322659085 ], [ -100.007398224458626, 29.275214019336619 ], [ -100.007073437688035, 29.275026937926071 ], [ -100.0068981140695, 29.274926726019757 ], [ -100.006672778416572, 29.274876529418037 ], [ -100.006384195952791, 29.27500279955564 ], [ -100.006189165420381, 29.275123852016403 ], [ -100.005761776547502, 29.27552869116079 ], [ -100.005266465145155, 29.275600107780452 ], [ -100.004753010335264, 29.275427979022499 ], [ -100.003927042453071, 29.275237888159559 ], [ -100.003557963689076, 29.27506015727705 ], [ -100.002845080023732, 29.274657118466212 ], [ -100.002415199919298, 29.274082731575039 ], [ -100.002166494996573, 29.273516008542355 ], [ -100.002098785970105, 29.273202890020684 ], [ -100.002037596696553, 29.272799471367449 ], [ -100.002057433955997, 29.27255789813664 ], [ -100.00213351432491, 29.272311390489957 ], [ -100.002109279739855, 29.272036302528569 ], [ -100.001828197427457, 29.271875957072588 ], [ -100.001252298211668, 29.271762945382214 ], [ -100.001039738553928, 29.271570495271366 ], [ -100.000709283498509, 29.271162323168351 ], [ -100.00049896900488, 29.270473469437835 ], [ -100.000431304791604, 29.2701310180293 ], [ -100.000363124450601, 29.26996681836788 ], [ -100.000075718629276, 29.26968467443028 ], [ -99.999736291261257, 29.270138475159307 ], [ -99.99945317427121, 29.270429400705428 ], [ -99.999251487716023, 29.270791917541779 ], [ -99.998912221231706, 29.271031366099926 ], [ -99.998692372516615, 29.27111423536013 ], [ -99.998334369490181, 29.27127936483857 ], [ -99.998032152084065, 29.271624580426863 ], [ -99.997761832069244, 29.271942482621483 ], [ -99.99737212768818, 29.272189072295983 ], [ -99.997208707421478, 29.272352746330984 ], [ -99.997119821153916, 29.272739237019582 ], [ -99.997024947566658, 29.273105466102209 ], [ -99.996986491313848, 29.273484813211404 ], [ -99.996841066629585, 29.274011616763094 ], [ -99.996651598840387, 29.274441727903401 ], [ -99.996199153018466, 29.27475421581947 ], [ -99.995671761807543, 29.27483486132645 ], [ -99.994818034063115, 29.274931471508001 ], [ -99.99405862669245, 29.275002556922892 ], [ -99.993367783318831, 29.275145329111698 ], [ -99.992526702751505, 29.275253112838936 ], [ -99.99158499461376, 29.275399995988497 ], [ -99.990404923615046, 29.275546382671369 ], [ -99.989312162081049, 29.275841029181759 ], [ -99.987905568558574, 29.276081579176005 ], [ -99.986643658466477, 29.276248845299449 ], [ -99.985275570117295, 29.276313092135922 ], [ -99.984302313498418, 29.276392467457462 ], [ -99.983975807597233, 29.276525737396817 ], [ -99.983679940142096, 29.276902464089073 ], [ -99.983365117378298, 29.277315429505364 ], [ -99.983012621582958, 29.277825692292595 ], [ -99.982026373637396, 29.278263899074858 ], [ -99.98134797191409, 29.278433595149803 ], [ -99.980820672053866, 29.278426184942852 ], [ -99.98014330495306, 29.278266445377309 ], [ -99.979597754110046, 29.278132811735507 ], [ -99.978882522588592, 29.278050056870324 ], [ -99.978561859879903, 29.278257731098456 ], [ -99.978134152794411, 29.278608334399081 ], [ -99.977801007368839, 29.278822865411421 ], [ -99.977066324717683, 29.279029051657563 ], [ -99.976539278896524, 29.278913320738713 ], [ -99.976294263710983, 29.278957980756982 ], [ -99.975842314720083, 29.279060560387574 ], [ -99.975020007937914, 29.279152303874497 ], [ -99.974341846681597, 29.279179814332053 ], [ -99.973469491143817, 29.279150072169223 ], [ -99.97233411292666, 29.278962040775948 ], [ -99.971336555554586, 29.278788791404562 ], [ -99.97020077154427, 29.278693254326079 ], [ -99.969240822311974, 29.278686683679013 ], [ -99.968154583095441, 29.278762248799818 ], [ -99.967576734709269, 29.279057498189069 ], [ -99.967004493745449, 29.279436190098998 ], [ -99.96668972269255, 29.279862654795433 ], [ -99.966141693049906, 29.280593151348171 ], [ -99.965694932615989, 29.281146922026913 ], [ -99.965153422465093, 29.281751013617392 ], [ -99.964437138788384, 29.282105915189408 ], [ -99.963746096644414, 29.28240873496539 ], [ -99.963218077620596, 29.282669763359436 ], [ -99.962583435125637, 29.282915763158879 ], [ -99.962049732936762, 29.28298278328765 ], [ -99.961447243843097, 29.282987120562058 ], [ -99.96041168187655, 29.282983288131334 ], [ -99.959282063541366, 29.282966585146422 ], [ -99.958741905048271, 29.283031382717478 ], [ -99.957881158160234, 29.283387286211177 ], [ -99.957001796987456, 29.283713984816213 ], [ -99.956222819847312, 29.283904579936454 ], [ -99.955551673890469, 29.283825898793655 ], [ -99.954371804086776, 29.283698953464942 ], [ -99.95324878241837, 29.283492621338688 ], [ -99.951793791476646, 29.283044963466828 ], [ -99.950664962460593, 29.282696502965457 ], [ -99.949517636158376, 29.282260167020063 ], [ -99.948062791372195, 29.281789903604807 ], [ -99.946746194505309, 29.28130961919636 ], [ -99.945165967501481, 29.280774778141613 ], [ -99.943937480566689, 29.280183281607414 ], [ -99.942407265852196, 29.279731538682597 ], [ -99.940776371538888, 29.279314331285285 ], [ -99.940004690321459, 29.279247560234793 ], [ -99.939377129830348, 29.279251974013004 ], [ -99.938598326646911, 29.279426671504485 ], [ -99.937367485419301, 29.279699302535537 ], [ -99.936500562614768, 29.279982909916011 ], [ -99.935332269698904, 29.280343080185887 ], [ -99.933931512137917, 29.280752249067856 ], [ -99.932593201268404, 29.281237681581015 ], [ -99.931047579924964, 29.28185090024796 ], [ -99.929960806904361, 29.282194662186367 ], [ -99.928509355496914, 29.282730481049065 ], [ -99.926624499020846, 29.283330212671768 ], [ -99.925236348504058, 29.283718896314181 ], [ -99.924212051752377, 29.28418176429032 ], [ -99.922842206840031, 29.284712445033239 ], [ -99.921051708980713, 29.285259550782509 ], [ -99.919946185406573, 29.285565004311501 ], [ -99.918186942594033, 29.286193084810428 ], [ -99.917093884404366, 29.286491659700186 ], [ -99.915988735589522, 29.286589495481739 ], [ -99.914801995001923, 29.286773620452365 ], [ -99.913772455917325, 29.286837074562147 ], [ -99.912573690301585, 29.286791118237787 ], [ -99.911368937333435, 29.286650424717465 ], [ -99.910038873853608, 29.286454166171321 ], [ -99.908558387634116, 29.28623635406796 ], [ -99.906983736830909, 29.285992088754906 ], [ -99.905916979121912, 29.285884254462804 ], [ -99.904925305146051, 29.28590000103047 ], [ -99.903908462532868, 29.285870783773799 ], [ -99.902445822099708, 29.285887440888967 ], [ -99.901265608401459, 29.285974380912776 ], [ -99.898628706278799, 29.28628095521583 ], [ -99.897699499971125, 29.286377456222247 ], [ -99.896474961778836, 29.286473676087287 ], [ -99.895005807424923, 29.286630188717059 ], [ -99.893637226128391, 29.286736374156909 ], [ -99.892344038661037, 29.286745018729704 ], [ -99.891352330556288, 29.286758407962409 ], [ -99.889739693153189, 29.286656341320139 ], [ -99.887599401060896, 29.286584838221575 ], [ -99.886858395076246, 29.286720627572283 ], [ -99.886387569370598, 29.286775648944825 ], [ -99.885810166599626, 29.286745633176661 ], [ -99.885282703182369, 29.286798769284154 ], [ -99.88414616109111, 29.286916856604535 ], [ -99.882759331778374, 29.286810955146503 ], [ -99.881736052410474, 29.286894428905757 ], [ -99.880210989841103, 29.286875153237734 ], [ -99.878855112417796, 29.286926951447889 ], [ -99.877586834453737, 29.287027798914483 ], [ -99.876111851194452, 29.286958508991944 ], [ -99.875057464517198, 29.286978957963612 ], [ -99.874478921493861, 29.287192586160671 ], [ -99.873862968978287, 29.287131182205609 ], [ -99.872456546085573, 29.286914741352522 ], [ -99.87096164213429, 29.286847780337869 ], [ -99.869611104556654, 29.28680919598489 ], [ -99.867770856437048, 29.286724139100588 ], [ -99.865786228265492, 29.286646763427591 ], [ -99.864485954530352, 29.286655184188849 ], [ -99.863104387369944, 29.286598682782554 ], [ -99.86123231707883, 29.286631072724397 ], [ -99.859863257431911, 29.286646660391551 ], [ -99.858405958892092, 29.28665151988362 ], [ -99.856728918663975, 29.286808947973263 ], [ -99.854863408264535, 29.286818643113957 ], [ -99.853349164181594, 29.286862169295578 ], [ -99.851665860398441, 29.287080496127757 ], [ -99.850152071075698, 29.287063062233734 ], [ -99.848826638715138, 29.287220410186009 ], [ -99.84748219546529, 29.287296635669481 ], [ -99.845635989981616, 29.287073675466331 ], [ -99.844919752195679, 29.287177487168265 ], [ -99.843996085808612, 29.287447319190967 ], [ -99.842224756767123, 29.287566802646118 ], [ -99.840069971591433, 29.287729290233717 ], [ -99.838342793400159, 29.28770178313545 ], [ -99.836960558116687, 29.287958648751619 ], [ -99.835521798025439, 29.288188778563484 ], [ -99.83508209158795, 29.288198296534471 ], [ -99.83476196867089, 29.288037839480104 ], [ -99.834712247556183, 29.287778670602084 ], [ -99.83490748693535, 29.287378075469547 ], [ -99.834995700878636, 29.287030045913529 ], [ -99.83535495059742, 29.28622679402012 ], [ -99.835468827088505, 29.285632661014098 ], [ -99.835212366428678, 29.285031818259526 ], [ -99.834729089457284, 29.284547466105085 ], [ -99.834390197942184, 29.28449091776659 ], [ -99.833321658658747, 29.285025574505088 ], [ -99.832573900455358, 29.285447661747693 ], [ -99.83064339093518, 29.286646522779318 ], [ -99.829480577098096, 29.287344192186037 ], [ -99.828134913507427, 29.288268621405393 ], [ -99.826852969007916, 29.288879009228577 ], [ -99.825501749374666, 29.289437917289614 ], [ -99.82433892309858, 29.289821908917865 ], [ -99.823283080159229, 29.290268410500008 ], [ -99.822314953260644, 29.29058123791744 ], [ -99.82107739057524, 29.290916022679955 ], [ -99.819091966106981, 29.291149335592625 ], [ -99.817395695742405, 29.291374080306547 ], [ -99.815655197498884, 29.291581022733794 ], [ -99.815473569365835, 29.291315880749526 ], [ -99.815147952254165, 29.290704139514276 ], [ -99.814753135295334, 29.290047691009516 ], [ -99.814458679932613, 29.289591446389078 ], [ -99.81423374937512, 29.289017445137219 ], [ -99.813908039730222, 29.288351548267748 ], [ -99.814135351512277, 29.287603307884687 ], [ -99.814475982903119, 29.286743814889309 ], [ -99.814791302358671, 29.285776169806699 ], [ -99.815037705791951, 29.285043606471412 ], [ -99.815008766589116, 29.28354555920961 ], [ -99.81487832841195, 29.282675399600556 ], [ -99.814332748823162, 29.281947665505534 ], [ -99.813906788294105, 29.281253045277783 ], [ -99.813229602694889, 29.280641182178179 ], [ -99.812658668133409, 29.280161794421684 ], [ -99.812363909158819, 29.279906362088692 ], [ -99.812245271014405, 29.279467092045433 ], [ -99.811988169020964, 29.279213685670584 ], [ -99.81173099618421, 29.278991868373527 ], [ -99.81138645930173, 29.278583303050457 ], [ -99.811129563861726, 29.278111026409274 ], [ -99.811136418488104, 29.277675507193884 ], [ -99.811062018589851, 29.27717504588329 ], [ -99.81062328170249, 29.27664971887414 ], [ -99.809750725254133, 29.276384246290871 ], [ -99.809210334861319, 29.276306290705136 ], [ -99.808959328996906, 29.276334887040015 ], [ -99.808186566302581, 29.276404997471353 ], [ -99.807803113799636, 29.276608132668336 ], [ -99.807444735606495, 29.27676824479062 ], [ -99.806985854337995, 29.277197470583545 ], [ -99.806262514625971, 29.277745621018376 ], [ -99.805671892956099, 29.278031229492743 ], [ -99.805005640486513, 29.278312778333639 ], [ -99.804490404524245, 29.278449006917832 ], [ -99.803767313903066, 29.278949759316149 ], [ -99.803351966947744, 29.279477990095085 ], [ -99.802904993303144, 29.280076357757473 ], [ -99.802502592087336, 29.280451074875117 ], [ -99.801640555618746, 29.28120536286146 ], [ -99.801212486996434, 29.281837457658114 ], [ -99.800941549946216, 29.282364814935342 ], [ -99.800764361490721, 29.28290966075582 ], [ -99.800744490278902, 29.283620534953329 ], [ -99.800724649012096, 29.284376536308883 ], [ -99.800761366486483, 29.284877229313025 ], [ -99.800974030306151, 29.285250510742014 ], [ -99.8012492032952, 29.285842284197464 ], [ -99.801738098981048, 29.286529797819078 ], [ -99.802283483617146, 29.287158305824882 ], [ -99.802816495312001, 29.287725963270994 ], [ -99.803474761236785, 29.288306403365748 ], [ -99.804259198375064, 29.288852235557197 ], [ -99.804992984786296, 29.289502159970475 ], [ -99.805545051910528, 29.289911746594122 ], [ -99.806115481244632, 29.290815362649468 ], [ -99.806303191711436, 29.291161709031382 ], [ -99.806516071764506, 29.291476314014414 ], [ -99.806967586850149, 29.291861682062347 ], [ -99.807381388651748, 29.292319479020652 ], [ -99.808008840852011, 29.292942952252449 ], [ -99.808542206459379, 29.293384228116437 ], [ -99.809244507707447, 29.293991448183604 ], [ -99.809482294908989, 29.294443534862872 ], [ -99.809400078816722, 29.294911099997545 ], [ -99.809210675011528, 29.295372544827611 ], [ -99.808920902904845, 29.2959993113057 ], [ -99.808448213519554, 29.29689117849669 ], [ -99.807704900269755, 29.298229182856556 ], [ -99.807088067575037, 29.29887823075736 ], [ -99.806050082519704, 29.299940474238745 ], [ -99.8052255725365, 29.300737429997746 ], [ -99.804099437621772, 29.301682860252953 ], [ -99.802834989407046, 29.302595266684246 ], [ -99.801671678571338, 29.303441620240086 ], [ -99.799885370626427, 29.304695585518971 ], [ -99.798784531421646, 29.305471593363901 ], [ -99.797677392482782, 29.306184451695987 ], [ -99.796935085624639, 29.306849996831641 ], [ -99.79577199842106, 29.30748871287113 ], [ -99.7946268272905, 29.308323616572871 ], [ -99.793683535353637, 29.308927161602078 ], [ -99.792595067091568, 29.309775248082321 ], [ -99.79108561695837, 29.310698025532052 ], [ -99.789959722337471, 29.311413187639264 ], [ -99.788601095211419, 29.312204175800066 ], [ -99.787381616193656, 29.312637824132253 ], [ -99.786356509058464, 29.313241801703537 ], [ -99.785419288461171, 29.313852021860207 ], [ -99.784243097685462, 29.314522306112078 ], [ -99.783186388605955, 29.315164801731051 ], [ -99.781991158334534, 29.315916407231686 ], [ -99.780745085334885, 29.316839780942548 ], [ -99.779203810857368, 29.318049169714847 ], [ -99.778083684385635, 29.318825120585153 ], [ -99.777165403122709, 29.319484814386755 ], [ -99.775970258043728, 29.320132572209392 ], [ -99.773598354574233, 29.321610716973055 ], [ -99.772290325266113, 29.322274891524533 ], [ -99.77099450685958, 29.322938982877712 ], [ -99.769661104645508, 29.323657431293523 ], [ -99.768390659706483, 29.324190482109138 ], [ -99.767422547361562, 29.324399123287751 ], [ -99.766384980545666, 29.324788665615184 ], [ -99.764982955248698, 29.325159982447911 ], [ -99.764052148237383, 29.325539869448885 ], [ -99.763272385768914, 29.325934681547995 ], [ -99.76276875699034, 29.326373037619479 ], [ -99.762095858484898, 29.326598005246087 ], [ -99.761096419526609, 29.326883496255736 ], [ -99.760323200064931, 29.326991695901704 ], [ -99.758708433106577, 29.326978320676275 ], [ -99.757947800214012, 29.327048076205724 ], [ -99.757042256681288, 29.327411977288133 ], [ -99.756488736848809, 29.327636239701079 ], [ -99.755664960634093, 29.32800417964226 ], [ -99.754903613827366, 29.328371762643659 ], [ -99.754413017688407, 29.328663350522749 ], [ -99.753846777112145, 29.328910237677924 ], [ -99.753129676065285, 29.329388122249902 ], [ -99.75275767586119, 29.329877595316308 ], [ -99.75248032248281, 29.330283047546388 ], [ -99.751951137744655, 29.330888478707379 ], [ -99.751748353158291, 29.331631964553544 ], [ -99.751728646140478, 29.332060784374448 ], [ -99.751733419877638, 29.332667718775163 ], [ -99.751939425191068, 29.333415670070544 ], [ -99.752120098323786, 29.334220173466704 ], [ -99.752465137720904, 29.33422048543029 ], [ -99.752760701318522, 29.334189485266698 ], [ -99.752917763213887, 29.334188599265001 ], [ -99.753571517848215, 29.334108192902988 ], [ -99.754149789093375, 29.334136515534354 ], [ -99.754589587902856, 29.334242335151345 ], [ -99.755135635325715, 29.334440062603537 ], [ -99.755512114922297, 29.334688387912315 ], [ -99.75575611910304, 29.335129252949727 ], [ -99.755862407561452, 29.335444541070842 ], [ -99.755955943646214, 29.335863694153666 ], [ -99.756256950331789, 29.336089881070858 ], [ -99.756690742174357, 29.336078396631436 ], [ -99.756942193279414, 29.335957383830344 ], [ -99.757187842575249, 29.335748405807607 ], [ -99.757590592693546, 29.335369307587793 ], [ -99.758050041519382, 29.335084653471721 ], [ -99.758716843682151, 29.334810101517586 ], [ -99.759339610996278, 29.334413953090884 ], [ -99.760037311458959, 29.334227216460757 ], [ -99.760753759358735, 29.334268260465624 ], [ -99.761444392502739, 29.334517034645074 ], [ -99.761789797244546, 29.334826440603365 ], [ -99.761700957860697, 29.335172170889066 ], [ -99.761575037403375, 29.335292476272635 ], [ -99.761354670328714, 29.335523882843422 ], [ -99.761064697379055, 29.335744403622375 ], [ -99.760851231136925, 29.335865207570485 ], [ -99.760536132783315, 29.336300224505148 ], [ -99.760409946980801, 29.336515297622597 ], [ -99.76022725297193, 29.336705871952557 ], [ -99.760119934120183, 29.336947913686984 ], [ -99.759999378551086, 29.337444999296455 ], [ -99.759897854736167, 29.338034486743037 ], [ -99.759915555099795, 29.338424736334346 ], [ -99.759983798080995, 29.338902695660007 ], [ -99.760063913449144, 29.339592684287432 ], [ -99.760371288943915, 29.339850414358427 ], [ -99.760697817498496, 29.339999729075526 ], [ -99.761300461747751, 29.340314438819476 ], [ -99.761928734369448, 29.340482336456891 ], [ -99.762575316944663, 29.340731354345923 ], [ -99.763573920483111, 29.341050558710393 ], [ -99.764277092464638, 29.341290220119937 ], [ -99.764773152332268, 29.341510757141727 ], [ -99.765037129279037, 29.341687495888117 ], [ -99.765557474534717, 29.342228292808748 ], [ -99.765286780260581, 29.342660809997309 ], [ -99.759427375298117, 29.346254817341883 ], [ -99.749975791220891, 29.3517551254625 ], [ -99.74972272885924, 29.352453762003268 ], [ -99.749520696319294, 29.352779812210429 ], [ -99.749180019705719, 29.353296175195599 ], [ -99.748687825122801, 29.353960050695971 ], [ -99.748100583633928, 29.354922296015918 ], [ -99.74759513888803, 29.355845722794232 ], [ -99.746951331698142, 29.356912072667047 ], [ -99.746584275523958, 29.357611341411083 ], [ -99.745758386799054, 29.358611014857448 ], [ -99.744750185889927, 29.359688416397145 ], [ -99.743962667616415, 29.360435151003038 ], [ -99.743081210192457, 29.361148560739974 ], [ -99.742099574419001, 29.361767753812842 ], [ -99.741318954124338, 29.362315877206267 ], [ -99.740538703851925, 29.362782763866782 ], [ -99.739859209464484, 29.363203961087596 ], [ -99.739015745553317, 29.363835903357085 ], [ -99.738284449919604, 29.364620652035992 ], [ -99.73757197824861, 29.365427857425079 ], [ -99.736853091369369, 29.366284733256254 ], [ -99.7360846694054, 29.367015522459205 ], [ -99.735321271259721, 29.367998991977732 ], [ -99.73461584006084, 29.368537635415407 ], [ -99.733787184195251, 29.368551222958665 ], [ -99.733140463861531, 29.368432936355884 ], [ -99.732124714339889, 29.368172267054781 ], [ -99.730988109158375, 29.368119836547596 ], [ -99.730360470095178, 29.368102968661358 ], [ -99.729714206154981, 29.367912459264559 ], [ -99.729293973104816, 29.367813222275604 ], [ -99.728647664521247, 29.367706193896442 ], [ -99.727812691295441, 29.367600190948373 ], [ -99.726965566494513, 29.367460405299941 ], [ -99.725515956503727, 29.367262970810469 ], [ -99.724317701162605, 29.367050617403276 ], [ -99.723188025406245, 29.366883007410905 ], [ -99.722084661380748, 29.366428689971102 ], [ -99.720648426603105, 29.365978416943676 ], [ -99.719482467394258, 29.365501851050954 ], [ -99.717927327169988, 29.36494162840841 ], [ -99.71663575917502, 29.364409304764195 ], [ -99.71545748580958, 29.363962102661215 ], [ -99.71432843376239, 29.363600367182357 ], [ -99.712810419354739, 29.363231675898998 ], [ -99.711425191616186, 29.362650161497385 ], [ -99.710109110833187, 29.362009598753286 ], [ -99.708567238406644, 29.361304788312395 ], [ -99.707866245167281, 29.360823391430575 ], [ -99.706851846246906, 29.36003904370822 ], [ -99.705956820539114, 29.359382668830083 ], [ -99.705055660920479, 29.358581913560677 ], [ -99.7038722475816, 29.357791665950238 ], [ -99.703152179731902, 29.357244909938018 ], [ -99.702225228957886, 29.356667651109944 ], [ -99.701047885845128, 29.355911190770161 ], [ -99.69972069254203, 29.354988535339512 ], [ -99.698681565890908, 29.354242612065878 ], [ -99.69748555711638, 29.35338468084548 ], [ -99.696057732328256, 29.35256630726429 ], [ -99.694798103118558, 29.351956884594589 ], [ -99.693701322182491, 29.35152936906384 ], [ -99.692572572623178, 29.351180982965364 ], [ -99.691337976106126, 29.350697754264804 ], [ -99.69019618595965, 29.350561514933545 ], [ -99.68914236550431, 29.350293941464766 ], [ -99.687699750440558, 29.350037389790742 ], [ -99.686362608037783, 29.349906637084636 ], [ -99.685313960054543, 29.350024845682608 ], [ -99.682933981839469, 29.350111511034758 ], [ -99.681904765863734, 29.350103237300289 ], [ -99.680912577204666, 29.350144407018195 ], [ -99.679287284984639, 29.350055667341 ], [ -99.677823923561888, 29.350162390968563 ], [ -99.676580841799279, 29.350137111512488 ], [ -99.674660153604052, 29.350115248800662 ], [ -99.673128167472271, 29.350116218603727 ], [ -99.671264129982546, 29.350044380717094 ], [ -99.669555978253555, 29.350131937131572 ], [ -99.667646883320387, 29.350258836557579 ], [ -99.665831955550232, 29.350461955831143 ], [ -99.664273316567233, 29.350821720362287 ], [ -99.662588960292695, 29.351256551326774 ], [ -99.661583208867242, 29.351543590174849 ], [ -99.660244743233619, 29.351805191906013 ], [ -99.658485130000457, 29.352206498585495 ], [ -99.65800687002411, 29.352475111833083 ], [ -99.657100709176277, 29.35298500622838 ], [ -99.656514644246087, 29.353461731409325 ], [ -99.656035343887709, 29.353971775406823 ], [ -99.655498725468561, 29.354631019598322 ], [ -99.654860069218955, 29.355746551169648 ], [ -99.654303412377985, 29.356597681042885 ], [ -99.654005136128831, 29.357327954236361 ], [ -99.653605618317471, 29.35823697661943 ], [ -99.653218779160156, 29.3591662425404 ], [ -99.652913716045717, 29.359995827301521 ], [ -99.652676960593837, 29.3609356381262 ], [ -99.65231488124158, 29.361964062125239 ], [ -99.652108470726233, 29.363120336128208 ], [ -99.65174637831943, 29.3655138645973 ], [ -99.651502964311035, 29.366625191550984 ], [ -99.65129693010698, 29.367792744343053 ], [ -99.651110262677889, 29.368766153318116 ], [ -99.650929869156258, 29.369865888640813 ], [ -99.650730758532376, 29.370807768266612 ], [ -99.650386366984279, 29.372043685600524 ], [ -99.650167609189424, 29.373188734207272 ], [ -99.649874668523637, 29.374162659009937 ], [ -99.649645001351544, 29.374960278399751 ], [ -99.644841152429123, 29.386398585143958 ], [ -99.638980121999865, 29.399215911934824 ], [ -99.632800705290975, 29.409383255348192 ], [ -99.625023708763337, 29.416256751565751 ], [ -99.624473966180233, 29.416593271268098 ], [ -99.623970935862289, 29.416983722859566 ], [ -99.623330062171789, 29.417379330320866 ], [ -99.622450295910227, 29.417902407889244 ], [ -99.62135692675902, 29.41852801225134 ], [ -99.620118794144233, 29.419188127801593 ], [ -99.618705138785288, 29.419858071551197 ], [ -99.61761783247492, 29.420481361534474 ], [ -99.616178786188328, 29.42111303867145 ], [ -99.615135778566511, 29.421661642804317 ], [ -99.61382221109335, 29.422486763159387 ], [ -99.612357936787916, 29.423217795943085 ], [ -99.611496471425866, 29.423909944927338 ], [ -99.610434106891617, 29.424839926451039 ], [ -99.608617632280257, 29.42594483275095 ], [ -99.607687179211851, 29.426691425410507 ], [ -99.606435901182124, 29.427610955763264 ], [ -99.605040394881485, 29.428605590540453 ], [ -99.603870651227567, 29.429700723549626 ], [ -99.602437461628256, 29.430760936295354 ], [ -99.601519334970718, 29.431536762679475 ], [ -99.600306074312087, 29.432311657597037 ], [ -99.598853935834541, 29.433229766688541 ], [ -99.597225816184306, 29.434085470963861 ], [ -99.595792736967724, 29.434910950831391 ], [ -99.594629889624699, 29.435394497584923 ], [ -99.593661726722885, 29.43594936924562 ], [ -99.592197678115227, 29.436389109835325 ], [ -99.590871629631266, 29.437015500454851 ], [ -99.589187307486981, 29.437645720539258 ], [ -99.587528132362579, 29.438282577041385 ], [ -99.586252109840615, 29.43887711205247 ], [ -99.584435655114959, 29.43951236680909 ], [ -99.583222889311969, 29.439962187531613 ], [ -99.581337511458216, 29.440496165960074 ], [ -99.57956503048807, 29.441225929167203 ], [ -99.577145662431676, 29.441750889198257 ], [ -99.57589532890043, 29.442063168233915 ], [ -99.57480809505104, 29.44227319540601 ], [ -99.573281560520343, 29.442403876361691 ], [ -99.571823891598058, 29.442577115814515 ], [ -99.570598618881817, 29.442823803433434 ], [ -99.569367219255454, 29.443070506020604 ], [ -99.567921901971133, 29.443266212640054 ], [ -99.566715605906211, 29.443451862196195 ], [ -99.566212720446742, 29.443699945828193 ], [ -99.565709174908619, 29.444178179400748 ], [ -99.565299938011719, 29.444755292353683 ], [ -99.564846049532264, 29.445707149234803 ], [ -99.564536856829363, 29.4464891636188 ], [ -99.564277808291664, 29.447424398132274 ], [ -99.563892878264383, 29.448380472041851 ], [ -99.56364647204947, 29.449272781108476 ], [ -99.563224439938551, 29.449931169957857 ], [ -99.562746647641518, 29.450179134465209 ], [ -99.562495234903409, 29.450107992991693 ], [ -99.5622882771072, 29.449975741804447 ], [ -99.562119053363375, 29.44973276810034 ], [ -99.562050452732649, 29.44944649890169 ], [ -99.56198193818561, 29.449176024487979 ], [ -99.561768818708757, 29.44880236707187 ], [ -99.561329676502751, 29.448461251643433 ], [ -99.560400848425331, 29.448020659344579 ], [ -99.559590876655776, 29.447863864143574 ], [ -99.558660988793008, 29.44787453776048 ], [ -99.557498768776398, 29.447883922140203 ], [ -99.556091723107883, 29.447905601631152 ], [ -99.554860205457771, 29.448030326954747 ], [ -99.554301708458155, 29.44766035195051 ], [ -99.553900180421934, 29.447357414056206 ], [ -99.553480606772169, 29.44675670831128 ], [ -99.552778453423883, 29.445859332947919 ], [ -99.552269337992016, 29.446096108803935 ], [ -99.551533758522638, 29.446403766927954 ], [ -99.55099926226822, 29.446715102931083 ], [ -99.550068546194936, 29.447287557052473 ], [ -99.548980685921975, 29.447880959560905 ], [ -99.548376841681161, 29.44824221131395 ], [ -99.5476473909969, 29.448676179947064 ], [ -99.546956553376305, 29.448620354030979 ], [ -99.546447688236015, 29.448547983717084 ], [ -99.545631504733748, 29.448431743721166 ], [ -99.544865438507472, 29.448166372717473 ], [ -99.54430642704034, 29.448055840391365 ], [ -99.543352156907204, 29.447845382953023 ], [ -99.54219029798216, 29.447680891713606 ], [ -99.541141447334013, 29.447497880009497 ], [ -99.540074113371674, 29.447231449564132 ], [ -99.539333059209397, 29.447121634552403 ], [ -99.538228057561156, 29.446859853380513 ], [ -99.536984698232871, 29.446634724297652 ], [ -99.535157837499497, 29.446109575247444 ], [ -99.533769918274317, 29.445842125123207 ], [ -99.533022596867397, 29.445824812117198 ], [ -99.531709992516213, 29.445663088201705 ], [ -99.530234217198085, 29.445414002930661 ], [ -99.529022680703491, 29.445105186882646 ], [ -99.528531991173409, 29.445301183195607 ], [ -99.528242769681555, 29.445451252114417 ], [ -99.527387707762927, 29.4457840722065 ], [ -99.526714937457015, 29.44616355042503 ], [ -99.525558186078726, 29.44666903694046 ], [ -99.524703081766219, 29.446997327294977 ], [ -99.523464683025409, 29.447419630761445 ], [ -99.522628437446542, 29.447720758308183 ], [ -99.521785697625702, 29.448139236755217 ], [ -99.520691962711837, 29.448500025825084 ], [ -99.519522553800499, 29.448998739967188 ], [ -99.518585573840213, 29.449455925054643 ], [ -99.517730446052425, 29.44978868372603 ], [ -99.517724699782832, 29.449481839311012 ], [ -99.517744246050583, 29.449206484703598 ], [ -99.517990451545131, 29.448639176896968 ], [ -99.518161681630687, 29.447902932333641 ], [ -99.51830066020753, 29.44747819265989 ], [ -99.518585124814322, 29.446642225775356 ], [ -99.518945133375539, 29.445835296195369 ], [ -99.51916667666859, 29.445046956623756 ], [ -99.519527103016429, 29.443881260526972 ], [ -99.519566705276304, 29.44311619372095 ], [ -99.519624984790696, 29.442285619385611 ], [ -99.519771454118597, 29.441373470885381 ], [ -99.519710092511673, 29.440586233981413 ], [ -99.519756311582782, 29.439539094586003 ], [ -99.519620305680306, 29.438582920426029 ], [ -99.519414905990345, 29.437728553415841 ], [ -99.519196701187099, 29.436953209965566 ], [ -99.519022279956104, 29.436297283288891 ], [ -99.518804011431385, 29.435571579727089 ], [ -99.518604399029243, 29.43483903330953 ], [ -99.518329603742885, 29.434210572919646 ], [ -99.518054999911442, 29.433428676795554 ], [ -99.517881140705384, 29.432499723663131 ], [ -99.51751866285133, 29.431668528459127 ], [ -99.517457289992436, 29.430874520634902 ], [ -99.517340029087791, 29.429922782569879 ], [ -99.517718113468021, 29.429449728843519 ], [ -99.517480030458046, 29.429195682707384 ], [ -99.51726086781953, 29.428860333816985 ], [ -99.517236392409089, 29.42860771329201 ], [ -99.517118141404751, 29.428095973851875 ], [ -99.516723200144824, 29.427720690127448 ], [ -99.51638409951282, 29.427620468249753 ], [ -99.51603227780447, 29.427680497866092 ], [ -99.515679927192551, 29.427954885033603 ], [ -99.515566141433922, 29.428325372230244 ], [ -99.51553401975184, 29.428727132709199 ], [ -99.515639750511284, 29.429121590971281 ], [ -99.515739263405038, 29.429624378698904 ], [ -99.51585082574482, 29.430343732962665 ], [ -99.515893276906738, 29.430966329464542 ], [ -99.515879116169359, 29.43167037633 ], [ -99.515971470222141, 29.432540982055755 ], [ -99.51623947944617, 29.433487624009192 ], [ -99.516426018008843, 29.434378170922763 ], [ -99.516662624809214, 29.435293344037675 ], [ -99.516786822062656, 29.436023929125351 ], [ -99.516910815466844, 29.436713901008911 ], [ -99.517242054490197, 29.437545218464415 ], [ -99.517591127287588, 29.438651744681991 ], [ -99.517822261773574, 29.439246530703304 ], [ -99.51785899336997, 29.439690895179744 ], [ -99.517782711062509, 29.440214670819664 ], [ -99.517687477643548, 29.44068662496144 ], [ -99.51749094896239, 29.441452300377989 ], [ -99.517300347996112, 29.442497745248517 ], [ -99.517198106039515, 29.443240489900887 ], [ -99.516831281395923, 29.444356565572047 ], [ -99.516836169876925, 29.44506730570242 ], [ -99.516771631094215, 29.445875339133107 ], [ -99.516731736058887, 29.446778044889847 ], [ -99.516710522334691, 29.447933391705444 ], [ -99.51643229714449, 29.448796406966981 ], [ -99.516066242683323, 29.449560481234236 ], [ -99.515360240519243, 29.450583098365438 ], [ -99.514617897042342, 29.451111705158837 ], [ -99.513787872120005, 29.451507521473026 ], [ -99.512480216967646, 29.451954811356856 ], [ -99.51146175900071, 29.452240774005173 ], [ -99.510317689888311, 29.452540749921877 ], [ -99.509355985595121, 29.452772326961345 ], [ -99.5083442276581, 29.452983781363105 ], [ -99.507319870020922, 29.453059893164291 ], [ -99.506327146376847, 29.453147158111136 ], [ -99.504555148419087, 29.453347933616246 ], [ -99.503103559831999, 29.453439169865536 ], [ -99.502029212846466, 29.453508661360956 ], [ -99.501068270466845, 29.453507768928255 ], [ -99.499956265813253, 29.453455539549459 ], [ -99.499652749632361, 29.453463448800274 ], [ -99.499376099830698, 29.453496076219277 ], [ -99.498627630922329, 29.453650058883852 ], [ -99.498036531644516, 29.453629707723262 ], [ -99.496999180300023, 29.453687737747327 ], [ -99.496024361858375, 29.453616912216948 ], [ -99.494980728361298, 29.453708796280889 ], [ -99.493999543766705, 29.45378690097661 ], [ -99.492817402995954, 29.453825127598229 ], [ -99.491930668398126, 29.453977328676562 ], [ -99.490584615138488, 29.454307214197581 ], [ -99.489647500023665, 29.454572405029861 ], [ -99.489886211361849, 29.454891932314482 ], [ -99.490087196237582, 29.455139393721552 ], [ -99.49035097585346, 29.455377599149266 ], [ -99.490596139474718, 29.455563975210314 ], [ -99.49113024896927, 29.45606066497842 ], [ -99.491619953100113, 29.456837308162491 ], [ -99.491110456346746, 29.456902367594974 ], [ -99.490720578604098, 29.456980522476517 ], [ -99.490047269120524, 29.457292126929236 ], [ -99.489261178759492, 29.457606398366192 ], [ -99.488638166600708, 29.45799227094621 ], [ -99.488607146270652, 29.45770582459377 ], [ -99.488563219002572, 29.457550295888879 ], [ -99.488066543770316, 29.457265557631601 ], [ -99.487676744301808, 29.457158679793601 ], [ -99.48690318051159, 29.457330740984819 ], [ -99.486047741402615, 29.457769347742939 ], [ -99.485286382227116, 29.458137658737872 ], [ -99.484173049426929, 29.458561399348152 ], [ -99.483090876364059, 29.459102349620423 ], [ -99.481593496175947, 29.459823047843187 ], [ -99.480033066332609, 29.460640980665705 ], [ -99.478850396115092, 29.461064927018242 ], [ -99.477950876097665, 29.461395335275814 ], [ -99.476654936326696, 29.46179033529997 ], [ -99.475176882586098, 29.462181461435407 ], [ -99.473774000187021, 29.462592610549741 ], [ -99.472660639684364, 29.462962102172884 ], [ -99.471081608180299, 29.463267798913524 ], [ -99.469647276994905, 29.4637151181748 ], [ -99.468383096787221, 29.464021927460188 ], [ -99.466955127977485, 29.464455657121292 ], [ -99.46553942215013, 29.464896098373686 ], [ -99.463847353711088, 29.465373589080468 ], [ -99.462048072298089, 29.46587850841048 ], [ -99.46095971624213, 29.466164330043064 ], [ -99.460299252427731, 29.466428355547105 ], [ -99.458632027585224, 29.46685154217958 ], [ -99.456298225923405, 29.467619963463203 ], [ -99.4539384530338, 29.468498996101079 ], [ -99.451730232076414, 29.469257884834306 ], [ -99.451276833761185, 29.469638494840702 ], [ -99.450993712518041, 29.469824478296879 ], [ -99.450641070400977, 29.470105463647759 ], [ -99.450112094283313, 29.470524684753702 ], [ -99.449400811106401, 29.471190463891201 ], [ -99.448632802649556, 29.471712022926901 ], [ -99.447795515292938, 29.472312783619586 ], [ -99.446907651625466, 29.472994938824762 ], [ -99.445856243812472, 29.473797224055371 ], [ -99.445132074508251, 29.474402101752727 ], [ -99.445622842355334, 29.4743756395006 ], [ -99.446050525841684, 29.474369693802799 ], [ -99.446968794126306, 29.474222203878593 ], [ -99.448164089294323, 29.47396546958511 ], [ -99.449422235798139, 29.473782972466772 ], [ -99.45034678721187, 29.473673797206178 ], [ -99.451598812915748, 29.473421351741948 ], [ -99.452982888015811, 29.473148138214047 ], [ -99.454322718578453, 29.472857010315455 ], [ -99.455700381891475, 29.47252286869211 ], [ -99.456889479747602, 29.472187103428404 ], [ -99.458172984837262, 29.471918694111849 ], [ -99.459317761859225, 29.471621418939684 ], [ -99.460519560054209, 29.47131942387303 ], [ -99.46206063591363, 29.470995932367227 ], [ -99.463533035350665, 29.470456050584694 ], [ -99.465212747300868, 29.469935734908489 ], [ -99.466741587784099, 29.469411414568075 ], [ -99.468364707901571, 29.468857412564908 ], [ -99.470409332321722, 29.468225184594385 ], [ -99.472705800098637, 29.467488237415814 ], [ -99.472283620213688, 29.468049318257936 ], [ -99.471792524980927, 29.468484284598421 ], [ -99.471289119133203, 29.468975701728187 ], [ -99.470294068429396, 29.469926900517976 ], [ -99.469362275274264, 29.470830484146997 ], [ -99.468285876246128, 29.471831595248073 ], [ -99.467272360891144, 29.472633915162056 ], [ -99.466195512558102, 29.473756855623815 ], [ -99.465206845145602, 29.474714762595223 ], [ -99.464520745692468, 29.47530381774407 ], [ -99.46489815788641, 29.475370191164501 ], [ -99.46516838820564, 29.475398579154678 ], [ -99.465564666629845, 29.47536109114106 ], [ -99.466331943235787, 29.475326815055396 ], [ -99.467030133033489, 29.47526795742894 ], [ -99.468111838916968, 29.475200977794454 ], [ -99.469300726540027, 29.475241917728479 ], [ -99.468973361999474, 29.475405530199303 ], [ -99.468576929041575, 29.475549079426358 ], [ -99.468142865859377, 29.475780757002628 ], [ -99.467620340182393, 29.476121050399975 ], [ -99.466840053870499, 29.476412607114046 ], [ -99.466147887179915, 29.476803130220333 ], [ -99.465204050268994, 29.47713811974047 ], [ -99.464172142102811, 29.477457616940288 ], [ -99.463008435915754, 29.47771438499424 ], [ -99.462026893736862, 29.477984049949992 ], [ -99.460806426969924, 29.4782364831275 ], [ -99.459774690223469, 29.47845666494624 ], [ -99.458617213496936, 29.478670502516973 ], [ -99.456925117968851, 29.478841039401789 ], [ -99.455610286243243, 29.478971904414145 ], [ -99.454081821270137, 29.479119282136359 ], [ -99.45227034073153, 29.479265346498028 ], [ -99.451099944488902, 29.479479162741438 ], [ -99.449917288574369, 29.47983741870565 ], [ -99.448941854254969, 29.48011599115387 ], [ -99.448042013966514, 29.480507121109866 ], [ -99.446632135474303, 29.481096264059364 ], [ -99.445499642446734, 29.481508464545197 ], [ -99.444442137407989, 29.481970046562214 ], [ -99.443321905921621, 29.482463417432768 ], [ -99.442258462474058, 29.482897925352606 ], [ -99.44110025177666, 29.483409454906511 ], [ -99.439734480455641, 29.484079607462569 ], [ -99.43828691460547, 29.484772579381062 ], [ -99.437279785517518, 29.485195579634748 ], [ -99.436600038810255, 29.485515961628558 ], [ -99.434989027959887, 29.486065025559277 ], [ -99.433497652937831, 29.486552758500999 ], [ -99.432182212443479, 29.487103082088836 ], [ -99.43073448875144, 29.487629000293857 ], [ -99.429312029791987, 29.488339844732646 ], [ -99.428191557446368, 29.488810525664356 ], [ -99.426977140186906, 29.489096476472508 ], [ -99.426020189137262, 29.489514717993437 ], [ -99.424830896204853, 29.489954002908878 ], [ -99.423402071068509, 29.490547472781905 ], [ -99.421922964016971, 29.491068882580716 ], [ -99.420859173719663, 29.491541579162416 ], [ -99.420066036209533, 29.49190510642109 ], [ -99.418907911087331, 29.492332957649843 ], [ -99.418020105641119, 29.492805077278124 ], [ -99.416679308252085, 29.493344045338731 ], [ -99.415357305434213, 29.493910019023726 ], [ -99.413966178551561, 29.494446860020631 ], [ -99.412959183829216, 29.49487193341276 ], [ -99.411838770776569, 29.495234171684924 ], [ -99.410447562725352, 29.49575969493257 ], [ -99.409440220469349, 29.496265971503011 ], [ -99.408559108706939, 29.496577804942806 ], [ -99.407249925713359, 29.49698571208862 ], [ -99.406210997066054, 29.497419856715986 ], [ -99.404914634485749, 29.497814163494343 ], [ -99.403492020459282, 29.498323915751609 ], [ -99.402100980599812, 29.498668840765621 ], [ -99.401087697972969, 29.498994562708177 ], [ -99.400376288130076, 29.499186242471886 ], [ -99.399495228947771, 29.499525091351551 ], [ -99.398462541718416, 29.500004285771425 ], [ -99.398474373339624, 29.500144144970772 ], [ -99.398285406938584, 29.500298145122596 ], [ -99.39798960446133, 29.500420875376754 ], [ -99.397599888658405, 29.500519064957196 ], [ -99.396958463153808, 29.500721798598029 ], [ -99.396222592987215, 29.500929323329405 ], [ -99.39568783436421, 29.501203937327908 ], [ -99.395272947624747, 29.501297682229538 ], [ -99.394876300237826, 29.501522241970324 ], [ -99.394391767438051, 29.501780907533824 ], [ -99.393725251641158, 29.502001751109738 ], [ -99.393102552475028, 29.502215692109743 ], [ -99.392561740708203, 29.502345904054685 ], [ -99.39194544184322, 29.502548539425923 ], [ -99.39112155525288, 29.502846549593148 ], [ -99.390234376287566, 29.503203407570695 ], [ -99.389045749153027, 29.503646884457396 ], [ -99.388271453861492, 29.5041026788377 ], [ -99.388272690924651, 29.503750680448725 ], [ -99.388260541734027, 29.503608564289536 ], [ -99.388236167334213, 29.503304024133943 ], [ -99.388224125572407, 29.503105497448114 ], [ -99.388118384703986, 29.502769606531402 ], [ -99.387918728140377, 29.502323426039684 ], [ -99.387737668529851, 29.502019342661121 ], [ -99.387462574520228, 29.501573381328274 ], [ -99.387262363004837, 29.501318993523522 ], [ -99.3868678920619, 29.500848557616656 ], [ -99.386310142603705, 29.500423723738095 ], [ -99.385745535510864, 29.500059829189716 ], [ -99.385013458078149, 29.499655802158198 ], [ -99.384177425624259, 29.499297199085245 ], [ -99.383335348083065, 29.498873172325194 ], [ -99.38245550814591, 29.498435710434677 ], [ -99.38170161860846, 29.498054291512148 ], [ -99.380934531373498, 29.497763161555735 ], [ -99.380167703544757, 29.497453975293052 ], [ -99.37940113552267, 29.497126731551589 ], [ -99.378432886177265, 29.496833904902633 ], [ -99.377735067167649, 29.496612506675397 ], [ -99.377068885197147, 29.496402296432283 ], [ -99.376502953406302, 29.496275286051887 ], [ -99.376006011742433, 29.496148078240051 ], [ -99.375553215398256, 29.496101972746249 ], [ -99.375314247419908, 29.49608008337621 ], [ -99.374931211793992, 29.495717886799376 ], [ -99.374120502493355, 29.495652477906219 ], [ -99.373310098754345, 29.495582550428495 ], [ -99.372455267885499, 29.495440537959738 ], [ -99.371575572626256, 29.495375307855205 ], [ -99.370777861064511, 29.495336918918852 ], [ -99.370281416409554, 29.495342814649312 ], [ -99.369640738228711, 29.495491261400471 ], [ -99.368880588043325, 29.49585439289784 ], [ -99.368484837315066, 29.49606984629494 ], [ -99.368120665121523, 29.496192699733381 ], [ -99.367360242175025, 29.496215109065105 ], [ -99.366864073368973, 29.496209709940242 ], [ -99.366417955890597, 29.496226733817725 ], [ -99.365808355454774, 29.49614492593475 ], [ -99.365262127884804, 29.496563857468058 ], [ -99.364778570155607, 29.497108973895116 ], [ -99.364521237456088, 29.497450392495004 ], [ -99.364232455165308, 29.497742257317128 ], [ -99.363836687047794, 29.497867441385953 ], [ -99.362981993622071, 29.497675728333665 ], [ -99.362246781639342, 29.497357326563836 ], [ -99.360882935011119, 29.496952628027231 ], [ -99.359959349765404, 29.496876157680056 ], [ -99.359205586321352, 29.497051936959554 ], [ -99.358678065428833, 29.497482073596853 ], [ -99.358439532931698, 29.497949787691738 ], [ -99.358075511354016, 29.498670554941139 ], [ -99.357906056671581, 29.499072647307894 ], [ -99.35796904281672, 29.499381602630208 ], [ -99.358006808554677, 29.499577806308032 ], [ -99.357988188964711, 29.499875698702748 ], [ -99.357259399461839, 29.49982576198979 ], [ -99.356725263015903, 29.499662479832484 ], [ -99.356052731749799, 29.49928972239012 ], [ -99.355556064728802, 29.498776595268179 ], [ -99.355147155411004, 29.498281283044005 ], [ -99.354700844705306, 29.497968836320659 ], [ -99.354204589580917, 29.497848314897698 ], [ -99.353620040808934, 29.497831819204485 ], [ -99.353243185575607, 29.49783733340356 ], [ -99.352577096672945, 29.497827818249121 ], [ -99.351904556002438, 29.497631038114566 ], [ -99.351150754903358, 29.497427698191167 ], [ -99.350289396387609, 29.496883925073249 ], [ -99.349742481758327, 29.496465676605073 ], [ -99.349371742132803, 29.49618460252902 ], [ -99.348755657317511, 29.495617609693866 ], [ -99.348001290196834, 29.494771184261818 ], [ -99.347404150303731, 29.494177058672012 ], [ -99.346800614021348, 29.493501717998782 ], [ -99.346216023113598, 29.492991041308414 ], [ -99.345889200027457, 29.492725637110262 ], [ -99.345266846897431, 29.492199258982254 ], [ -99.344977740157276, 29.491836731394674 ], [ -99.344619122758942, 29.491318691456652 ], [ -99.344135157738464, 29.490719744623107 ], [ -99.3433998225576, 29.49014175322052 ], [ -99.342984749528682, 29.489702828802336 ], [ -99.342582450083285, 29.489322535250917 ], [ -99.342356376935086, 29.489101991689882 ], [ -99.342004285725253, 29.488888540372237 ], [ -99.341558066894549, 29.48867532981669 ], [ -99.340992651714345, 29.488387961689071 ], [ -99.340383002479356, 29.488175165965856 ], [ -99.339861645330075, 29.488047884941999 ], [ -99.339182837400955, 29.487878131289218 ], [ -99.33852327514974, 29.487581968161216 ], [ -99.33810822537103, 29.487334821240939 ], [ -99.337341666768097, 29.486752361117919 ], [ -99.336989610514919, 29.486349360092582 ], [ -99.336706793790157, 29.486119923692193 ], [ -99.336254445467716, 29.485800660561214 ], [ -99.335676035252504, 29.485375663901419 ], [ -99.334765227776359, 29.485030473653435 ], [ -99.333709628760857, 29.484960922088558 ], [ -99.332679400623178, 29.484861963770161 ], [ -99.331818602311984, 29.484724217980144 ], [ -99.331322227601177, 29.484736736474723 ], [ -99.330662641685322, 29.484916632333796 ], [ -99.329927543287425, 29.485171173941914 ], [ -99.329456531405427, 29.485452133384083 ], [ -99.328947879354914, 29.485557186351791 ], [ -99.328489121713844, 29.485440987167276 ], [ -99.328005370119001, 29.485270694457434 ], [ -99.32752140837718, 29.485034965522022 ], [ -99.327006222372788, 29.484711312594825 ], [ -99.326371441898999, 29.484385694092317 ], [ -99.325617651566944, 29.484139338401608 ], [ -99.324769362658913, 29.484078232685949 ], [ -99.323802029052828, 29.483985821752029 ], [ -99.323205121012492, 29.483705223838296 ], [ -99.32225004661278, 29.48320662220825 ], [ -99.321552442804972, 29.482781851061436 ], [ -99.321100072380034, 29.482435459162705 ], [ -99.320710344103233, 29.482122760127741 ], [ -99.319968984167886, 29.48161685675365 ], [ -99.319491477799701, 29.481166725282623 ], [ -99.319089192043066, 29.480752514085221 ], [ -99.318756376498953, 29.480493826306009 ], [ -99.318360407569656, 29.480242057417691 ], [ -99.317707080327409, 29.480049569707418 ], [ -99.316909267174566, 29.479934139465826 ], [ -99.316331257250127, 29.47991295090306 ], [ -99.315778354286962, 29.479880418821111 ], [ -99.315344882164155, 29.479901753905885 ], [ -99.315074854057784, 29.479825675953698 ], [ -99.314823466955502, 29.479627708819343 ], [ -99.314672650396844, 29.47932570890293 ], [ -99.314308262224657, 29.479067084524104 ], [ -99.313409727181281, 29.478687872633685 ], [ -99.312247401213128, 29.47816035251758 ], [ -99.311116600840464, 29.477713977770041 ], [ -99.309973212976246, 29.47725859821405 ], [ -99.308899031175272, 29.476769201472869 ], [ -99.308170179289561, 29.476423406488593 ], [ -99.307183906132408, 29.475899945488596 ], [ -99.306103350545285, 29.475103670843687 ], [ -99.305531434988936, 29.474525091030113 ], [ -99.304903302139479, 29.474007559842612 ], [ -99.303885460946802, 29.473260763977301 ], [ -99.303156765714888, 29.47262837787736 ], [ -99.302572638489991, 29.472160376093406 ], [ -99.301743205457711, 29.47146277588455 ], [ -99.301090034899346, 29.470857282607287 ], [ -99.30022923298722, 29.470335743406121 ], [ -99.299349872851806, 29.46985711027266 ], [ -99.298608755492708, 29.469477444222605 ], [ -99.297835913175149, 29.469048202868692 ], [ -99.296988101790873, 29.468328049465708 ], [ -99.296523151207737, 29.46770631883436 ], [ -99.296020567233697, 29.466996670869783 ], [ -99.295549452118266, 29.466467463695444 ], [ -99.295204040034449, 29.465940231857807 ], [ -99.29453813926014, 29.465253504244028 ], [ -99.294104616353096, 29.464455696434907 ], [ -99.293677589218817, 29.463784231687086 ], [ -99.293143630753448, 29.462909924138014 ], [ -99.292792032214507, 29.462127725504232 ], [ -99.292415032677354, 29.461363632912182 ], [ -99.29186245770164, 29.460394591431246 ], [ -99.291592425270281, 29.459955184862693 ], [ -99.290989218366335, 29.45908101965998 ], [ -99.290417685079248, 29.45834893581489 ], [ -99.290015705187102, 29.45796847919928 ], [ -99.289519763998001, 29.457522790361118 ], [ -99.288985837107788, 29.456862823506185 ], [ -99.288401776029161, 29.45636316891774 ], [ -99.288068945765147, 29.456043478968216 ], [ -99.28778611916718, 29.455741732545345 ], [ -99.287334069061785, 29.455311734732554 ], [ -99.286957376856122, 29.453717268256089 ], [ -99.286643261066644, 29.452598766017797 ], [ -99.286542878486529, 29.451967188479472 ], [ -99.286348309133743, 29.451417043164419 ], [ -99.292634773854175, 29.44843168349842 ], [ -99.292515466336695, 29.447953586867794 ], [ -99.292345817592775, 29.44733795988806 ], [ -99.29239623181283, 29.446489439324544 ], [ -99.292320693792604, 29.445654733710445 ], [ -99.292214032922274, 29.44497804537685 ], [ -99.292006789736632, 29.444509166628986 ], [ -99.291435403914278, 29.444140366169396 ], [ -99.290612650834206, 29.444097037232837 ], [ -99.290009750597733, 29.444427787364287 ], [ -99.28944448559534, 29.444850965451604 ], [ -99.289005075591021, 29.445000843397164 ], [ -99.28869084507339, 29.444978960897199 ], [ -99.288421069758712, 29.444724571048507 ], [ -99.287962615343105, 29.443949358287849 ], [ -99.287491652873229, 29.442964324612298 ], [ -99.287290554376597, 29.442265270407209 ], [ -99.287121240278054, 29.441753430542462 ], [ -99.287045743618549, 29.441374516285116 ], [ -99.286976745129849, 29.440785741663216 ], [ -99.286807176249908, 29.440296464826858 ], [ -99.286216939970885, 29.439510247637106 ], [ -99.285764989225612, 29.43920208947474 ], [ -99.285564054362695, 29.439015238333756 ], [ -99.285363101304839, 29.438821617077753 ], [ -99.282574874692799, 29.439565409962619 ], [ -99.281940581911513, 29.438679983418861 ], [ -99.281224858508935, 29.437821803877114 ], [ -99.280785201004548, 29.437172883852483 ], [ -99.280195315466045, 29.436490432726796 ], [ -99.279680375675966, 29.43599510499897 ], [ -99.279228367533193, 29.435653077552622 ], [ -99.278838907934357, 29.435444047006346 ], [ -99.278305243379407, 29.435284957990543 ], [ -99.277840531695105, 29.435362646601941 ], [ -99.277514068600112, 29.435688250707159 ], [ -99.277344336158862, 29.436067681798367 ], [ -99.277275158821283, 29.436458186024844 ], [ -99.277005274564175, 29.43673854263179 ], [ -99.276527760170595, 29.436969689900554 ], [ -99.27603176534825, 29.436921077627225 ], [ -99.275240541902832, 29.436717381561664 ], [ -99.274700614878142, 29.436386803098568 ], [ -99.274160645211779, 29.435918581405591 ], [ -99.273645976332148, 29.435391638531499 ], [ -99.273319472162626, 29.435105745253079 ], [ -99.273074424755904, 29.434797118773005 ], [ -99.272622356682888, 29.43454306987395 ], [ -99.272019698528197, 29.434361532578748 ], [ -99.271542509126078, 29.434109787120811 ], [ -99.271184729492433, 29.43393225935878 ], [ -99.270996487348157, 29.433779206992643 ], [ -99.270745125791379, 29.433515717411037 ], [ -99.249958158953632, 29.440327859499238 ], [ -99.249463210110989, 29.440576992853259 ], [ -99.248896762712249, 29.440839797726468 ], [ -99.248104173902661, 29.44112558476786 ], [ -99.246884028278984, 29.441554315630079 ], [ -99.245273402690827, 29.442139446473668 ], [ -99.244021491104235, 29.442633645283202 ], [ -99.24289547307221, 29.443093757010477 ], [ -99.241052738087731, 29.443652182993304 ], [ -99.239291456825569, 29.44419013111327 ], [ -99.237668465084084, 29.444759397926692 ], [ -99.235781941907447, 29.445218547835378 ], [ -99.234001114014589, 29.445968563100767 ], [ -99.231843600773061, 29.446730492520604 ], [ -99.230132111230859, 29.447387821469501 ], [ -99.228533767747393, 29.448074268331826 ], [ -99.227074590104309, 29.448462612347448 ], [ -99.224929628021982, 29.449118357225014 ], [ -99.223293933484925, 29.449698753133799 ], [ -99.221022953667713, 29.450517107549487 ], [ -99.218588003591449, 29.451376309315428 ], [ -99.216876598731503, 29.451999622131193 ], [ -99.215328945772214, 29.452503058504981 ], [ -99.213604963218643, 29.45313988815807 ], [ -99.212201356070764, 29.453814543775977 ], [ -99.210546008509127, 29.454624968179932 ], [ -99.208953771545794, 29.455266042028342 ], [ -99.20537945803774, 29.456625452903101 ], [ -99.203359914142482, 29.457305478162599 ], [ -99.202788139847542, 29.45726573485889 ], [ -99.202260703509751, 29.457158229140706 ], [ -99.201179981447837, 29.457069610008507 ], [ -99.199948287903553, 29.457066952908164 ], [ -99.198572219246159, 29.456897525927101 ], [ -99.196913662657138, 29.456796194306563 ], [ -99.1958390663644, 29.456705266884846 ], [ -99.194620826110025, 29.456488181309343 ], [ -99.192823746338846, 29.456407308340772 ], [ -99.191322037203818, 29.456249269779232 ], [ -99.190002577929533, 29.456181211104571 ], [ -99.187319570810743, 29.456076705275756 ], [ -99.185792779775682, 29.455941203795739 ], [ -99.184580488771999, 29.455789453554988 ], [ -99.183129093210454, 29.45564253541097 ], [ -99.181816030608161, 29.45554053983394 ], [ -99.180069743217985, 29.455373682351023 ], [ -99.17734918150714, 29.455151692301897 ], [ -99.175490132433069, 29.454806668077161 ], [ -99.173994975843499, 29.45468227098176 ], [ -99.172815557682412, 29.454133242432228 ], [ -99.172137550189504, 29.453951351168744 ], [ -99.171916983279559, 29.454055430472852 ], [ -99.171595781290463, 29.454297281549422 ], [ -99.171242746260347, 29.454582045417382 ], [ -99.170479406053985, 29.455402103665076 ], [ -99.170886585493946, 29.455694916533911 ], [ -99.171087306625836, 29.455859376974708 ], [ -99.171343873882236, 29.456080175211078 ], [ -99.171575251955716, 29.456461211973068 ], [ -99.171737260038086, 29.456790439525474 ], [ -99.171811146223718, 29.457225833042109 ], [ -99.172256557235841, 29.457441872747125 ], [ -99.172469971669472, 29.457486724849961 ], [ -99.173003375142713, 29.4577094178563 ], [ -99.173380262920134, 29.457803697215041 ], [ -99.17417693844304, 29.458202042035765 ], [ -99.174810036085489, 29.458675059448922 ], [ -99.175423924100258, 29.459218047583576 ], [ -99.176113186818483, 29.459736113077078 ], [ -99.176783331754365, 29.460376047041827 ], [ -99.17715185553439, 29.46102766082905 ], [ -99.17727538313828, 29.461638984477435 ], [ -99.177223275886178, 29.462067772492148 ], [ -99.176562283202728, 29.462440959630321 ], [ -99.176064597414381, 29.46276428515614 ], [ -99.17640942268693, 29.462942085155273 ], [ -99.176761175552471, 29.463025106600654 ], [ -99.177344889160068, 29.463245458086607 ], [ -99.177953464163011, 29.463490594959566 ], [ -99.178562352592706, 29.463728959939552 ], [ -99.179108151031187, 29.464010278408814 ], [ -99.179459411976566, 29.464176779104168 ], [ -99.179784995963402, 29.464584750961638 ], [ -99.180279408778773, 29.465145928718215 ], [ -99.180528442188105, 29.465820258553151 ], [ -99.180552485728839, 29.46611130332187 ], [ -99.18073401246771, 29.466336697597676 ], [ -99.181003237085051, 29.466580024892611 ], [ -99.180806765908912, 29.467015778875147 ], [ -99.180648653297979, 29.467273225226826 ], [ -99.180194888392251, 29.467652917398176 ], [ -99.179835895916398, 29.467860992234868 ], [ -99.179319404811764, 29.468130202267218 ], [ -99.178708788860433, 29.468392768047803 ], [ -99.177966328755417, 29.468644223552047 ], [ -99.177280024902743, 29.468940729644515 ], [ -99.176317047855719, 29.469345907072636 ], [ -99.175674885448743, 29.469640089391905 ], [ -99.174214988181049, 29.470095547814214 ], [ -99.1732578534819, 29.470539053960341 ], [ -99.172124714217048, 29.470971498304113 ], [ -99.170834625645853, 29.471419930072823 ], [ -99.16965079685302, 29.472005854767023 ], [ -99.168681565147679, 29.472368112387912 ], [ -99.167844159253747, 29.472734710749656 ], [ -99.167163572380673, 29.473211669602762 ], [ -99.165765254766058, 29.473930956943072 ], [ -99.164977693381658, 29.474439628792819 ], [ -99.163799317782406, 29.475253392043193 ], [ -99.162759777747297, 29.475823283302102 ], [ -99.161827733954738, 29.476300522093013 ], [ -99.16095831032257, 29.476838602424145 ], [ -99.159950546112285, 29.477342996600687 ], [ -99.158243893206446, 29.478218268281214 ], [ -99.15738101404439, 29.478634470957282 ], [ -99.156493242580467, 29.479007824831466 ], [ -99.155480426306028, 29.47918726840911 ], [ -99.15481321558056, 29.479411430919942 ], [ -99.15401443067573, 29.479597383974724 ], [ -99.152938721375222, 29.479758829677174 ], [ -99.151912896803424, 29.480087184470719 ], [ -99.150735930398753, 29.480442779650453 ], [ -99.149370150565574, 29.480857242144879 ], [ -99.148419763187675, 29.4812080494459 ], [ -99.147430855542439, 29.481673969221024 ], [ -99.146177947658856, 29.482144684777076 ], [ -99.145183373445434, 29.48249326048624 ], [ -99.144219849331776, 29.482920769032326 ], [ -99.142840535051405, 29.483610461728169 ], [ -99.141939589212768, 29.484083015992514 ], [ -99.141561747595318, 29.484279726025811 ], [ -99.141013534220392, 29.484587179385606 ], [ -99.140623133569818, 29.484795182713849 ], [ -99.139892522928534, 29.485145695393474 ], [ -99.138928000205965, 29.485821372137977 ], [ -99.138014434944623, 29.486287143098433 ], [ -99.137233018262165, 29.486746002863725 ], [ -99.136319753326561, 29.48720724901986 ], [ -99.135714846470705, 29.487568892484404 ], [ -99.134952622350582, 29.487930692868321 ], [ -99.134108836699653, 29.488292571123591 ], [ -99.133496929501504, 29.488735442406984 ], [ -99.132703211472716, 29.489185262171041 ], [ -99.132041552273577, 29.489553714132217 ], [ -99.130975816845634, 29.490310664258363 ], [ -99.130206953785788, 29.49080331585084 ], [ -99.12943164410774, 29.49130273790303 ], [ -99.128467233424388, 29.49191290296524 ], [ -99.127149786527397, 29.492762577444399 ], [ -99.126039863226595, 29.493557888449317 ], [ -99.125031563540816, 29.494165813061546 ], [ -99.124556140301408, 29.493974464682587 ], [ -99.124134768101612, 29.49422080688646 ], [ -99.123940143512741, 29.49429770637358 ], [ -99.123594126014311, 29.494478541270098 ], [ -99.123463486159366, 29.493885226878778 ], [ -99.123470884251347, 29.493339170653432 ], [ -99.123522432285412, 29.492781790745447 ], [ -99.123699379911926, 29.492219780222932 ], [ -99.123807371559181, 29.491687168738022 ], [ -99.123977685619479, 29.491240241570306 ], [ -99.124116730924214, 29.490795599163118 ], [ -99.12421819504489, 29.49046381233352 ], [ -99.124350459760791, 29.490276407062204 ], [ -99.124571051221196, 29.48982491921463 ], [ -99.124816599512457, 29.489483972400144 ], [ -99.125045092574751, 29.489431859724057 ], [ -99.125726693899978, 29.48874526994085 ], [ -99.126736484514694, 29.487828210154561 ], [ -99.127594617909779, 29.487064724310354 ], [ -99.12829497333891, 29.486450307285125 ], [ -99.129025841591712, 29.486009600265351 ], [ -99.130180005189658, 29.485105913641195 ], [ -99.13081648594931, 29.484726211666572 ], [ -99.131175667461008, 29.484540833172581 ], [ -99.131459117555721, 29.484371322876378 ], [ -99.131862694067465, 29.484118205033091 ], [ -99.132631733035524, 29.483557852039599 ], [ -99.133325379450199, 29.483031414614754 ], [ -99.134005953218917, 29.482620064479221 ], [ -99.134806325972306, 29.48212735856703 ], [ -99.135612586404065, 29.481704591285489 ], [ -99.136280601714816, 29.481315806426554 ], [ -99.136671056839376, 29.481150688167563 ], [ -99.137112487885702, 29.480782438825315 ], [ -99.137384084891295, 29.480443697466132 ], [ -99.137612823503488, 29.479877101271516 ], [ -99.137736240670165, 29.47889543545093 ], [ -99.137751680922861, 29.478157573030487 ], [ -99.137735107094585, 29.477579949849343 ], [ -99.137686567460861, 29.477200923219094 ], [ -99.137738022983498, 29.4768759459173 ], [ -99.137803579741799, 29.476253109246496 ], [ -99.137994062816659, 29.475770039704024 ], [ -99.138215598453144, 29.475368168639871 ], [ -99.138625448212295, 29.475027023833466 ], [ -99.138997429932942, 29.474807763870675 ], [ -99.139627374713015, 29.474434796031034 ], [ -99.140779396197203, 29.474009376880055 ], [ -99.141598154170666, 29.473597841289394 ], [ -99.142517958956773, 29.473077884401985 ], [ -99.143103801207431, 29.472759102493175 ], [ -99.143607582486652, 29.472535174975377 ], [ -99.144627153972195, 29.47215048087379 ], [ -99.145886576429945, 29.47158274575796 ], [ -99.14695768953753, 29.470967823751927 ], [ -99.14758711435087, 29.47071666532057 ], [ -99.148563084785067, 29.470293629677947 ], [ -99.149356635170534, 29.469877561563589 ], [ -99.150383314062381, 29.469319071669108 ], [ -99.151680358699068, 29.468737701777894 ], [ -99.152417753718424, 29.468287832487384 ], [ -99.152978159216588, 29.468025446043534 ], [ -99.153456901981727, 29.467684176158418 ], [ -99.154250272661002, 29.467389925656644 ], [ -99.155056318399346, 29.466955757646502 ], [ -99.155616445928743, 29.466731718947297 ], [ -99.155994507336388, 29.46652819860055 ], [ -99.154545373764378, 29.465821375714764 ], [ -99.153629606020331, 29.465301204637441 ], [ -99.152239303163782, 29.46404146604338 ], [ -99.151763788554376, 29.463511751950669 ], [ -99.151269980653353, 29.462812824724327 ], [ -99.151051761665499, 29.462355020786894 ], [ -99.150952613900813, 29.461996362846982 ], [ -99.150954025549922, 29.461644360656809 ], [ -99.151207271395464, 29.461165712990159 ], [ -99.151573608441595, 29.460671141713728 ], [ -99.151839872080544, 29.460066118325802 ], [ -99.151904581709246, 29.459587684166223 ], [ -99.151881067962265, 29.459163504770999 ], [ -99.151820585140555, 29.458583674941 ], [ -99.151691026744203, 29.457929461224655 ], [ -99.151655692283569, 29.457356372401392 ], [ -99.151656372740391, 29.457164576251198 ], [ -99.151644772459903, 29.456947972845548 ], [ -99.151695985449251, 29.456713247652701 ], [ -99.152156185376029, 29.456288516030014 ], [ -99.152610585343723, 29.45586604528582 ], [ -99.153026500838678, 29.455569976937493 ], [ -99.153230133151354, 29.454904099477169 ], [ -99.153315612365589, 29.453886356784238 ], [ -99.153515000206426, 29.452757918367656 ], [ -99.153587501205081, 29.451898138711329 ], [ -99.15367825681426, 29.451178236189836 ], [ -99.153598548678701, 29.450675147125779 ], [ -99.153480359758191, 29.45029620514957 ], [ -99.153337332295038, 29.449899240249593 ], [ -99.153156206192037, 29.449667037485323 ], [ -99.152955996115224, 29.449385215025266 ], [ -99.151264430817832, 29.449730123145226 ], [ -99.149999098768816, 29.450239249906886 ], [ -99.148772723009557, 29.450511395846593 ], [ -99.147979999478736, 29.450728894987826 ], [ -99.147413240439022, 29.45099803777563 ], [ -99.146960384289613, 29.451149718344496 ], [ -99.146551332022952, 29.451287811780006 ], [ -99.146546572495552, 29.450890687310533 ], [ -99.146786820711327, 29.450565497365137 ], [ -99.146951075822059, 29.450281007706373 ], [ -99.147190575758671, 29.450109254787581 ], [ -99.147329337908388, 29.450023358299003 ], [ -99.14740517128476, 29.449874350258749 ], [ -99.147324591727241, 29.449637515317544 ], [ -99.147093640641202, 29.449256435268357 ], [ -99.147152593510697, 29.448574931764139 ], [ -99.147349925444658, 29.447990300847895 ], [ -99.147409181921233, 29.447297514049961 ], [ -99.147606218942556, 29.446735447245189 ], [ -99.147790641859245, 29.446141802957921 ], [ -99.14803198426317, 29.445471377741342 ], [ -99.148457154387614, 29.44446905410182 ], [ -99.148902383733954, 29.443087626638054 ], [ -99.148985600957488, 29.442703941943854 ], [ -99.149082521974861, 29.441997573162805 ], [ -99.14916121170188, 29.4411626088114 ], [ -99.149245574512378, 29.440463022520323 ], [ -99.149280237316532, 29.439709338697174 ], [ -99.149408408983945, 29.439002934334422 ], [ -99.149479070982963, 29.438630545925292 ], [ -99.149530984287864, 29.438217561606901 ], [ -99.149550869711447, 29.437935486143754 ], [ -99.149583856925858, 29.437578934348462 ], [ -99.149578344514438, 29.437335246104308 ], [ -99.149553915317313, 29.437154760308271 ], [ -99.148202010190971, 29.437408990625553 ], [ -99.146862171449598, 29.437769246715266 ], [ -99.145868253994905, 29.438047879397953 ], [ -99.144755076913313, 29.438299557191264 ], [ -99.143868082068167, 29.43855098152348 ], [ -99.142584653789569, 29.438949492353 ], [ -99.141238675770666, 29.439325492869788 ], [ -99.140036729138686, 29.439712611134059 ], [ -99.138722526306751, 29.440011834194042 ], [ -99.1379049885808, 29.440181914970793 ], [ -99.137036399828688, 29.440487429050101 ], [ -99.136017587285366, 29.440743449539116 ], [ -99.135262870834012, 29.440913449916799 ], [ -99.134696631066987, 29.441071972772228 ], [ -99.134225046634995, 29.441173988862918 ], [ -99.133942158204746, 29.441185555268429 ], [ -99.133476678699608, 29.441276279836391 ], [ -99.133205863791517, 29.441402911063626 ], [ -99.133117484252651, 29.441578999765909 ], [ -99.133198311372567, 29.44178876628488 ], [ -99.133580483941174, 29.442054642108996 ], [ -99.133875191062856, 29.442207782159016 ], [ -99.134050594196424, 29.442297862863061 ], [ -99.134238656725842, 29.442457879287694 ], [ -99.133979911893377, 29.442699577195015 ], [ -99.133488359023431, 29.443061098326993 ], [ -99.132984708172202, 29.44329175801661 ], [ -99.132128945840535, 29.443581431633941 ], [ -99.131625807193643, 29.443712802806054 ], [ -99.130844661058887, 29.44415131867671 ], [ -99.130585412336146, 29.444512600573535 ], [ -99.129999000178614, 29.445045690321443 ], [ -99.129663830039902, 29.44550858317255 ], [ -99.12933590431642, 29.445842853472723 ], [ -99.128164452146194, 29.446489322291253 ], [ -99.127684371801507, 29.447038093749221 ], [ -99.127293107716298, 29.447494265611699 ], [ -99.126957942546227, 29.447977459949225 ], [ -99.126748241064092, 29.448555303982022 ], [ -99.126600838585887, 29.449221088485459 ], [ -99.126510417777482, 29.449843945934266 ], [ -99.126420172780229, 29.450349470082095 ], [ -99.126235104462623, 29.451049136751653 ], [ -99.126101566746158, 29.451466700426977 ], [ -99.125880730241875, 29.451647423518118 ], [ -99.125496023515723, 29.451954659506249 ], [ -99.125175215440379, 29.452076808537804 ], [ -99.124925562433987, 29.452149248671258 ], [ -99.124579959458458, 29.45228721392894 ], [ -99.124014779682824, 29.452323844420206 ], [ -99.123525473604502, 29.45221373502098 ], [ -99.123104840522259, 29.45213063628098 ], [ -99.122678129962409, 29.452085901641833 ], [ -99.122339302852652, 29.451964367580793 ], [ -99.12208206294271, 29.451892398073376 ], [ -99.121636599389234, 29.451793523052881 ], [ -99.121316751732962, 29.45164263490873 ], [ -99.120990529355566, 29.451550418873769 ], [ -99.120645296795487, 29.451460475106636 ], [ -99.120218431331352, 29.451553374147409 ], [ -99.119665002787073, 29.451989362463546 ], [ -99.118972907856005, 29.452621779779818 ], [ -99.118400387545933, 29.453276652593502 ], [ -99.117557121870576, 29.454173198053255 ], [ -99.116815056191982, 29.454810162134422 ], [ -99.116249039632763, 29.455257428683186 ], [ -99.115343768348012, 29.455783961483288 ], [ -99.114231518631271, 29.456240717276941 ], [ -99.11299995286943, 29.456634385197344 ], [ -99.111893884484374, 29.457163321788908 ], [ -99.110769034130044, 29.457617802193298 ], [ -99.109895711982475, 29.45793216850014 ], [ -99.108896681595695, 29.458228580570566 ], [ -99.107759461564683, 29.458590532808984 ], [ -99.106854394140711, 29.459074136097424 ], [ -99.106037482324396, 29.459424534561421 ], [ -99.105396182511811, 29.45975448066665 ], [ -99.104465509440658, 29.460429883404842 ], [ -99.103610435787004, 29.46098563087838 ], [ -99.102541434731791, 29.461613742194245 ], [ -99.101617098390363, 29.462216914448383 ], [ -99.100667899973928, 29.462783997447215 ], [ -99.099743740654958, 29.46326079678013 ], [ -99.098278751006532, 29.464042606656371 ], [ -99.096927644676583, 29.464630266262347 ], [ -99.095821644741605, 29.465068811981478 ], [ -99.094627415404332, 29.465602181008204 ], [ -99.093822411164794, 29.466035982892699 ], [ -99.092779214399286, 29.466458663449892 ], [ -99.091704171853067, 29.466958077293373 ], [ -99.090528941924546, 29.467522985104814 ], [ -99.08925947404046, 29.467957074436963 ], [ -99.088159974523407, 29.468165398135049 ], [ -99.087129511271485, 29.468454897592064 ], [ -99.086004668437994, 29.46881665559107 ], [ -99.084798284709692, 29.469189738749076 ], [ -99.083572883512943, 29.469569591585856 ], [ -99.082360263059343, 29.469825322616671 ], [ -99.080908943037201, 29.470248163127025 ], [ -99.079878129760615, 29.470555657986569 ], [ -99.078974092712741, 29.470596813123411 ], [ -99.077899647491265, 29.47075990756732 ], [ -99.076611883940515, 29.470990810124523 ], [ -99.075054037352132, 29.471246672864474 ], [ -99.073854487832861, 29.471360163876906 ], [ -99.072868278072448, 29.471437425862298 ], [ -99.072039382102247, 29.471555211058888 ], [ -99.071191449152153, 29.471643667215584 ], [ -99.070287070192464, 29.471675737846493 ], [ -99.069583500849319, 29.471723493019493 ], [ -99.068641464588794, 29.471836802150857 ], [ -99.068377533841641, 29.471897861985436 ], [ -99.067975619218501, 29.471907093574025 ], [ -99.068140270088136, 29.471351930871382 ], [ -99.068342414456481, 29.470954698187889 ], [ -99.06839369908981, 29.470530465729649 ], [ -99.068294199921411, 29.470189797713555 ], [ -99.068200802812001, 29.469815280732732 ], [ -99.06806978521719, 29.469571655396035 ], [ -99.067881758092383, 29.469384468981126 ], [ -99.067618652349339, 29.469224396358406 ], [ -99.067468105192077, 29.469174831474092 ], [ -99.067141863135475, 29.469064432356422 ], [ -99.06712414178763, 29.468583825079733 ], [ -99.066835846785068, 29.468342533547052 ], [ -99.066491462814923, 29.468083218032138 ], [ -99.065814106211292, 29.467760886851234 ], [ -99.065073941713862, 29.467494994085204 ], [ -99.064302207237006, 29.467247162658303 ], [ -99.063329159347305, 29.467188963396463 ], [ -99.062594600962399, 29.467112592512279 ], [ -99.061401521375274, 29.467207916886206 ], [ -99.060415599006618, 29.467174522328609 ], [ -99.059630535048854, 29.467256107619324 ], [ -99.058832893151759, 29.467326411139183 ], [ -99.05776493320468, 29.467554777094019 ], [ -99.057136817454108, 29.467624997932447 ], [ -99.056332755806466, 29.467751699214681 ], [ -99.055509706447367, 29.46793255888155 ], [ -99.054504587339196, 29.468172153969874 ], [ -99.053888744276492, 29.468303277283397 ], [ -99.053115659899348, 29.468517947653531 ], [ -99.052475006478602, 29.468669381540856 ], [ -99.051746068992429, 29.468877257851105 ], [ -99.050772457917589, 29.468997222663777 ], [ -99.049534652649371, 29.469315844140954 ], [ -99.048434791095929, 29.469643428483753 ], [ -99.047491907198463, 29.470022847271 ], [ -99.046373849153611, 29.470059343151561 ], [ -99.04532425388814, 29.470398168106648 ], [ -99.044777688688654, 29.470547275830132 ], [ -99.044268824445254, 29.470678318563934 ], [ -99.04372307332244, 29.470477677990054 ], [ -99.043020933979903, 29.470107854722155 ], [ -99.042362894299842, 29.46958908980341 ], [ -99.041905973376288, 29.469058976880529 ], [ -99.041467812151893, 29.468684549098999 ], [ -99.041042462744599, 29.468098012127886 ], [ -99.040811789658235, 29.467524952727196 ], [ -99.040536697602988, 29.467089548832384 ], [ -99.040230641775509, 29.466588716829847 ], [ -99.039987412872065, 29.466031455210864 ], [ -99.039774857479543, 29.465607312369052 ], [ -99.039619063290701, 29.46528017792879 ], [ -99.039393673296701, 29.464993679542705 ], [ -99.038986506079212, 29.464691439746236 ], [ -99.038453656387375, 29.464402772435161 ], [ -99.037883098730177, 29.464109602035798 ], [ -99.03728713553933, 29.463954077613572 ], [ -99.036289290876269, 29.463814455083806 ], [ -99.035479370627087, 29.463765032097587 ], [ -99.03446251586648, 29.463625402102728 ], [ -99.033346027419796, 29.463336864121565 ], [ -99.032668218619037, 29.463190365172782 ], [ -99.03166510503398, 29.462644553901544 ], [ -99.031264104759103, 29.4623783916919 ], [ -99.030681920271462, 29.461893397473681 ], [ -99.030205790994131, 29.461478325253449 ], [ -99.029473377452945, 29.460788024353224 ], [ -99.028997258900517, 29.460375204744437 ], [ -99.028489896891742, 29.460005260435349 ], [ -99.027819438848553, 29.459529298078589 ], [ -99.027236689318556, 29.459220288773 ], [ -99.02660366065129, 29.458877441146242 ], [ -99.025933220546818, 29.458408237891309 ], [ -99.02528148286433, 29.457954823246009 ], [ -99.02482472048699, 29.45749685513417 ], [ -99.024436922178268, 29.457023078374984 ], [ -99.023992415047204, 29.456574131968747 ], [ -99.023786398047918, 29.456183807589188 ], [ -99.023611966411693, 29.455802504149521 ], [ -99.023274438351535, 29.455267790816425 ], [ -99.005154942451725, 29.457307274341542 ], [ -99.004256796294868, 29.457422383290421 ], [ -99.002567168675924, 29.457693197846226 ], [ -99.001493058147105, 29.457797008698808 ], [ -99.000413145737298, 29.457887273509741 ], [ -98.99999226535833, 29.457968505520675 ], [ -98.999543990742993, 29.458437840354406 ], [ -98.998759591063575, 29.458417528100533 ], [ -98.997711254814206, 29.458331769985726 ], [ -98.996688052633971, 29.458424261373622 ], [ -98.99568354572331, 29.458343001226904 ], [ -98.994886580617873, 29.458306870169654 ], [ -98.993386106211091, 29.458252649831259 ], [ -98.992162135869805, 29.458220994585908 ], [ -98.990642973968036, 29.458157716517537 ], [ -98.989481839907725, 29.458218552774134 ], [ -98.987699360295707, 29.458374092860794 ], [ -98.985615552758716, 29.45854085957259 ], [ -98.984266177166134, 29.458784399827135 ], [ -98.983161696958675, 29.459176881744206 ], [ -98.982101654411906, 29.459722797442339 ], [ -98.98107897541604, 29.460311581476571 ], [ -98.980382772934519, 29.460780816126711 ], [ -98.979699102011622, 29.461407998811346 ], [ -98.979002889355343, 29.461865943447027 ], [ -98.97805529404431, 29.462305792967449 ], [ -98.977107980823845, 29.462894558648749 ], [ -98.975966299396148, 29.463562256863707 ], [ -98.97479943656063, 29.464349531538645 ], [ -98.973600701334959, 29.464933711369707 ], [ -98.971806297720661, 29.465738885066848 ], [ -98.97038188242054, 29.466465141890705 ], [ -98.969070276456904, 29.467105666717607 ], [ -98.967733834446364, 29.467755197051993 ], [ -98.965606365028805, 29.468664001061473 ], [ -98.964439433341951, 29.469248106159906 ], [ -98.96289538346835, 29.469861429266906 ], [ -98.961351915686663, 29.470587556848617 ], [ -98.959569531054981, 29.471476055281357 ], [ -98.958759995145215, 29.472015089954255 ], [ -98.957699624839023, 29.472714245504285 ], [ -98.956337941498177, 29.47325534567798 ], [ -98.955402719839924, 29.47368375441086 ], [ -98.953833701232298, 29.474357887465402 ], [ -98.952183079921852, 29.475106433933657 ], [ -98.950714611062679, 29.475724156202165 ], [ -98.949773170671421, 29.47624729252048 ], [ -98.948787620286325, 29.476655327152354 ], [ -98.947758534654582, 29.477090415577159 ], [ -98.946314756895333, 29.477843482756693 ], [ -98.94509755757322, 29.478598884853508 ], [ -98.943942559516941, 29.47933625058068 ], [ -98.942474125158242, 29.480267521879991 ], [ -98.941193714141193, 29.480977732220779 ], [ -98.940296505641328, 29.481764820868609 ], [ -98.939210543143204, 29.482294585612607 ], [ -98.938168657559658, 29.482943952653574 ], [ -98.936787741113108, 29.483444226088142 ], [ -98.935080273901477, 29.484447507812984 ], [ -98.933347790435178, 29.485207060725507 ], [ -98.932626092085371, 29.485619620875674 ], [ -98.9314397208651, 29.486259834727722 ], [ -98.930617406482682, 29.486710690887559 ], [ -98.929098506093538, 29.487569582440834 ], [ -98.927504103088907, 29.488489338418411 ], [ -98.926129057010883, 29.489165504374949 ], [ -98.925162483064753, 29.489771938084751 ], [ -98.923825356337773, 29.490565435641205 ], [ -98.922243295459481, 29.491241442449692 ], [ -98.921119526698419, 29.491633395760598 ], [ -98.92009002123136, 29.492260063215078 ], [ -98.919016630592182, 29.492922797480208 ], [ -98.917773563407152, 29.493698239155044 ], [ -98.916756677457968, 29.494216580367812 ], [ -98.915607691133005, 29.495019137249212 ], [ -98.914873273388025, 29.495438361320286 ], [ -98.913837452731457, 29.496198103022365 ], [ -98.912506451207733, 29.497165232790124 ], [ -98.91150187728438, 29.497913694839308 ], [ -98.910578993394253, 29.498504256178105 ], [ -98.909825499805237, 29.498932464272372 ], [ -98.909147445626445, 29.499356207209992 ], [ -98.908607759003772, 29.499707836547593 ], [ -98.908099037893081, 29.500039177717245 ], [ -98.907662462990388, 29.500445028189322 ], [ -98.907260682039436, 29.500875721480405 ], [ -98.906054852610026, 29.501624001364895 ], [ -98.904698155143862, 29.502333803395629 ], [ -98.903580082370496, 29.502978329421399 ], [ -98.902524888375297, 29.503600327121774 ], [ -98.901419184222902, 29.504095921070132 ], [ -98.90024438249543, 29.504683966231028 ], [ -98.8989945542166, 29.505486302586696 ], [ -98.897907854752361, 29.506284239156845 ], [ -98.896934373858855, 29.507016819288015 ], [ -98.896249938965909, 29.507584899785964 ], [ -98.895075270802721, 29.508287975836545 ], [ -98.894032727732622, 29.509043043151912 ], [ -98.892876804551321, 29.50967390963649 ], [ -98.891080143584858, 29.510653984340806 ], [ -98.889157845887922, 29.511794134821425 ], [ -98.887285498804019, 29.512629685028401 ], [ -98.885777789352417, 29.513476804511626 ], [ -98.884119059305547, 29.514120699843147 ], [ -98.882586111858998, 29.51500160663479 ], [ -98.880983972260736, 29.515744794072816 ], [ -98.879620322221001, 29.516300896740049 ], [ -98.878074723425769, 29.516915484908878 ], [ -98.876774054731143, 29.517627307220643 ], [ -98.875680616129046, 29.518149773640708 ], [ -98.875047215977887, 29.518489896003157 ], [ -98.874562796147657, 29.518561644584132 ], [ -98.873889225077662, 29.518786646840415 ], [ -98.87262415927627, 29.519092310579147 ], [ -98.870950221065897, 29.519386284527915 ], [ -98.868948830051821, 29.519792734593032 ], [ -98.866311505175133, 29.520460258632614 ], [ -98.864140219893031, 29.520803286044639 ], [ -98.862616993857529, 29.52120787190011 ], [ -98.860835126329576, 29.521855860171129 ], [ -98.858996866416135, 29.522458637463391 ], [ -98.856643325239645, 29.522796835503581 ], [ -98.854666998164319, 29.523178277192013 ], [ -98.853011485498953, 29.523582607981549 ], [ -98.851544696523959, 29.5239262057855 ], [ -98.849410810784846, 29.524408930828585 ], [ -98.847403037709171, 29.524862432716116 ], [ -98.844413633328912, 29.525307989495332 ], [ -98.841688000221907, 29.525954612859021 ], [ -98.839321051519491, 29.526527152891173 ], [ -98.837085889508259, 29.527151709010106 ], [ -98.835697308888371, 29.527595752638994 ], [ -98.833522177982019, 29.528291284382586 ], [ -98.830582711015083, 29.528862950632732 ], [ -98.828492790222185, 29.529354419968566 ], [ -98.826516051110929, 29.529841491226978 ], [ -98.824407138029954, 29.530289999895675 ], [ -98.822638261736259, 29.530655443247753 ], [ -98.820706030903139, 29.530928130157356 ], [ -98.818578409048939, 29.531351701039512 ], [ -98.816500525068236, 29.53190392056116 ], [ -98.814674549011428, 29.532424868910795 ], [ -98.813000198267375, 29.532733905851501 ], [ -98.810223952193866, 29.533330169573468 ], [ -98.807208212213268, 29.534011771679449 ], [ -98.803871986026991, 29.534627396937175 ], [ -98.802202713930157, 29.535274762358966 ], [ -98.800502433418686, 29.535770882835021 ], [ -98.799129718012125, 29.53615014437268 ], [ -98.797518195054977, 29.536436516510694 ], [ -98.795484787654189, 29.536895961942601 ], [ -98.793570269144709, 29.537405201364468 ], [ -98.792083403605162, 29.538066261250169 ], [ -98.790490085695097, 29.538571445335624 ], [ -98.789047527711517, 29.53915582361261 ], [ -98.788033327295608, 29.539555846434506 ], [ -98.786679572691313, 29.539921470996486 ], [ -98.78560252082039, 29.540294297463017 ], [ -98.783995817512505, 29.540995687181901 ], [ -98.782766692686621, 29.541736033872745 ], [ -98.78095871129382, 29.542425775714516 ], [ -98.779503353371638, 29.543061925375209 ], [ -98.777651163995728, 29.543740266311367 ], [ -98.776120283124683, 29.544380764611194 ], [ -98.774986048131183, 29.544902329518276 ], [ -98.773429737972748, 29.545504395636083 ], [ -98.771873558957367, 29.546183159900952 ], [ -98.77063223864937, 29.546686452193423 ], [ -98.769038618842416, 29.547218453772153 ], [ -98.767602643932676, 29.547637893482531 ], [ -98.766090712077556, 29.548120361766866 ], [ -98.764597854674236, 29.548578026809043 ], [ -98.76323109704478, 29.549038156501592 ], [ -98.762380633366448, 29.549266788537409 ], [ -98.760756035860894, 29.549631663231271 ], [ -98.759527846715471, 29.549997235807744 ], [ -98.75831811602967, 29.550464367578495 ], [ -98.756881916723856, 29.55094009893401 ], [ -98.755332021829176, 29.551474271971287 ], [ -98.754084503651811, 29.551945807959473 ], [ -98.752465775942241, 29.552387308703356 ], [ -98.751173770854194, 29.552969296738286 ], [ -98.74998939359979, 29.55332809336975 ], [ -98.738578093503264, 29.554522315271985 ], [ -98.720541648610478, 29.559530848038538 ], [ -98.704297822107961, 29.56395406331481 ], [ -98.691603032323727, 29.567409228841967 ], [ -98.691151298357411, 29.564041679901276 ], [ -98.691619023416195, 29.563844206161406 ], [ -98.692070004060824, 29.56342331186082 ], [ -98.692724955976658, 29.562971298498006 ], [ -98.693370340474772, 29.562480901583914 ], [ -98.693708189471778, 29.562129687726024 ], [ -98.693874852512707, 29.561848025671527 ], [ -98.694162373527561, 29.561496694607005 ], [ -98.694329780679752, 29.561181188587245 ], [ -98.694705244381325, 29.560333657217505 ], [ -98.69495769280374, 29.559627993730782 ], [ -98.694924243703227, 29.559165360736348 ], [ -98.694930997819952, 29.558635129610636 ], [ -98.694895077718684, 29.558350744546143 ], [ -98.694700013042791, 29.557781691144417 ], [ -98.69466537741782, 29.557285209885386 ], [ -98.694671277198722, 29.556824923831577 ], [ -98.694721575862317, 29.556188743358142 ], [ -98.694807053274005, 29.555868534686081 ], [ -98.695015729711216, 29.555341023748355 ], [ -98.695182377822803, 29.555059359656408 ], [ -98.695391601037656, 29.554563437944818 ], [ -98.695802735698152, 29.554072490944836 ], [ -98.696456010272854, 29.553724247491274 ], [ -98.696825531504928, 29.55333925203087 ], [ -98.696792929645852, 29.55280667375029 ], [ -98.696836994404109, 29.552524727604819 ], [ -98.696841169986314, 29.552206588571657 ], [ -98.696887493258316, 29.551816342325072 ], [ -98.696850387066036, 29.551495852341699 ], [ -98.69689895537509, 29.551001817700186 ], [ -98.696984730057636, 29.550577815367745 ], [ -98.69672025667775, 29.549489639878413 ], [ -98.695703238755002, 29.549383521558511 ], [ -98.695014720103117, 29.549876088374461 ], [ -98.694600555681305, 29.550091749153204 ], [ -98.694153082283421, 29.550228358406649 ], [ -98.693786028358772, 29.55043735547569 ], [ -98.692850752707557, 29.550604424378527 ], [ -98.692445308993399, 29.550707279886794 ], [ -98.69211996778229, 29.550774216852343 ], [ -98.691552928384056, 29.550768389591401 ], [ -98.689481951195162, 29.55102981704341 ], [ -98.689116609831402, 29.551096653725729 ], [ -98.688871572737057, 29.551272076888942 ], [ -98.688502458158695, 29.551517156522575 ], [ -98.688173769709422, 29.551832277787597 ], [ -98.687763467731628, 29.55225325538677 ], [ -98.68759507631222, 29.552677057212208 ], [ -98.687142509429449, 29.553203983003119 ], [ -98.686772195460236, 29.55362505156841 ], [ -98.686724755816513, 29.554155187122984 ], [ -98.686797192461924, 29.554723962915887 ], [ -98.686469666798899, 29.555075184544634 ], [ -98.686586849906647, 29.555359763388619 ], [ -98.686943795315742, 29.555929210510079 ], [ -98.687583839708239, 29.556539936807049 ], [ -98.687945754026202, 29.55675514234089 ], [ -98.688348307903198, 29.556972699220296 ], [ -98.688748603024678, 29.557296298794117 ], [ -98.689069122239118, 29.557547506331698 ], [ -98.689469097273928, 29.557977152177603 ], [ -98.690107459732303, 29.558725500724549 ], [ -98.690303571543339, 29.559154668273031 ], [ -98.690541627960613, 29.559581677101139 ], [ -98.69065861450521, 29.559936199751043 ], [ -98.690694413281804, 29.560256687342779 ], [ -98.690736249101093, 29.561348866698815 ], [ -98.689767643009475, 29.56035380624914 ], [ -98.687511201172725, 29.559389560066553 ], [ -98.685888367074313, 29.56113216168611 ], [ -98.688116666407481, 29.564544527831046 ], [ -98.686672081816795, 29.565581312954773 ], [ -98.685130561751279, 29.565825867264007 ], [ -98.683804336665744, 29.565098422915238 ], [ -98.68247714431169, 29.562416949648672 ], [ -98.681970298449201, 29.561711750134958 ], [ -98.677851827545155, 29.55894454508989 ], [ -98.670087935590999, 29.560516228009305 ], [ -98.664193400280851, 29.559404862903662 ], [ -98.662856332526289, 29.559099123095155 ], [ -98.659582448848965, 29.559206428567666 ], [ -98.65723565178844, 29.559283298218091 ], [ -98.657189041047772, 29.557992536926438 ], [ -98.656216171215107, 29.556839276414312 ], [ -98.654734840005531, 29.556097602758449 ], [ -98.655824890979389, 29.552363888421297 ], [ -98.655307185292344, 29.551126056322921 ], [ -98.655053170812153, 29.548988616702644 ], [ -98.653950967343889, 29.546066009468586 ], [ -98.651046293999741, 29.54546047442966 ], [ -98.651058192448062, 29.543874278518715 ], [ -98.646402189875175, 29.543654383637467 ], [ -98.644524621616725, 29.545064116963758 ], [ -98.643455132410736, 29.546848257119041 ], [ -98.640146408976179, 29.552367473356561 ], [ -98.631711167930433, 29.554212626163672 ], [ -98.631252862381572, 29.551440540090766 ], [ -98.633540337850661, 29.548432364743825 ], [ -98.634127941906883, 29.546484483982447 ], [ -98.632810417584423, 29.54316399009247 ], [ -98.633173475954848, 29.541766044564334 ], [ -98.634455770412444, 29.539456799807795 ], [ -98.634457244440313, 29.538150366167397 ], [ -98.63415902439101, 29.537492942066876 ], [ -98.63372876699043, 29.537320272573098 ], [ -98.633348431434811, 29.537256045952077 ], [ -98.632531254691301, 29.53741399104932 ], [ -98.631920571773492, 29.537725935775807 ], [ -98.631344938504725, 29.537977054057798 ], [ -98.630855727491806, 29.538230665783228 ], [ -98.630435376268707, 29.538527337977225 ], [ -98.630204847310864, 29.538950893950542 ], [ -98.62991732677618, 29.539613466278301 ], [ -98.629843443783386, 29.539886280463961 ], [ -98.629783072013481, 29.540522408317777 ], [ -98.629946712069412, 29.541109520020733 ], [ -98.629756320301581, 29.541314319214145 ], [ -98.625534551789499, 29.545835529694973 ], [ -98.625703041523607, 29.547553098260767 ], [ -98.626049046466861, 29.548190367919148 ], [ -98.626351809184044, 29.548834283631116 ], [ -98.626971144089865, 29.548472748975524 ], [ -98.627630619003213, 29.547014730559702 ], [ -98.62786976972842, 29.546534794895031 ], [ -98.628289632191596, 29.546206540867182 ], [ -98.628826244629451, 29.546056863963035 ], [ -98.629385337886703, 29.54611032140302 ], [ -98.630788021823335, 29.546746008741337 ], [ -98.631245848792503, 29.547685928516696 ], [ -98.631009926674579, 29.548878891114043 ], [ -98.630083393742609, 29.550518948311328 ], [ -98.629844367151591, 29.550965042799586 ], [ -98.629488803136013, 29.551347633568618 ], [ -98.629038081199539, 29.551641959645323 ], [ -98.628142065933829, 29.552860147800775 ], [ -98.627496008534166, 29.554169284737277 ], [ -98.627218444056851, 29.554563369940528 ], [ -98.6268154164691, 29.554864590848769 ], [ -98.626325749128583, 29.555041467003608 ], [ -98.62562460981448, 29.555181644272682 ], [ -98.624900217662315, 29.555328520410505 ], [ -98.624700720513829, 29.555368571536299 ], [ -98.624182448689467, 29.555254288088211 ], [ -98.623658247081053, 29.555347571430648 ], [ -98.623234620082897, 29.55563292873288 ], [ -98.623003468523009, 29.556031649272555 ], [ -98.624054002517056, 29.557711102883211 ], [ -98.624360140419242, 29.559539621650242 ], [ -98.62425940381415, 29.560261371995786 ], [ -98.624031991049733, 29.560693949744021 ], [ -98.623691243847986, 29.561067541159169 ], [ -98.623257261042696, 29.561355124872922 ], [ -98.62275387431805, 29.561568050356932 ], [ -98.622350034462585, 29.561903100580817 ], [ -98.622107502404816, 29.562297079058723 ], [ -98.62208519755788, 29.562333311740865 ], [ -98.62198469608586, 29.562813630705708 ], [ -98.622077547266827, 29.563348651943191 ], [ -98.622508095191108, 29.56537608650693 ], [ -98.623033255145572, 29.567471478555703 ], [ -98.623181244509468, 29.567929939511959 ], [ -98.623435193216949, 29.568350342333119 ], [ -98.623541282408738, 29.568461963558597 ], [ -98.623783546651069, 29.568716859459172 ], [ -98.624212169714653, 29.569013655929542 ], [ -98.624646374280616, 29.569197648774683 ], [ -98.62353870236943, 29.573147650742538 ], [ -98.621416109018128, 29.575661965660075 ], [ -98.615931050346731, 29.578455374764022 ], [ -98.613716323783891, 29.580344286655205 ], [ -98.613044467863801, 29.581723217291589 ], [ -98.612048851005184, 29.583385499701137 ], [ -98.610833877062163, 29.585024567075148 ], [ -98.609222924303097, 29.587255877533842 ], [ -98.60832549615607, 29.587693221264363 ], [ -98.606525404487826, 29.588414442260117 ], [ -98.604493410067221, 29.589019874276104 ], [ -98.602665500189872, 29.58925133234974 ], [ -98.602246934541128, 29.588852961726385 ], [ -98.601498136573696, 29.588079045218993 ], [ -98.601089126170393, 29.587222660615545 ], [ -98.600742822930854, 29.586504101011769 ], [ -98.600201415750945, 29.586495702340478 ], [ -98.599346801813667, 29.587032393591198 ], [ -98.5979622939671, 29.587745726378937 ], [ -98.596570963795102, 29.588547021744876 ], [ -98.59487553086548, 29.589539163432612 ], [ -98.59382025727308, 29.590050385851494 ], [ -98.592588127242934, 29.590565569786065 ], [ -98.590560015001358, 29.591457355386773 ], [ -98.588253845603646, 29.592474602904041 ], [ -98.586232995446011, 29.593149734825865 ], [ -98.58475634929033, 29.593625725311995 ], [ -98.582638130941064, 29.593955276758898 ], [ -98.580583417396525, 29.594219561822626 ], [ -98.578219151957128, 29.594579853701759 ], [ -98.577689666502195, 29.594643604470058 ], [ -98.577574227868595, 29.594158123168413 ], [ -98.577472250284785, 29.592765635344826 ], [ -98.57740874611882, 29.591278503092997 ], [ -98.577822957100977, 29.590686402793352 ], [ -98.577778964565908, 29.589937156314043 ], [ -98.577816045438169, 29.589091145550665 ], [ -98.577873698244503, 29.588418937954565 ], [ -98.578045589286901, 29.587433461932903 ], [ -98.578477230726691, 29.586990333500228 ], [ -98.578556517746051, 29.586546084922105 ], [ -98.57856728793503, 29.585973007225313 ], [ -98.578871912811408, 29.585655829605781 ], [ -98.580058047130095, 29.58534144194347 ], [ -98.58123096073038, 29.585101461145541 ], [ -98.582228713184278, 29.584770665463484 ], [ -98.582011278436752, 29.583664371547361 ], [ -98.582328807300385, 29.582559760538988 ], [ -98.583039619439944, 29.581853501888986 ], [ -98.583182715001783, 29.581265044550594 ], [ -98.583161797956535, 29.580858836328723 ], [ -98.58334433406263, 29.580408139656289 ], [ -98.583721319507248, 29.580061844044423 ], [ -98.584582916789557, 29.579401176357422 ], [ -98.585871937769312, 29.578836602930636 ], [ -98.586289606687231, 29.578321201198346 ], [ -98.586379646411615, 29.576811983953665 ], [ -98.586481295625461, 29.575144857704498 ], [ -98.586916638877497, 29.5742459290868 ], [ -98.587636129905547, 29.573286959693071 ], [ -98.588411506013145, 29.572386824595263 ], [ -98.589103602706885, 29.571653397369268 ], [ -98.58967653938349, 29.570865445753686 ], [ -98.589913737624997, 29.570288552031101 ], [ -98.590070790480539, 29.569585054534318 ], [ -98.59030622504919, 29.568484681094404 ], [ -98.590815460517007, 29.567006082935748 ], [ -98.591560180591017, 29.566008810584687 ], [ -98.592476278741245, 29.565551328344227 ], [ -98.593988480103462, 29.564624085344708 ], [ -98.594543070088235, 29.563725493439552 ], [ -98.59548337213613, 29.562690437279407 ], [ -98.596234583070199, 29.561663824372271 ], [ -98.596498998715887, 29.56087941585653 ], [ -98.595460728240553, 29.561248556353696 ], [ -98.593029442872407, 29.561793937012411 ], [ -98.588677776687589, 29.562568000003175 ], [ -98.586686981054285, 29.562347466395519 ], [ -98.585012507045349, 29.56161118678309 ], [ -98.583538346292443, 29.560805566807627 ], [ -98.582536266618078, 29.560678321904465 ], [ -98.582104807556235, 29.560638607247334 ], [ -98.581714143853063, 29.560562917517281 ], [ -98.581353852306421, 29.560162408182361 ], [ -98.580956677632983, 29.559788856841095 ], [ -98.580718254031041, 29.55956246950532 ], [ -98.580438691338529, 29.559299849134458 ], [ -98.580211836905193, 29.559084778679996 ], [ -98.579628669783929, 29.558602331079864 ], [ -98.579356704395096, 29.558375834300911 ], [ -98.578907510408754, 29.558415025758638 ], [ -98.578425394016406, 29.558458623517776 ], [ -98.57811753434305, 29.558486979259452 ], [ -98.577705615684806, 29.558715818162845 ], [ -98.57727337158066, 29.558712187194551 ], [ -98.576923783128933, 29.558690766737048 ], [ -98.576554429714776, 29.558612873635919 ], [ -98.576267939576326, 29.55846755389403 ], [ -98.576211382444882, 29.558106356886604 ], [ -98.576563802015755, 29.557757745643965 ], [ -98.576625258530299, 29.557408206148555 ], [ -98.57674550560985, 29.556729426527596 ], [ -98.577078504917139, 29.556549979054854 ], [ -98.577167318123713, 29.556137348564555 ], [ -98.577213260950941, 29.55579452884448 ], [ -98.576968172259569, 29.555468833426275 ], [ -98.577102745295065, 29.554911941774108 ], [ -98.576378734182526, 29.554487696632517 ], [ -98.575575293654907, 29.55516429517759 ], [ -98.57523176192079, 29.554777360382761 ], [ -98.5749248451867, 29.554428899881788 ], [ -98.574741843916968, 29.554222985784957 ], [ -98.574206922988722, 29.554401780713242 ], [ -98.573771938937369, 29.554594432431855 ], [ -98.573582358590997, 29.554880381226184 ], [ -98.57331092165154, 29.555148016051756 ], [ -98.573040355792031, 29.555361500487859 ], [ -98.57268744929813, 29.555518310204505 ], [ -98.57227491414811, 29.555586930111865 ], [ -98.571925347182216, 29.555563240518282 ], [ -98.571535507425594, 29.555451422391716 ], [ -98.57134999056214, 29.555078525181493 ], [ -98.571228435191344, 29.554836702991761 ], [ -98.571058269979673, 29.554495443905633 ], [ -98.570851002837998, 29.554079605221087 ], [ -98.570639895849183, 29.553656984840472 ], [ -98.57100469615041, 29.552974487592696 ], [ -98.571365933714816, 29.552982422543387 ], [ -98.57161561480531, 29.552825283415775 ], [ -98.571925564835155, 29.552756334942053 ], [ -98.572605649746947, 29.552726935563275 ], [ -98.57338734972106, 29.552772319180825 ], [ -98.573699119330556, 29.55257701691772 ], [ -98.573662487883595, 29.552236189439096 ], [ -98.573481939745761, 29.551908438203345 ], [ -98.572975405121966, 29.551629279133873 ], [ -98.571774939118839, 29.551147067599345 ], [ -98.547656877557316, 29.569794840321446 ], [ -98.534468696856976, 29.57801876064622 ], [ -98.531674995382247, 29.579032007311913 ], [ -98.521522357982221, 29.582713601781997 ], [ -98.518947478955155, 29.583647150748519 ], [ -98.507534439333782, 29.586126834137033 ], [ -98.506692203761261, 29.586309781221519 ], [ -98.499945504981653, 29.589788623066596 ], [ -98.499757309325489, 29.589607407874219 ], [ -98.499663791084146, 29.589464906253596 ], [ -98.499256703504571, 29.589176817494053 ], [ -98.498655866249493, 29.588526982129462 ], [ -98.498224678622279, 29.588024447947213 ], [ -98.498005303637612, 29.587755115011436 ], [ -98.497453786170183, 29.587443910818262 ], [ -98.496700012207626, 29.58731695723554 ], [ -98.496065878514628, 29.587269424847012 ], [ -98.495305059518799, 29.58726202210412 ], [ -98.494235714480752, 29.587524199295665 ], [ -98.492813663486643, 29.587854967291349 ], [ -98.49163115768728, 29.588159561623709 ], [ -98.489749722420157, 29.588594584227533 ], [ -98.488390817753867, 29.588939084726512 ], [ -98.486836554520423, 29.589373070164545 ], [ -98.485326768032579, 29.589687623786325 ], [ -98.483025549573711, 29.589917852834422 ], [ -98.482063584315057, 29.589993074453606 ], [ -98.481497479443931, 29.590017940342616 ], [ -98.48119649725534, 29.589813694597346 ], [ -98.480977948064563, 29.589517261891988 ], [ -98.480691481135835, 29.58899944193351 ], [ -98.480416272801861, 29.588677966616139 ], [ -98.480036126703681, 29.587929633439558 ], [ -98.47973752619319, 29.587262846830626 ], [ -98.47932031292612, 29.586320322270346 ], [ -98.478983751966453, 29.585633077480388 ], [ -98.47847779990407, 29.585008344620832 ], [ -98.477953643508016, 29.584160160819675 ], [ -98.477472702763123, 29.583443012353865 ], [ -98.476935343279919, 29.582655693962931 ], [ -98.476322917154974, 29.581910947084481 ], [ -98.475741488700649, 29.581288162115897 ], [ -98.475216359694542, 29.580636264905525 ], [ -98.474716472469609, 29.579970926820366 ], [ -98.473946806646481, 29.579191702046099 ], [ -98.472694045717674, 29.578248099388667 ], [ -98.471692101359992, 29.577470195305118 ], [ -98.470845557789218, 29.577087761126428 ], [ -98.470336705994086, 29.577036092817302 ], [ -98.469613495925842, 29.577132484740261 ], [ -98.468833248550226, 29.577400125873979 ], [ -98.468292483365332, 29.577404730162133 ], [ -98.467621244024784, 29.577187689243694 ], [ -98.466943318732518, 29.577015744820649 ], [ -98.466389750221836, 29.577124081460884 ], [ -98.466737228914837, 29.576694518658599 ], [ -98.466939255690988, 29.576438107886137 ], [ -98.466922071787224, 29.576146972182293 ], [ -98.466634041886238, 29.575947258943113 ], [ -98.466086867390857, 29.575945059959004 ], [ -98.465715565709644, 29.576119560307646 ], [ -98.465362332706775, 29.576415974096857 ], [ -98.464700322342537, 29.576898417386179 ], [ -98.464051268845367, 29.577247786428082 ], [ -98.463529397053975, 29.577340444879422 ], [ -98.462599825997742, 29.577167461389429 ], [ -98.461470026574872, 29.576910175564507 ], [ -98.460966255129975, 29.577117969904609 ], [ -98.460475471515181, 29.577310020606308 ], [ -98.460003230120194, 29.577533734091823 ], [ -98.459777450775661, 29.577633004797775 ], [ -98.459159166655112, 29.57790484913118 ], [ -98.458277996464602, 29.578214886527739 ], [ -98.457339434019943, 29.578637499544097 ], [ -98.456577132139572, 29.579040520685655 ], [ -98.455788932386085, 29.579578810923945 ], [ -98.454674309857865, 29.580097705541512 ], [ -98.453402435187002, 29.580577585604118 ], [ -98.4519799287647, 29.581106471406653 ], [ -98.451205790399086, 29.581423671876433 ], [ -98.45096575192963, 29.581659593422675 ], [ -98.450826890960045, 29.581801167577499 ], [ -98.450511853676318, 29.581944268975317 ], [ -98.450471028847446, 29.582571358132586 ], [ -98.450494579663882, 29.582988875931999 ], [ -98.450549312938207, 29.58336816474332 ], [ -98.450697185435303, 29.583946395853321 ], [ -98.450807215447938, 29.584601184545175 ], [ -98.450836123960229, 29.58510220834884 ], [ -98.450613492652948, 29.585696956842863 ], [ -98.450328607845705, 29.586108684390176 ], [ -98.449785990841306, 29.586684055558141 ], [ -98.449210684680111, 29.587336003059519 ], [ -98.448226616029061, 29.588153217820544 ], [ -98.446850042533995, 29.589465181069908 ], [ -98.446263610143433, 29.589902719173715 ], [ -98.445438886243096, 29.590131677414295 ], [ -98.444891677391581, 29.590239949678917 ], [ -98.44434333008131, 29.590555797067495 ], [ -98.443972086191025, 29.590703159905452 ], [ -98.443324223856592, 29.590806491515703 ], [ -98.44263247648334, 29.590909635692881 ], [ -98.442860293645012, 29.59055634954338 ], [ -98.443075314594054, 29.59030003151199 ], [ -98.443441974354513, 29.589811947977473 ], [ -98.443576470657888, 29.589293558001739 ], [ -98.443377924839822, 29.588782797063502 ], [ -98.443021239054133, 29.588395469839188 ], [ -98.442656627421314, 29.58839393955272 ], [ -98.442367358899659, 29.588422057209691 ], [ -98.441519172861319, 29.588341776561748 ], [ -98.440627491773625, 29.588191361612452 ], [ -98.439931200113307, 29.5879515121017 ], [ -98.439399152382023, 29.587536359531537 ], [ -98.438824066772668, 29.586852521229009 ], [ -98.438324215692589, 29.58621863721114 ], [ -98.438037457074969, 29.58567816298109 ], [ -98.437489197153383, 29.5846988543266 ], [ -98.437084356182964, 29.583925475979946 ], [ -98.436493312640238, 29.582751938328393 ], [ -98.43578971087355, 29.581282340893083 ], [ -98.435147109804362, 29.580334209678007 ], [ -98.434814121318766, 29.580337305399738 ], [ -98.434524483424966, 29.580435349961007 ], [ -98.434045958556666, 29.580616073143876 ], [ -98.433466553563051, 29.580834721875874 ], [ -98.432780561352629, 29.581073219338261 ], [ -98.431572241643963, 29.581476445590827 ], [ -98.430350474952107, 29.581974369192476 ], [ -98.428896124537673, 29.582518663489164 ], [ -98.427611496337192, 29.583059160412461 ], [ -98.42624539990949, 29.58351129692667 ], [ -98.425149799889397, 29.583942026900885 ], [ -98.424192067831342, 29.584411703660997 ], [ -98.423182953870821, 29.58506391166609 ], [ -98.4225958433465, 29.58560738863639 ], [ -98.422203613821353, 29.585968748754862 ], [ -98.42210345706772, 29.586061022332597 ], [ -98.421672569741958, 29.586819525157512 ], [ -98.421310442754432, 29.587627964554997 ], [ -98.421069007802174, 29.588093969745124 ], [ -98.420700585348186, 29.588873047987242 ], [ -98.420572465606057, 29.589384672440325 ], [ -98.420620661740202, 29.589759431227776 ], [ -98.420795266044152, 29.590035464058644 ], [ -98.421026880767528, 29.590273387711324 ], [ -98.421326955449061, 29.590615400017757 ], [ -98.421532732848121, 29.590857722056974 ], [ -98.421674962922481, 29.591379551114009 ], [ -98.421822039418998, 29.592183440160113 ], [ -98.421693135930227, 29.592832697137645 ], [ -98.421350382569472, 29.593408820301761 ], [ -98.420850906761075, 29.594079024091862 ], [ -98.420319607141849, 29.594670115388968 ], [ -98.419435940664428, 29.595483039010755 ], [ -98.418332434831314, 29.596139307586206 ], [ -98.41659121714234, 29.597476428061857 ], [ -98.415606469732737, 29.598236985797378 ], [ -98.414786170681822, 29.598905752097775 ], [ -98.413677774784205, 29.599279920320981 ], [ -98.412500213377044, 29.599782383506582 ], [ -98.411429730197341, 29.600070960626848 ], [ -98.409478048211611, 29.600725646060418 ], [ -98.409420820228362, 29.600910409170485 ], [ -98.409362223561459, 29.601219262978478 ], [ -98.409267284874417, 29.601451240299994 ], [ -98.408793570918604, 29.601889111028576 ], [ -98.408364675267805, 29.602166982245262 ], [ -98.407514756751723, 29.602368514752548 ], [ -98.406910937533397, 29.602426737721597 ], [ -98.407047893821925, 29.602736464142385 ], [ -98.407128937999744, 29.602894767677718 ], [ -98.407108703335112, 29.603154152666239 ], [ -98.406861357856471, 29.603509544164801 ], [ -98.406553293414802, 29.603542011934231 ], [ -98.40634685340703, 29.603414735215537 ], [ -98.406065059973542, 29.603149486014747 ], [ -98.405533352574338, 29.60268681833125 ], [ -98.405107930425061, 29.602260726089856 ], [ -98.405247108248389, 29.602080845561222 ], [ -98.405398783596993, 29.601970965542911 ], [ -98.405600762947543, 29.601757521228542 ], [ -98.405935156859258, 29.6015266184415 ], [ -98.406421052206781, 29.601104606495156 ], [ -98.40699041406927, 29.600425746597686 ], [ -98.406569136377783, 29.600505090723939 ], [ -98.406241163997763, 29.600632233357814 ], [ -98.40575078707748, 29.600718034520373 ], [ -98.404870416444197, 29.600720858808248 ], [ -98.404185324945615, 29.600771936452851 ], [ -98.403419316124811, 29.600644397994646 ], [ -98.402589912507679, 29.600541389912166 ], [ -98.401998205347752, 29.600626721018475 ], [ -98.401544792057436, 29.600791644187179 ], [ -98.401066153835401, 29.600965476833899 ], [ -98.400562881148176, 29.601157247462787 ], [ -98.399850178651874, 29.601510522852816 ], [ -98.399245990281912, 29.601740189174166 ], [ -98.398553190300035, 29.602001039231318 ], [ -98.39772878790761, 29.602141703676523 ], [ -98.396176035142744, 29.602224900465952 ], [ -98.395559464712875, 29.602255938702282 ], [ -98.395394735706049, 29.602496613069079 ], [ -98.395198661988246, 29.60279806461747 ], [ -98.395032570175175, 29.603266619316848 ], [ -98.394829124408616, 29.603721465501565 ], [ -98.394356586264664, 29.605138525883358 ], [ -98.39405098855174, 29.605836585079167 ], [ -98.393676351212534, 29.606529816146061 ], [ -98.393255641187039, 29.607694402789242 ], [ -98.392835005472989, 29.608737147463845 ], [ -98.392511100721464, 29.609362917011111 ], [ -98.391405139102346, 29.61048148848457 ], [ -98.390861277268883, 29.61107916884151 ], [ -98.390033823376172, 29.611819947725419 ], [ -98.389107111750349, 29.612427142155752 ], [ -98.388387173534625, 29.612996926213672 ], [ -98.387706115638466, 29.613433763569443 ], [ -98.386961684665067, 29.613888355483098 ], [ -98.386488253200298, 29.61425394392386 ], [ -98.386139882897368, 29.614753231351987 ], [ -98.38547484005062, 29.615632366258893 ], [ -98.384703154710138, 29.616531308888383 ], [ -98.384097046140255, 29.61705647080937 ], [ -98.383136931345305, 29.617834945848859 ], [ -98.381811794694599, 29.618765141562207 ], [ -98.380909389401495, 29.619390440570594 ], [ -98.379352596782525, 29.620193177403227 ], [ -98.37820490472302, 29.620810541044563 ], [ -98.377851470509853, 29.621072870925975 ], [ -98.377415538493679, 29.621418295162027 ], [ -98.376746405854689, 29.621893487907489 ], [ -98.375831857178341, 29.622489362333098 ], [ -98.375004534525175, 29.623175893646657 ], [ -98.375002475377613, 29.621522019341121 ], [ -98.374851146872288, 29.621670221991192 ], [ -98.374712213608518, 29.621901965588833 ], [ -98.374567720497481, 29.622093069495499 ], [ -98.374353393180286, 29.622198104815819 ], [ -98.374114195489028, 29.622253383455362 ], [ -98.373875179533684, 29.622279331262931 ], [ -98.373485330683394, 29.622268465499914 ], [ -98.373189803778686, 29.622350552721329 ], [ -98.373012890970557, 29.622564064704925 ], [ -98.372741579652271, 29.623009528414904 ], [ -98.372508935212011, 29.623152830485711 ], [ -98.372225600703061, 29.623246254396157 ], [ -98.371804016781283, 29.623147238103986 ], [ -98.371282346537782, 29.622948469260098 ], [ -98.370917602228616, 29.623052785715345 ], [ -98.370684661054298, 29.623243465797007 ], [ -98.370489048166363, 29.623452372897468 ], [ -98.370155526570969, 29.623622268321693 ], [ -98.369808910430081, 29.62382143218262 ], [ -98.369293287535456, 29.623791906182031 ], [ -98.368941732965737, 29.623643575313952 ], [ -98.368715739762493, 29.623340156205707 ], [ -98.368388503821677, 29.623433362947321 ], [ -98.368111309856573, 29.623576445946405 ], [ -98.367286658823545, 29.623929009238115 ], [ -98.366430483206841, 29.624263366476921 ], [ -98.365663025060115, 29.624553016685383 ], [ -98.363802657516246, 29.625040491522789 ], [ -98.363201441599713, 29.625172984540466 ], [ -98.361940981730328, 29.62552793401689 ], [ -98.361246696517014, 29.625881086295522 ], [ -98.360469314695521, 29.626204503062052 ], [ -98.359783754737549, 29.626503538551724 ], [ -98.359075407392695, 29.6267302598627 ], [ -98.358159683195296, 29.626775470374596 ], [ -98.357196617260328, 29.626854289286261 ], [ -98.356495764134763, 29.626916323277172 ], [ -98.355372839079152, 29.627159063027566 ], [ -98.354595385475577, 29.627489213149182 ], [ -98.353659299675201, 29.627992320309311 ], [ -98.352605507790571, 29.628526433755269 ], [ -98.351719145254151, 29.628923723944798 ], [ -98.35118229979976, 29.629180571937219 ], [ -98.350229743941142, 29.629629422549957 ], [ -98.349651965625455, 29.630025953718214 ], [ -98.349000963825659, 29.630564269222713 ], [ -98.348241730407992, 29.631767653024276 ], [ -98.347835517348443, 29.632688477603548 ], [ -98.347137108517103, 29.633465716159225 ], [ -98.346618493258404, 29.63429347496464 ], [ -98.346150121763458, 29.635037996975317 ], [ -98.345604549720804, 29.635838543220959 ], [ -98.345258543899263, 29.636328705164175 ], [ -98.344980450634864, 29.636600342464348 ], [ -98.344026440187037, 29.635465228891285 ], [ -98.343399297368535, 29.634704014195709 ], [ -98.343000462038546, 29.6340815603455 ], [ -98.342728127156263, 29.633565778623375 ], [ -98.342431790950926, 29.633167203945543 ], [ -98.34336861097951, 29.63266643751103 ], [ -98.343029454868116, 29.631902133171685 ], [ -98.342771180075658, 29.631210430745117 ], [ -98.342449684148875, 29.630511645306797 ], [ -98.342319006544074, 29.62975739812827 ], [ -98.34235585770405, 29.629053619435055 ], [ -98.342378591738367, 29.628137680707798 ], [ -98.342360379316574, 29.627562237024534 ], [ -98.342283581745718, 29.627060960641359 ], [ -98.342295315918591, 29.626645862195787 ], [ -98.342425246766425, 29.626321601161752 ], [ -98.342575673701646, 29.626022260801005 ], [ -98.342675189823964, 29.625808406731448 ], [ -98.343175125062771, 29.625569460299428 ], [ -98.343727785883686, 29.625263084869005 ], [ -98.344113026810959, 29.624989722903781 ], [ -98.344220302151882, 29.624872926769633 ], [ -98.344289446570656, 29.624762709959946 ], [ -98.344422204920178, 29.624598657369244 ], [ -98.344585379249438, 29.62452274977019 ], [ -98.344900097098034, 29.624472410033192 ], [ -98.345139066271372, 29.624455539730853 ], [ -98.345510109948577, 29.624479933895945 ], [ -98.345793516139025, 29.624379798966824 ], [ -98.346077193713697, 29.624137518306956 ], [ -98.345983343374073, 29.623875326298023 ], [ -98.345789127878021, 29.623660021479683 ], [ -98.345839223547898, 29.623500072138466 ], [ -98.34595903777317, 29.62334046653417 ], [ -98.34618660841879, 29.623088883538447 ], [ -98.346564446616767, 29.622659794577881 ], [ -98.346898934546346, 29.622345560757477 ], [ -98.347302123665131, 29.621988795681148 ], [ -98.347327243868548, 29.621797134737719 ], [ -98.347302803820213, 29.621582666996488 ], [ -98.347278087609439, 29.621411067152639 ], [ -98.347228669962121, 29.621065611457961 ], [ -98.347053413871677, 29.620613491243446 ], [ -98.346771617876897, 29.619865271989362 ], [ -98.346778926054512, 29.619632910751957 ], [ -98.346848093121125, 29.619518179870486 ], [ -98.347100333472312, 29.619343431363493 ], [ -98.347597303551353, 29.619057070693273 ], [ -98.3484163601766, 29.618474460867056 ], [ -98.349499622861316, 29.617861552860241 ], [ -98.349518899727613, 29.61767437511536 ], [ -98.349588278957143, 29.617525799861731 ], [ -98.349739991316881, 29.617221944811227 ], [ -98.349916998835596, 29.616798629556296 ], [ -98.350094033797419, 29.616370800871938 ], [ -98.350384188028585, 29.615918707635881 ], [ -98.35066167006606, 29.615529727084464 ], [ -98.351065251139161, 29.615105262753648 ], [ -98.351468743135669, 29.614694333955864 ], [ -98.351576281921837, 29.614331596827057 ], [ -98.351287061908437, 29.614336951539748 ], [ -98.351110353432432, 29.614412801530928 ], [ -98.350732740168638, 29.614512487339251 ], [ -98.350525621047865, 29.614599469245306 ], [ -98.350248389530222, 29.614647749954266 ], [ -98.350097093723676, 29.614786899274176 ], [ -98.349977093666794, 29.614978096205537 ], [ -98.349864170507004, 29.615072307276577 ], [ -98.349605839113963, 29.615192880938153 ], [ -98.349316268171535, 29.615252380704337 ], [ -98.348945170126768, 29.615241535066129 ], [ -98.348775232215957, 29.61526777673172 ], [ -98.348542464650649, 29.615327553602157 ], [ -98.348366847840197, 29.615333460261958 ], [ -98.348020749257742, 29.615349810493228 ], [ -98.347744014844025, 29.615420651670892 ], [ -98.347485432104278, 29.615579576793223 ], [ -98.347158298859682, 29.615557660585271 ], [ -98.346900806406524, 29.615547368179257 ], [ -98.346623672562643, 29.615579848435445 ], [ -98.346397401180141, 29.61563288475428 ], [ -98.34613953913329, 29.61557971916433 ], [ -98.345926202255797, 29.615529029229521 ], [ -98.345549528977884, 29.615181959539182 ], [ -98.345272717212353, 29.615164799607211 ], [ -98.344963987628901, 29.615291884209107 ], [ -98.344787699245657, 29.615401572258193 ], [ -98.344505003813936, 29.615395663439813 ], [ -98.344379349343228, 29.615261920825201 ], [ -98.344235133890905, 29.615003991170035 ], [ -98.34398451050474, 29.614531187881784 ], [ -98.343658809859605, 29.614089599996362 ], [ -98.343344689637902, 29.613853391738726 ], [ -98.34302430707919, 29.613587819686842 ], [ -98.342792909350933, 29.613038395025509 ], [ -98.342529784263263, 29.612504606623105 ], [ -98.34221593522112, 29.612227783227244 ], [ -98.341977491948882, 29.61206866096412 ], [ -98.341676467980562, 29.61170616103659 ], [ -98.341350286916878, 29.611440556203338 ], [ -98.341029550235746, 29.611330661524303 ], [ -98.340733487153599, 29.611396879751592 ], [ -98.340475874003786, 29.611406880715364 ], [ -98.340136639152703, 29.611362324797373 ], [ -98.33965895507788, 29.611168163672236 ], [ -98.339282393399543, 29.610809795130994 ], [ -98.338762287092976, 29.610094215950291 ], [ -98.338215435923516, 29.609719202054901 ], [ -98.337712646647347, 29.609615160082186 ], [ -98.337417232062819, 29.609681373931441 ], [ -98.337164926649479, 29.609867386070942 ], [ -98.3369129701438, 29.610098525133353 ], [ -98.336660977590782, 29.610433452952091 ], [ -98.336238002348779, 29.610954797238762 ], [ -98.335677493326955, 29.611482220319452 ], [ -98.33526729922373, 29.612021675582387 ], [ -98.334870128314932, 29.612543144512784 ], [ -98.334472885475364, 29.612976616056002 ], [ -98.334062597676265, 29.613626624976593 ], [ -98.333828691048822, 29.614153422315031 ], [ -98.33347437978729, 29.614927806149669 ], [ -98.333258977324633, 29.615682580472185 ], [ -98.333113345855281, 29.616232382822414 ], [ -98.332643607428025, 29.618064382244437 ], [ -98.332421468722984, 29.61885973399324 ], [ -98.332060096807425, 29.620015389631952 ], [ -98.331718577642604, 29.620900390421458 ], [ -98.331421399628894, 29.621521627970381 ], [ -98.331243854770278, 29.622208899691639 ], [ -98.331085534451617, 29.62281955508552 ], [ -98.331046254935004, 29.62329317642488 ], [ -98.331089723546768, 29.623749165107981 ], [ -98.331182716167504, 29.624135458947542 ], [ -98.331326498497049, 29.624553596756932 ], [ -98.331692713778509, 29.625015724304358 ], [ -98.331627717063682, 29.625180105575613 ], [ -98.331580274675602, 29.625423544968626 ], [ -98.331311546260906, 29.62603590005855 ], [ -98.331114248115227, 29.62668245875383 ], [ -98.331015280434897, 29.627591241682342 ], [ -98.330806831745889, 29.628458859506214 ], [ -98.330616531092119, 29.629315286733483 ], [ -98.330318499710501, 29.630060611940003 ], [ -98.330193190188695, 29.630655637331401 ], [ -98.330135844583026, 29.63122393097828 ], [ -98.330159839292477, 29.632085951788216 ], [ -98.330244091984284, 29.633501065588039 ], [ -98.330324894284374, 29.634559669379577 ], [ -98.329779171420938, 29.634486968134873 ], [ -98.32935994672097, 29.634518692844644 ], [ -98.328398469413216, 29.634538646821994 ], [ -98.327226822929262, 29.634512401589497 ], [ -98.326468562277171, 29.634555935114193 ], [ -98.325201487828039, 29.634414117194815 ], [ -98.323473031265891, 29.634333110332307 ], [ -98.322525064784102, 29.634456879039096 ], [ -98.322424859590512, 29.634862497297782 ], [ -98.322414302923619, 29.635282111777638 ], [ -98.322470483256652, 29.635762985926814 ], [ -98.322852235398003, 29.635832624133013 ], [ -98.32332416667407, 29.635837288951702 ], [ -98.323892724367681, 29.636068072914902 ], [ -98.32429614188888, 29.636277706915489 ], [ -98.324749919485143, 29.636487595543702 ], [ -98.325566719490496, 29.636672254515844 ], [ -98.326044554682852, 29.636857442279133 ], [ -98.326430367695195, 29.637191075603972 ], [ -98.326908705460951, 29.637883925412158 ], [ -98.327091962483195, 29.638385749416418 ], [ -98.326902254259863, 29.638951112475979 ], [ -98.326672077964901, 29.639484681789472 ], [ -98.326270323098996, 29.640186600380165 ], [ -98.325941836937503, 29.640647467750465 ], [ -98.325775510710528, 29.641287405294129 ], [ -98.325713958660202, 29.64190079940753 ], [ -98.325701039687331, 29.642676893509179 ], [ -98.325709171256861, 29.643491450438347 ], [ -98.326047096356504, 29.643166008730866 ], [ -98.326681889097813, 29.642668340009784 ], [ -98.327278611461878, 29.642165962465565 ], [ -98.3279280358325, 29.641991009679966 ], [ -98.328634844588436, 29.641730605542456 ], [ -98.329740341640132, 29.641715891217899 ], [ -98.330408498213657, 29.641929100706943 ], [ -98.331023344965033, 29.642295465047034 ], [ -98.331351253220589, 29.642994309010181 ], [ -98.331621811827645, 29.642600824101287 ], [ -98.331800441162159, 29.642439272681855 ], [ -98.332390074322916, 29.641833047139684 ], [ -98.333280189080213, 29.641090697031355 ], [ -98.33405718432337, 29.640365823558167 ], [ -98.334765715852896, 29.639642857287001 ], [ -98.335370011388079, 29.638666661500306 ], [ -98.33591274938685, 29.637525446574418 ], [ -98.336973137044026, 29.636603420295852 ], [ -98.33793162629793, 29.635759846817862 ], [ -98.338161194263478, 29.636000158909912 ], [ -98.338431154169953, 29.636382817207632 ], [ -98.338699922139995, 29.636948228403881 ], [ -98.339123317267834, 29.637663323906974 ], [ -98.33936988803427, 29.638366256165234 ], [ -98.339670277232429, 29.638737782360685 ], [ -98.340117112588587, 29.639028811040287 ], [ -98.340707970945857, 29.639512337663554 ], [ -98.341137275624831, 29.640116898463916 ], [ -98.341256773702952, 29.64110123095687 ], [ -98.341628712234083, 29.642188349323554 ], [ -98.342000687396691, 29.643072401212226 ], [ -98.34191518128921, 29.643313398935152 ], [ -98.341589088455478, 29.643911950956824 ], [ -98.340986580277772, 29.644915258906458 ], [ -98.340287471439154, 29.645976745983177 ], [ -98.33979919578168, 29.646985128851217 ], [ -98.3390695815485, 29.647967487440503 ], [ -98.338387362556261, 29.648710913052522 ], [ -98.337844550392305, 29.649364780046714 ], [ -98.337141276042587, 29.650559349179382 ], [ -98.336559219051466, 29.651483767288944 ], [ -98.335773919241859, 29.652479365401671 ], [ -98.334701693179184, 29.654093995197037 ], [ -98.333930960890811, 29.655225031371668 ], [ -98.333043699867901, 29.656495365041874 ], [ -98.332584542738005, 29.657573809229643 ], [ -98.332227913496851, 29.658576054692418 ], [ -98.331918060039072, 29.659339370075063 ], [ -98.331437225896934, 29.660176279132269 ], [ -98.330799981931662, 29.661323762632183 ], [ -98.330148660157576, 29.662741923304541 ], [ -98.329285894615282, 29.663807032953308 ], [ -98.32823629150306, 29.664704225576287 ], [ -98.327253457833208, 29.665270076702168 ], [ -98.326364300716989, 29.665732608587415 ], [ -98.32499433934656, 29.666046028566701 ], [ -98.323381254486677, 29.66649808212637 ], [ -98.321775688190215, 29.667078761488337 ], [ -98.320523386477518, 29.667370174178732 ], [ -98.319153955889576, 29.66769481763199 ], [ -98.317289533879517, 29.668154530006209 ], [ -98.315398753968481, 29.66859377308764 ], [ -98.313266605177176, 29.669099427087858 ], [ -98.311911706018392, 29.669369919974727 ], [ -98.309571027906657, 29.669858636468149 ], [ -98.307937937850028, 29.670195326862455 ], [ -98.307968436659806, 29.669985653637095 ], [ -98.308219213603763, 29.669675598724304 ], [ -98.308620579188897, 29.669161008995083 ], [ -98.309054725596241, 29.668574387744368 ], [ -98.309029620946831, 29.668278686735427 ], [ -98.308694644227359, 29.668058082203018 ], [ -98.308101857924683, 29.668043707161548 ], [ -98.30761390454397, 29.668187815891262 ], [ -98.306762851382388, 29.668163060846187 ], [ -98.306358208532188, 29.667930804411039 ], [ -98.30587156949187, 29.667601098749714 ], [ -98.304978063698812, 29.666330651851684 ], [ -98.304839404378512, 29.66573878326906 ], [ -98.30491155539255, 29.665389441134153 ], [ -98.3051845604204, 29.665133658137936 ], [ -98.305511098876877, 29.664948502065872 ], [ -98.305622196753561, 29.664885506250137 ], [ -98.306169864121927, 29.66460182865314 ], [ -98.306841235871474, 29.66417213860835 ], [ -98.307513661243931, 29.663776294894916 ], [ -98.308413445756159, 29.663374865098948 ], [ -98.309490601098091, 29.662911177723821 ], [ -98.310864777215571, 29.662358775262376 ], [ -98.312385987170984, 29.661455143578689 ], [ -98.312325726081852, 29.661199872692816 ], [ -98.312210375001953, 29.660973647725537 ], [ -98.312246779878834, 29.660653446185982 ], [ -98.312209321370048, 29.660368962294392 ], [ -98.31195289984133, 29.659995347135744 ], [ -98.311686469700859, 29.659574298109849 ], [ -98.31098731881842, 29.659065262275988 ], [ -98.310347876383204, 29.658513663432231 ], [ -98.310905551392338, 29.657891577426721 ], [ -98.311252306182482, 29.657611345916624 ], [ -98.312062443362649, 29.65699282289269 ], [ -98.313116209981516, 29.656061935200015 ], [ -98.312396988469743, 29.656037900417694 ], [ -98.311628045485463, 29.656108366388214 ], [ -98.310292705760588, 29.6562819272803 ], [ -98.308627663028631, 29.656413142628161 ], [ -98.306883510306108, 29.656591304805907 ], [ -98.305607348792861, 29.656796714922681 ], [ -98.304242106363773, 29.656902369885216 ], [ -98.301668671094774, 29.657094158219312 ], [ -98.300335692842808, 29.657202198781135 ], [ -98.298342046803668, 29.657315755621646 ], [ -98.296944030282049, 29.657396343096046 ], [ -98.295066346552659, 29.657641329051408 ], [ -98.292390361903685, 29.657809828764755 ], [ -98.291375378270104, 29.657876607314549 ], [ -98.291340424540991, 29.657427423708537 ], [ -98.29139560520413, 29.657109585379938 ], [ -98.291473688753044, 29.65665649400389 ], [ -98.291723399304033, 29.656132119094647 ], [ -98.292033929626285, 29.655775031669226 ], [ -98.292584592684648, 29.655430506758179 ], [ -98.293207371979932, 29.654838174544995 ], [ -98.293868210886956, 29.654250554550522 ], [ -98.294273175919585, 29.653499118467298 ], [ -98.294257690657602, 29.652571711006448 ], [ -98.294213495286215, 29.651687019394174 ], [ -98.294675007429532, 29.651621787452541 ], [ -98.295176915988748, 29.651597381505326 ], [ -98.296035520956011, 29.651351497761464 ], [ -98.297478584610914, 29.651095169084041 ], [ -98.298162130636811, 29.650857368768449 ], [ -98.29825355445756, 29.65052392525017 ], [ -98.298339750083656, 29.650199479053413 ], [ -98.298332881262965, 29.649793314535454 ], [ -98.29834125469938, 29.649330823579671 ], [ -98.298266368383992, 29.648955886813912 ], [ -98.298048713457675, 29.64840420502339 ], [ -98.297701669030005, 29.647795431059681 ], [ -98.297539559113829, 29.647521563714243 ], [ -98.29746938815984, 29.647212083015575 ], [ -98.297515143644631, 29.646946085975163 ], [ -98.297702832790975, 29.646139336097903 ], [ -98.297639246127048, 29.645439556085211 ], [ -98.297619466235801, 29.645033322297287 ], [ -98.297374749637527, 29.644847011996472 ], [ -98.29695848978993, 29.64463045996893 ], [ -98.29646190435723, 29.64454434425916 ], [ -98.295614627906886, 29.644469901232931 ], [ -98.294750896508845, 29.644440491318754 ], [ -98.294153590135295, 29.644353830651841 ], [ -98.293731481073991, 29.644144006548306 ], [ -98.293425388781174, 29.643779116348323 ], [ -98.292916169551631, 29.643099521507565 ], [ -98.292496528974894, 29.642537728158256 ], [ -98.29218874865343, 29.641953968126852 ], [ -98.292109973599636, 29.641308254944377 ], [ -98.292092161424748, 29.640346988959532 ], [ -98.292139434777184, 29.639311613577341 ], [ -98.292153225447265, 29.638447535456219 ], [ -98.292042135231796, 29.638083683315319 ], [ -98.291825522064542, 29.637944894358785 ], [ -98.291563208085137, 29.637970568572293 ], [ -98.291289697740382, 29.638027769675467 ], [ -98.291029064810829, 29.638182059674342 ], [ -98.290531261698376, 29.638459174641994 ], [ -98.290125974144246, 29.638617200804919 ], [ -98.289613507019311, 29.638867158479126 ], [ -98.288971733379896, 29.638865975541773 ], [ -98.288537868902395, 29.63886364853834 ], [ -98.287667223848246, 29.638631091419519 ], [ -98.286814718353867, 29.638482107951262 ], [ -98.286363466049579, 29.638107396366433 ], [ -98.28608601053277, 29.63780807508245 ], [ -98.28585189462521, 29.637680463885491 ], [ -98.285554452998568, 29.63765178651251 ], [ -98.285203703747214, 29.637674715110638 ], [ -98.284809116520492, 29.637505623560617 ], [ -98.284038505407665, 29.63755561589382 ], [ -98.283017338198874, 29.637520767591344 ], [ -98.283202468384545, 29.637271322558178 ], [ -98.283369431548451, 29.637125567552371 ], [ -98.28359207009386, 29.636867299531517 ], [ -98.284039056772059, 29.636382359329179 ], [ -98.284677618994223, 29.635648005081784 ], [ -98.285334997859195, 29.634807704440881 ], [ -98.284765916290866, 29.634664747673291 ], [ -98.284270602567474, 29.634589875353331 ], [ -98.283615410337902, 29.634572800169877 ], [ -98.282560852337028, 29.634607712454592 ], [ -98.282761184889608, 29.634398963020267 ], [ -98.282942186449574, 29.634275846500568 ], [ -98.283293038581249, 29.634054372330542 ], [ -98.283828897681659, 29.633782002398043 ], [ -98.284328544247558, 29.633425952451063 ], [ -98.284666606349887, 29.63300359750075 ], [ -98.284968328882542, 29.632515614089002 ], [ -98.28536723765329, 29.632161273475244 ], [ -98.285638398976772, 29.631977719828306 ], [ -98.285908373251601, 29.631870872537039 ], [ -98.286403814933664, 29.631742675811186 ], [ -98.286801450152979, 29.631476318306248 ], [ -98.287224325167273, 29.631201070113487 ], [ -98.287615559095897, 29.631018157558159 ], [ -98.288013131043627, 29.630943579037627 ], [ -98.28864552434878, 29.630802571300091 ], [ -98.289124501133827, 29.63071940091044 ], [ -98.289505745434099, 29.630579298692037 ], [ -98.289600053868924, 29.630388020742377 ], [ -98.289268872154778, 29.630018473896602 ], [ -98.288131990329688, 29.629556609951905 ], [ -98.287239191017662, 29.629364544660149 ], [ -98.287016738728838, 29.629324992678786 ], [ -98.286793764734753, 29.629084628737818 ], [ -98.286575539358196, 29.628720195719062 ], [ -98.286424515088399, 29.628622363191532 ], [ -98.285962685324364, 29.628380713224843 ], [ -98.285799914509852, 29.628300867545484 ], [ -98.285456384273488, 29.628037289435312 ], [ -98.284931820846566, 29.627903598574584 ], [ -98.284488041405424, 29.627849311366884 ], [ -98.283770257180805, 29.627834156339617 ], [ -98.282769072765547, 29.627817464747213 ], [ -98.281657839522069, 29.627843039015758 ], [ -98.280316444778734, 29.627824486516904 ], [ -98.279568163692062, 29.627921956513767 ], [ -98.279145957414713, 29.628102420530322 ], [ -98.278501726061037, 29.628365157417559 ], [ -98.276791105517859, 29.629152304615811 ], [ -98.276126413480995, 29.629475837778408 ], [ -98.27514548398058, 29.629874352377481 ], [ -98.273927958271273, 29.630314434340118 ], [ -98.273101032368629, 29.630661882643256 ], [ -98.272111812938078, 29.631132530213108 ], [ -98.270929356980915, 29.631719433638725 ], [ -98.269834057204989, 29.632304550395524 ], [ -98.26866675896764, 29.632934385505795 ], [ -98.267454899693021, 29.633563964573199 ], [ -98.26622368213512, 29.634279163098896 ], [ -98.265253764776418, 29.634749865264954 ], [ -98.26438448689531, 29.635230143168922 ], [ -98.263432634301566, 29.635788926121254 ], [ -98.262237664107616, 29.636483981725885 ], [ -98.2609312584202, 29.637406287353993 ], [ -98.259754896874952, 29.63828869328778 ], [ -98.258959829840038, 29.638943081687998 ], [ -98.258138959894652, 29.639592807300033 ], [ -98.257442257703261, 29.64030188658138 ], [ -98.256357001761074, 29.640990732953405 ], [ -98.255466535239762, 29.641617489293285 ], [ -98.254913309036169, 29.641952820611579 ], [ -98.254268510769862, 29.642359835190788 ], [ -98.253696419072583, 29.642713105213605 ], [ -98.252725913973507, 29.643244629147702 ], [ -98.251818494794733, 29.643713326505274 ], [ -98.250930381220854, 29.644276889241183 ], [ -98.250810365917374, 29.644352923507419 ], [ -98.249994171091899, 29.644968780630624 ], [ -98.248879901577837, 29.645551356100693 ], [ -98.247979194047915, 29.646067445586265 ], [ -98.246983714882631, 29.646562684581578 ], [ -98.245781420023249, 29.647255289687312 ], [ -98.244880407213074, 29.647721718881343 ], [ -98.243451477555041, 29.648322761266062 ], [ -98.242178673669954, 29.649026212199182 ], [ -98.24083159794138, 29.649729225614756 ], [ -98.239741575839219, 29.650422417504149 ], [ -98.238507631990046, 29.651103492856258 ], [ -98.23743022201829, 29.651747100743204 ], [ -98.236057127564692, 29.652551445595428 ], [ -98.235099451674117, 29.65315511143223 ], [ -98.234073235964772, 29.653683917542452 ], [ -98.233279819068159, 29.653997462419042 ], [ -98.232202258617576, 29.654397350687205 ], [ -98.231227125483841, 29.654743674039178 ], [ -98.230325711355533, 29.655160361801627 ], [ -98.229104242441792, 29.655629332852776 ], [ -98.228014878180176, 29.656132905374644 ], [ -98.226905863288891, 29.656755935183295 ], [ -98.225715402450959, 29.657387504735247 ], [ -98.224720143720944, 29.657909649428785 ], [ -98.223454397464735, 29.658502401470521 ], [ -98.222440038548442, 29.658986060699014 ], [ -98.221375631189019, 29.659426549028158 ], [ -98.220544851947736, 29.659717233797931 ], [ -98.219467599381616, 29.660062869270444 ], [ -98.218440621497976, 29.660336591912657 ], [ -98.217244919314126, 29.66071535407978 ], [ -98.216054533806542, 29.660990348699549 ], [ -98.214801427550157, 29.661440948830712 ], [ -98.213970443646716, 29.661792578863 ], [ -98.21352889887369, 29.661979415009871 ], [ -98.212231531736975, 29.66263730182574 ], [ -98.211368319063126, 29.663022497701572 ], [ -98.210278467018099, 29.663401825907037 ], [ -98.20879782136042, 29.664202985701337 ], [ -98.2075316758621, 29.664824911950294 ], [ -98.20620239420775, 29.665672071303341 ], [ -98.204992151076311, 29.666325894888317 ], [ -98.203789339832824, 29.667018108076153 ], [ -98.20210755787059, 29.667678095952006 ], [ -98.201004557316253, 29.668321246397994 ], [ -98.200210895199604, 29.668720325758965 ], [ -98.198994800953955, 29.669369545418281 ], [ -98.198094077841404, 29.669747658019389 ], [ -98.197255885348881, 29.670139680672037 ], [ -98.196361464750566, 29.67061709395816 ], [ -98.195415978004988, 29.671261151843609 ], [ -98.195158564694296, 29.671412061994822 ], [ -98.194124688900857, 29.672018168561475 ], [ -98.193078301895738, 29.672596165069386 ], [ -98.192032205255046, 29.673217023637065 ], [ -98.190620672408855, 29.674223713339796 ], [ -98.189839018992359, 29.67456414024954 ], [ -98.188900425932999, 29.675063793924963 ], [ -98.188144043855047, 29.675553276090184 ], [ -98.187273733770823, 29.676233835115813 ], [ -98.186227974097733, 29.676883979296083 ], [ -98.185067993168062, 29.677519875339293 ], [ -98.183808140986983, 29.678283750423191 ], [ -98.182685530725408, 29.679086816460281 ], [ -98.18140038536697, 29.679938504673199 ], [ -98.180189897901315, 29.680741005644038 ], [ -98.179496128320835, 29.681384247696879 ], [ -98.178689301422082, 29.682029041130811 ], [ -98.177800303462774, 29.682610145777225 ], [ -98.176753921300403, 29.683321127057614 ], [ -98.175638431921541, 29.684029413825279 ], [ -98.174837371508261, 29.684595251693956 ], [ -98.173520459305891, 29.68536543910891 ], [ -98.17241736476457, 29.685974501561979 ], [ -98.171327267374394, 29.686572354794492 ], [ -98.169877165949785, 29.687429664937763 ], [ -98.169843222529863, 29.687452069472894 ], [ -98.168925671523454, 29.688057696872253 ], [ -98.167645688179547, 29.688882205908047 ], [ -98.166870201545862, 29.689391748535538 ], [ -98.165873796413081, 29.690134543197399 ], [ -98.164940275314564, 29.690848395162003 ], [ -98.164070679155529, 29.69148593243607 ], [ -98.163061845279159, 29.692086484583893 ], [ -98.162046802368593, 29.692811081325353 ], [ -98.160848936572961, 29.693690191022011 ], [ -98.159896411073774, 29.694273025281948 ], [ -98.159184412827017, 29.694751337638735 ], [ -98.157935190689926, 29.695740647923692 ], [ -98.157147830385512, 29.69634481792043 ], [ -98.156498195926787, 29.696778387774096 ], [ -98.155967878255808, 29.697311988331631 ], [ -98.155525640780326, 29.697895784344958 ], [ -98.155090642586856, 29.69823144234746 ], [ -98.154460139857434, 29.69869219856955 ], [ -98.153734509175194, 29.699402782436742 ], [ -98.153242598889037, 29.699898261654845 ], [ -98.15268729535444, 29.700248935545602 ], [ -98.151987780838013, 29.700770155141111 ], [ -98.151362628289249, 29.701436245218122 ], [ -98.150864426844265, 29.701909112103333 ], [ -98.150139259496271, 29.702558761463859 ], [ -98.149760674395196, 29.702865432234965 ], [ -98.149268499926833, 29.703311256828503 ], [ -98.148688045354945, 29.703652726951812 ], [ -98.147994168891245, 29.704113043494914 ], [ -98.147212250825945, 29.70474651745641 ], [ -98.145976293497057, 29.705361265471726 ], [ -98.145528696090267, 29.705574974378347 ], [ -98.14491154542273, 29.705898140835863 ], [ -98.144426124413968, 29.70622892400797 ], [ -98.144085246308762, 29.706504234659597 ], [ -98.143706207066785, 29.70686052048061 ], [ -98.143352891785227, 29.707230509485001 ], [ -98.142344219743805, 29.707779007117491 ], [ -98.141581261177308, 29.708378725879594 ], [ -98.140748481328174, 29.70898250012387 ], [ -98.140079752241448, 29.709591846941517 ], [ -98.139542916424318, 29.710114054944199 ], [ -98.138779298963428, 29.710862662209991 ], [ -98.138293518726201, 29.711457395462507 ], [ -98.137548608350357, 29.712282827995697 ], [ -98.137106448871961, 29.712837229644681 ], [ -98.136714457032824, 29.713342319550321 ], [ -98.136109290036615, 29.713992670655976 ], [ -98.135592162360851, 29.714320957265606 ], [ -98.135124943837496, 29.714705972442395 ], [ -98.134581922518237, 29.71518976373968 ], [ -98.133913703211761, 29.715805849068968 ], [ -98.132960692076495, 29.716553182733506 ], [ -98.132448820719205, 29.717017411240004 ], [ -98.132007303964087, 29.717417828448706 ], [ -98.131414473753736, 29.7180547005491 ], [ -98.13054380214173, 29.718615291076365 ], [ -98.129711661906526, 29.718977583755695 ], [ -98.129037153104932, 29.719417618779705 ], [ -98.128310686630655, 29.7201867130658 ], [ -98.127685142327962, 29.720940674619118 ], [ -98.127186639556925, 29.721573636395309 ], [ -98.1265684729497, 29.721995979972352 ], [ -98.126025896982, 29.722269911132084 ], [ -98.125382873916195, 29.722577019717107 ], [ -98.124934785240427, 29.722759066207789 ], [ -98.124608248371359, 29.722709527298086 ], [ -98.124395216703135, 29.722983373890827 ], [ -98.123968151803055, 29.723497217469518 ], [ -98.123365739531152, 29.724036972128729 ], [ -98.122545326089764, 29.724900170891654 ], [ -98.121982899560336, 29.725521406936803 ], [ -98.121185844889737, 29.72629676087044 ], [ -98.1204317394876, 29.727036295338248 ], [ -98.11977992253729, 29.727605035290434 ], [ -98.119153708874009, 29.728201016157275 ], [ -98.118601605972941, 29.728745595295877 ], [ -98.117946334598429, 29.729411318832053 ], [ -98.117461466798147, 29.729877374400324 ], [ -98.116594144402498, 29.73062515620185 ], [ -98.11584795821193, 29.731190989675689 ], [ -98.115206066370135, 29.731653731011455 ], [ -98.114607602053937, 29.732100966467293 ], [ -98.113813998972901, 29.732544636968061 ], [ -98.113287290035231, 29.732841182381602 ], [ -98.112776774087465, 29.733279974006891 ], [ -98.111903173518186, 29.73377950011561 ], [ -98.111040460756897, 29.734215920981153 ], [ -98.110281411869281, 29.734768098932992 ], [ -98.109599616807415, 29.735133528017137 ], [ -98.10896899558584, 29.735557959088844 ], [ -98.10811108095038, 29.736179399339811 ], [ -98.107137673109293, 29.736705295393794 ], [ -98.106238084259275, 29.737432483003925 ], [ -98.105587033182616, 29.738044022537203 ], [ -98.104946002402173, 29.738545073793148 ], [ -98.104662213066035, 29.738989878343613 ], [ -98.104640533369079, 29.739026582062841 ], [ -98.104372849495945, 29.739479768274876 ], [ -98.103924640311945, 29.740171638108919 ], [ -98.10359427915246, 29.740765032984353 ], [ -98.10323753818075, 29.741344710391701 ], [ -98.102741723068533, 29.741864783695554 ], [ -98.102321314315603, 29.742407928476883 ], [ -98.101895105196078, 29.742948775913767 ], [ -98.101433248196528, 29.743572858841922 ], [ -98.1008742675223, 29.744360981290793 ], [ -98.10029274016668, 29.745212120367373 ], [ -98.099711603012082, 29.745873740621583 ], [ -98.099130542151286, 29.746742927268897 ], [ -98.098682948469289, 29.747213676418479 ], [ -98.098416454631746, 29.747597666963813 ], [ -98.098101830429897, 29.748087369636394 ], [ -98.097540010646995, 29.748753623518574 ], [ -98.096958007744774, 29.749363333054944 ], [ -98.096351801833933, 29.749932262568723 ], [ -98.096389732060103, 29.74995508334699 ], [ -98.096897567992386, 29.750265391305906 ], [ -98.097925630629987, 29.750874804149234 ], [ -98.098941000938964, 29.751387106642621 ], [ -98.099844186676606, 29.752085901456734 ], [ -98.101171847668439, 29.752952275680812 ], [ -98.102476474453482, 29.754012512052974 ], [ -98.103418352061041, 29.75479953610926 ], [ -98.105070807799535, 29.755929789648043 ], [ -98.106907832230291, 29.757244018844137 ], [ -98.10891590577549, 29.758518764620547 ], [ -98.109381801950533, 29.758391043720469 ], [ -98.109993229607966, 29.758253019777371 ], [ -98.111178858865131, 29.758019580371535 ], [ -98.112401314903437, 29.757714179525863 ], [ -98.113782182810127, 29.757403060354466 ], [ -98.115238409006494, 29.757121760773778 ], [ -98.116738686941105, 29.756873484481027 ], [ -98.117767556559826, 29.756703209657225 ], [ -98.121539167244194, 29.756049198302883 ], [ -98.125028451555835, 29.755596267864657 ], [ -98.124848801579219, 29.756037291565047 ], [ -98.124602319003785, 29.756656111170859 ], [ -98.124359510503481, 29.757744240681497 ], [ -98.123778421541857, 29.759152763397257 ], [ -98.1232748002558, 29.760719729455648 ], [ -98.122895768699692, 29.761554777649085 ], [ -98.122153705812522, 29.763189580540217 ], [ -98.121250125416765, 29.763840128948122 ], [ -98.120841976724179, 29.7640901085644 ], [ -98.120019966235418, 29.764725397434837 ], [ -98.118758056846929, 29.765542757066157 ], [ -98.11755923932904, 29.766387599407469 ], [ -98.116177844749373, 29.767334994825571 ], [ -98.114496188091223, 29.768607510409264 ], [ -98.113304728492679, 29.769562915109056 ], [ -98.111489801553319, 29.770764556170366 ], [ -98.111190359951721, 29.770973083102881 ], [ -98.110052216783416, 29.771765656054285 ], [ -98.108903983566449, 29.772649112199431 ], [ -98.108076749612621, 29.773419658961583 ], [ -98.106585036873952, 29.774719112590773 ], [ -98.106221156452918, 29.775036086766953 ], [ -98.104694380164389, 29.775948532349322 ], [ -98.103748390330622, 29.776181277656438 ], [ -98.10286009673726, 29.776468556603401 ], [ -98.100993871155538, 29.776871016972507 ], [ -98.098584602744324, 29.77733969083582 ], [ -98.096372186724807, 29.777915706402382 ], [ -98.094598649661876, 29.778142727725363 ], [ -98.091500787113873, 29.778608811399163 ], [ -98.089413495074083, 29.779068248079291 ], [ -98.08724167258822, 29.779449892064981 ], [ -98.087041446306785, 29.779485074955158 ], [ -98.085731099543565, 29.779891154995422 ], [ -98.084926083738893, 29.780325538327865 ], [ -98.084424190229655, 29.780771039768677 ], [ -98.083960026526142, 29.781119786028519 ], [ -98.083244159636649, 29.781631486069852 ], [ -98.082421977667451, 29.782243970714429 ], [ -98.08135502543638, 29.78303749918582 ], [ -98.079604112816114, 29.784453471178775 ], [ -98.078897754133138, 29.784940009006043 ], [ -98.077029361539203, 29.786226911804832 ], [ -98.076794837582227, 29.786368744473382 ], [ -98.075262776689684, 29.787295266483483 ], [ -98.073832386233804, 29.788433637215483 ], [ -98.072896465976882, 29.789097155381658 ], [ -98.071176781651587, 29.790468106988666 ], [ -98.070072569817228, 29.791356037646786 ], [ -98.069175766091377, 29.792189015302384 ], [ -98.068359274538167, 29.792726996215279 ], [ -98.067349119264932, 29.793400253519522 ], [ -98.067297421966273, 29.793434708749444 ], [ -98.065757817501279, 29.794407518636984 ], [ -98.064055144194072, 29.79559800251058 ], [ -98.063194287091918, 29.796304834305147 ], [ -98.062668479344708, 29.796736556460051 ], [ -98.060817312701531, 29.798239548652106 ], [ -98.058769005761448, 29.799657632141866 ], [ -98.057478672853065, 29.800993100450171 ], [ -98.056632902118409, 29.801880500542079 ], [ -98.055660224296616, 29.802645155717251 ], [ -98.054274119272833, 29.803909966652693 ], [ -98.053100576914659, 29.804849144251847 ], [ -98.052238431648448, 29.805339315725721 ], [ -98.051438396791198, 29.805620105403811 ], [ -98.050727612693493, 29.806036900841534 ], [ -98.049821834869931, 29.806488388036357 ], [ -98.049074667325669, 29.806866040987366 ], [ -98.048563135726539, 29.807124588622298 ], [ -98.047744527260747, 29.807520285648359 ], [ -98.046655590486111, 29.808051651739436 ], [ -98.045800282017282, 29.808496706738037 ], [ -98.04489396390457, 29.808932362583061 ], [ -98.043653069653175, 29.809458093389061 ], [ -98.042591732629461, 29.810014627406808 ], [ -98.041632936200614, 29.810517379621043 ], [ -98.03973339147305, 29.811609096845832 ], [ -98.037488202371421, 29.81292839438737 ], [ -98.036155784603096, 29.813816623883767 ], [ -98.034671817122302, 29.814724036986981 ], [ -98.03349550685401, 29.815380997340224 ], [ -98.032255905506403, 29.816093886297462 ], [ -98.031253159326326, 29.816558466628191 ], [ -98.030990342365698, 29.816680229878806 ], [ -98.029511285611932, 29.817404872850517 ], [ -98.028398580736081, 29.81816603589624 ], [ -98.026939703377977, 29.819073544286645 ], [ -98.025052940546232, 29.820214773385761 ], [ -98.024181642127061, 29.82078126728987 ], [ -98.024003026891336, 29.820897396440721 ], [ -98.022608437957089, 29.821970028356841 ], [ -98.021225649963142, 29.822956998535854 ], [ -98.020019070272696, 29.823780564512059 ], [ -98.019008268052303, 29.824623622027683 ], [ -98.018344769339279, 29.825192924896726 ], [ -98.017545815240354, 29.82587843984868 ], [ -98.016769172586294, 29.82651022838775 ], [ -98.016632143313984, 29.826621698598736 ], [ -98.016113962194822, 29.827043223706706 ], [ -98.014606020093566, 29.828180350588109 ], [ -98.0136906381355, 29.829112065972417 ], [ -98.012140404424159, 29.830465434876334 ], [ -98.011886887415358, 29.831183241367878 ], [ -98.011927947136527, 29.831612211671107 ], [ -98.012140976386789, 29.832116920113588 ], [ -98.012657665465568, 29.83272542424853 ], [ -98.013213064298924, 29.833410923350812 ], [ -98.01360470955612, 29.833822281656715 ], [ -98.013704154648821, 29.83392673149412 ], [ -98.014258286175846, 29.834479105788649 ], [ -98.015047409324566, 29.835080609411705 ], [ -98.016094512998833, 29.83556445568254 ], [ -98.016153846263308, 29.835580527627499 ], [ -98.01774747567049, 29.836012191513024 ], [ -98.018214399747606, 29.835893832618641 ], [ -98.018794983043747, 29.835728938187113 ], [ -98.018942980647978, 29.835600955890882 ], [ -98.019089871273167, 29.83547393038101 ], [ -98.019661790515599, 29.835069818948334 ], [ -98.020655520578046, 29.834395841814636 ], [ -98.021232768218184, 29.833908285840085 ], [ -98.021812340302972, 29.833646357173723 ], [ -98.022506047925674, 29.833421368697728 ], [ -98.023881865716433, 29.833165320805335 ], [ -98.024925240994108, 29.833236199355042 ], [ -98.025445222095129, 29.833447600983902 ], [ -98.026149478110298, 29.833734810822516 ], [ -98.026386448454303, 29.834113331094706 ], [ -98.02652982847755, 29.834603967000753 ], [ -98.026617077859044, 29.834953783277015 ], [ -98.026666819517132, 29.835153215568894 ], [ -98.026734468148533, 29.835715489182608 ], [ -98.026642525132573, 29.836057742484684 ], [ -98.026354781300228, 29.836378247494345 ], [ -98.02603973481132, 29.83657897541795 ], [ -98.025813930368756, 29.836782617314938 ], [ -98.025577230562718, 29.837175693109135 ], [ -98.025269887404221, 29.837448672021484 ], [ -98.02492438957924, 29.837786796448029 ], [ -98.024755822486355, 29.838024701201878 ], [ -98.024877851322671, 29.838248958546849 ], [ -98.025555275513838, 29.838371276739057 ], [ -98.025842610052166, 29.83869376658922 ], [ -98.026237976808332, 29.839150163063945 ], [ -98.026842606585447, 29.839641942804871 ], [ -98.027359686259572, 29.840223320115456 ], [ -98.027511169218855, 29.841014078959041 ], [ -98.027941666605557, 29.84105109013964 ], [ -98.02832736292666, 29.841038136063784 ], [ -98.028591249994989, 29.840843794718406 ], [ -98.028684504472608, 29.840700088524134 ], [ -98.028746542238665, 29.84050651786929 ], [ -98.028914827722062, 29.840230252676921 ], [ -98.029107644589928, 29.83982556801794 ], [ -98.029218175220137, 29.839433814359587 ], [ -98.029755378357166, 29.838670679867871 ], [ -98.030539545734129, 29.83792289290016 ], [ -98.031320305086538, 29.837527031594824 ], [ -98.031697232090835, 29.837281621528348 ], [ -98.032019439700804, 29.837209531561417 ], [ -98.032191400961281, 29.83742286801235 ], [ -98.03242910955754, 29.837862298316139 ], [ -98.032749548376401, 29.838376786122286 ], [ -98.03333444055815, 29.838771378767742 ], [ -98.033748072665517, 29.839081238837004 ], [ -98.033770790251467, 29.83954391070948 ], [ -98.033344339318575, 29.839960429291814 ], [ -98.033067677706896, 29.840138894188726 ], [ -98.033106567288954, 29.840265522150613 ], [ -98.032887618384677, 29.840563983131474 ], [ -98.033109815391455, 29.840667136272373 ], [ -98.033337452749834, 29.840675570872961 ], [ -98.033653544857543, 29.840635018140159 ], [ -98.034234510636978, 29.840632499468246 ], [ -98.034837029355288, 29.840810626104819 ], [ -98.035173163464208, 29.840973267846273 ], [ -98.035151342989963, 29.841358905649003 ], [ -98.03510368933776, 29.841739842988254 ], [ -98.035120204542366, 29.842175395678243 ], [ -98.035093197412749, 29.842764047076447 ], [ -98.034898986264508, 29.84297921616664 ], [ -98.034679187941194, 29.843098882561023 ], [ -98.0345718607919, 29.843157315224168 ], [ -98.034225756540067, 29.843357835348264 ], [ -98.03348794912857, 29.843589330327784 ], [ -98.032870055581199, 29.843796882330828 ], [ -98.031930999399393, 29.844166773679099 ], [ -98.030922994351243, 29.844574506690218 ], [ -98.029688228051597, 29.845082091709497 ], [ -98.029077868627596, 29.845445352811176 ], [ -98.028537284107514, 29.845818149458072 ], [ -98.027485647302171, 29.846385719229396 ], [ -98.025967997917917, 29.84710551580978 ], [ -98.025712343658768, 29.847242465616894 ], [ -98.024929381300225, 29.847661880396632 ], [ -98.023979930949409, 29.84829560392669 ], [ -98.022944149088104, 29.849156549046238 ], [ -98.021627932733011, 29.84984619966356 ], [ -98.020703346631478, 29.850380813116097 ], [ -98.020051136702136, 29.850849304698766 ], [ -98.019860876927126, 29.850985969554745 ], [ -98.019093436391913, 29.851526250670524 ], [ -98.017705661281781, 29.852646247327836 ], [ -98.015837729320964, 29.853902529591739 ], [ -98.015678383217349, 29.853723108587076 ], [ -98.015461431324866, 29.853480086493754 ], [ -98.015109650201254, 29.852999166168896 ], [ -98.01486481472503, 29.852433310444773 ], [ -98.014520842077744, 29.852870686161136 ], [ -98.014095176209125, 29.853390926363772 ], [ -98.013894005264817, 29.853583450064463 ], [ -98.013377384648223, 29.853811970112009 ], [ -98.01305070402978, 29.854068981576113 ], [ -98.012840160465856, 29.85383277123908 ], [ -98.01254754309177, 29.853586922853445 ], [ -98.011850623174084, 29.853398963243009 ], [ -98.010862394877563, 29.853161439038431 ], [ -98.010321973654371, 29.85278513062006 ], [ -98.009812049602118, 29.852269168939578 ], [ -98.009685611594762, 29.851510166465605 ], [ -98.009580933013723, 29.85110328075859 ], [ -98.009250473449171, 29.850825555688822 ], [ -98.008815081023982, 29.850953141984327 ], [ -98.008454420614143, 29.850916592445238 ], [ -98.00785809396892, 29.850700037682685 ], [ -98.007144091676366, 29.850737536874401 ], [ -98.007076763407994, 29.851003251695293 ], [ -98.007014632811789, 29.851135894999079 ], [ -98.00690246425745, 29.851356150723415 ], [ -98.006884749806531, 29.851511689194986 ], [ -98.00693708434828, 29.85171513328822 ], [ -98.007166548708057, 29.851933445607337 ], [ -98.007459304581303, 29.852228941301181 ], [ -98.007600762985817, 29.852514275306504 ], [ -98.007564934729089, 29.852800532419909 ], [ -98.007421487541194, 29.853043113960862 ], [ -98.007304699171328, 29.853403213800025 ], [ -98.007175460063394, 29.853844440017919 ], [ -98.007032857450227, 29.854197577359876 ], [ -98.00665516040651, 29.854442908110759 ], [ -98.006031634806817, 29.854749558943492 ], [ -98.005438384047721, 29.854873689263481 ], [ -98.005278965961182, 29.854703279900654 ], [ -98.00510007482626, 29.854474064621538 ], [ -98.004880791194594, 29.853946737533093 ], [ -98.004896642642194, 29.853522708045105 ], [ -98.004552848930786, 29.853220053916317 ], [ -98.004012073546008, 29.852816643388671 ], [ -98.003850433651181, 29.853131279336758 ], [ -98.003744235400788, 29.853335784118844 ], [ -98.003673288672516, 29.853964703736157 ], [ -98.003355670614027, 29.854544383189975 ], [ -98.003033167363384, 29.85457353373863 ], [ -98.002679343678111, 29.854564092668863 ], [ -98.001862565506102, 29.854458651510363 ], [ -98.000895064056905, 29.854415235339257 ], [ -98.000598743979481, 29.854543846463969 ], [ -98.000474354719003, 29.854754979367726 ], [ -98.000501440540035, 29.855023661556903 ], [ -98.000726597983473, 29.855478843794216 ], [ -98.000779536573745, 29.855815404970794 ], [ -98.000605252279144, 29.856163782848135 ], [ -98.000082761570255, 29.856457632606471 ], [ -97.999706260128477, 29.856515695055098 ], [ -97.999524053782679, 29.856554924337381 ], [ -97.999372947333825, 29.856589876867119 ], [ -97.999302089554206, 29.856363729171925 ], [ -97.999256969886616, 29.856216740176013 ], [ -97.999179793929386, 29.856040178391655 ], [ -97.999190916362636, 29.855898127945789 ], [ -97.999264513948347, 29.855655025771153 ], [ -97.999325706590952, 29.855423110364846 ], [ -97.999397756381541, 29.855010788811825 ], [ -97.999307996522106, 29.854863461453988 ], [ -97.999231023973962, 29.854666596509521 ], [ -97.999442451920217, 29.854356855536384 ], [ -97.999653721748729, 29.854062906663923 ], [ -97.999745104386136, 29.853722926320366 ], [ -97.999818215076672, 29.853398600541333 ], [ -97.999822516903862, 29.853161741545769 ], [ -97.999751283128447, 29.85290851721372 ], [ -97.999629981070939, 29.852745158569736 ], [ -97.999421650240976, 29.852614981110605 ], [ -97.999200645039011, 29.852523062044188 ], [ -97.998967500437644, 29.852480684481066 ], [ -97.998778718938581, 29.852531143283375 ], [ -97.998571823542463, 29.852581464406747 ], [ -97.99837721966442, 29.852631879049358 ], [ -97.998207318527577, 29.85260577242752 ], [ -97.99801048382875, 29.852426046099392 ], [ -97.997770763432285, 29.852329469816627 ], [ -97.99719035629191, 29.852140061921816 ], [ -97.996711402328131, 29.852028129730478 ], [ -97.996295797460945, 29.851986617204528 ], [ -97.995773002737408, 29.851923982809431 ], [ -97.995219079302373, 29.851933305028982 ], [ -97.994784985545451, 29.851864573120896 ], [ -97.994570605811475, 29.85182233128392 ], [ -97.994418898524245, 29.851724162801652 ], [ -97.994309749330128, 29.851511257511149 ], [ -97.994157096734327, 29.851313813195915 ], [ -97.994006141173116, 29.851269796654123 ], [ -97.993624236185084, 29.851481216459486 ], [ -97.99356127610919, 29.851514238174612 ], [ -97.993060323366421, 29.851776979340954 ], [ -97.992551518605012, 29.851867854471859 ], [ -97.992197839763449, 29.85171625186743 ], [ -97.991989362388111, 29.85160185537066 ], [ -97.991799954344259, 29.851521444959115 ], [ -97.99149752411806, 29.851485293790478 ], [ -97.991088461826976, 29.851437046292663 ], [ -97.990886682985277, 29.851428735583241 ], [ -97.990696923501815, 29.851318992354138 ], [ -97.990689193674712, 29.851122651935057 ], [ -97.990938537317348, 29.850840287904802 ], [ -97.991232019155831, 29.850607895628382 ], [ -97.991499553114238, 29.850253474476773 ], [ -97.991603432738373, 29.849895546511586 ], [ -97.991701750746742, 29.849575930149896 ], [ -97.991848483689282, 29.849073938038778 ], [ -97.991991246382184, 29.848838136595408 ], [ -97.992285162992346, 29.848626049814801 ], [ -97.992775077590693, 29.848546312173163 ], [ -97.993479819589496, 29.848592296405808 ], [ -97.994148122797583, 29.848723731582666 ], [ -97.994582736538817, 29.848803749041785 ], [ -97.994803352669948, 29.848868599965119 ], [ -97.995150339153284, 29.848977278764004 ], [ -97.995432896576986, 29.848929794389665 ], [ -97.996174247634016, 29.848809090448398 ], [ -97.996828540237729, 29.848789246294785 ], [ -97.997672241755282, 29.84884980000832 ], [ -97.998156324513715, 29.848835425080381 ], [ -97.99842024940672, 29.848839683819946 ], [ -97.998615177694717, 29.848820857029366 ], [ -97.998790635707905, 29.848743223921854 ], [ -97.999104098456669, 29.848580904464864 ], [ -97.999431263802748, 29.848601433057713 ], [ -97.999726887130493, 29.848605928789237 ], [ -97.999963330617632, 29.848576134816874 ], [ -98.000192818076869, 29.848789946954824 ], [ -98.000429192966934, 29.849091799609532 ], [ -98.000551798766622, 29.84938376624018 ], [ -98.000857420954219, 29.849683885903552 ], [ -98.000892957473397, 29.849363787117071 ], [ -98.000954563841319, 29.849154434905589 ], [ -98.001085769355171, 29.848972682602497 ], [ -98.001210994760072, 29.848806677427639 ], [ -98.00120946617956, 29.8486352011261 ], [ -98.001189600074582, 29.84848614782636 ], [ -98.001314487908331, 29.848353982010472 ], [ -98.001541077317029, 29.848209047886844 ], [ -98.001330995774424, 29.847995384829979 ], [ -98.001125897465997, 29.847671209192551 ], [ -98.000884473714933, 29.84748663753474 ], [ -98.000598943747065, 29.847378439534211 ], [ -98.000326770064831, 29.847358330247474 ], [ -98.00017512619452, 29.847318827802489 ], [ -98.00000375962064, 29.847310762013564 ], [ -97.999846129418543, 29.847092981060683 ], [ -97.999739213229148, 29.847044793032385 ], [ -97.999563493551548, 29.847084071831464 ], [ -97.999393596108078, 29.847123394505797 ], [ -97.999159512801086, 29.846981741273517 ], [ -97.999001653727277, 29.84685194636868 ], [ -97.998855310326007, 29.84667034766403 ], [ -97.998827122204546, 29.846318180582731 ], [ -97.99880548787803, 29.84602246575928 ], [ -97.998714330360414, 29.845626955260499 ], [ -97.998371966165976, 29.845315271175199 ], [ -97.998358192561909, 29.845303145076286 ], [ -97.99811864522313, 29.845092250071438 ], [ -97.997826207987686, 29.844769663127781 ], [ -97.99764122636283, 29.844441122646391 ], [ -97.99752409322042, 29.843991267380627 ], [ -97.997566645027163, 29.843616652453871 ], [ -97.997576582737253, 29.843529163060587 ], [ -97.997712659019285, 29.843248181827331 ], [ -97.998055967175233, 29.842932797785696 ], [ -97.998056099594052, 29.842932676136936 ], [ -97.998351020647448, 29.842876254527361 ], [ -97.99890345377878, 29.842751845440187 ], [ -97.99890881995799, 29.842602982449446 ], [ -97.998870349972051, 29.842503421673705 ], [ -97.998767888447375, 29.842333436405031 ], [ -97.998458868504272, 29.842182189935631 ], [ -97.997987175869568, 29.842189891919023 ], [ -97.997743589544683, 29.842418167219247 ], [ -97.997350226118868, 29.842744573342078 ], [ -97.997160074776701, 29.842926103373124 ], [ -97.996944608039314, 29.843131799900547 ], [ -97.996437437525969, 29.843608209588648 ], [ -97.996301328255598, 29.843736062485217 ], [ -97.99543382880131, 29.84457099560494 ], [ -97.994847308381608, 29.845126047486179 ], [ -97.994695453211392, 29.84527574697433 ], [ -97.994474931061589, 29.845493137568827 ], [ -97.993911624209147, 29.846048439184752 ], [ -97.992406747953751, 29.847406423023834 ], [ -97.99160336755655, 29.848356879571316 ], [ -97.990518000812699, 29.849424749679308 ], [ -97.98976846489515, 29.850100361648408 ], [ -97.989069493605015, 29.8507650754532 ], [ -97.988290299122767, 29.851620939646644 ], [ -97.987334962005249, 29.852491240571471 ], [ -97.987280128461506, 29.852553408688511 ], [ -97.986643161183025, 29.853275569870529 ], [ -97.986188352078088, 29.853784213817026 ], [ -97.985258238775259, 29.854705806448688 ], [ -97.985239385157982, 29.854724487108314 ], [ -97.98390959920286, 29.855955115795521 ], [ -97.983144947951985, 29.85674859583256 ], [ -97.982774423402532, 29.857133083771725 ], [ -97.98164398458843, 29.858096748776109 ], [ -97.981410101123586, 29.858312564552584 ], [ -97.980775935378176, 29.858897733755239 ], [ -97.98022716001158, 29.85947055550875 ], [ -97.980164462225062, 29.859536000044589 ], [ -97.979440055017662, 29.860144060402828 ], [ -97.978870210861047, 29.860505141759649 ], [ -97.978331412118962, 29.860740119720568 ], [ -97.977984491147723, 29.86092399365636 ], [ -97.977798598003432, 29.861022519495755 ], [ -97.977159881909031, 29.861346962151167 ], [ -97.976514228319928, 29.861653299106905 ], [ -97.974984882087568, 29.862383688512416 ], [ -97.974213880752529, 29.862734162588566 ], [ -97.973474276788082, 29.863051034714879 ], [ -97.973198811513839, 29.863285782442418 ], [ -97.972686442909435, 29.863717222658195 ], [ -97.971999396351237, 29.864271385219464 ], [ -97.970849985842662, 29.865300232653063 ], [ -97.969579186871371, 29.866434779124916 ], [ -97.968926022655438, 29.867017897726925 ], [ -97.968418752878037, 29.867327531267645 ], [ -97.967873857425531, 29.867645892104662 ], [ -97.967191227989659, 29.868017319976072 ], [ -97.966326745224023, 29.868452746641292 ], [ -97.965380697899903, 29.868952954369899 ], [ -97.964403438238222, 29.86952961808235 ], [ -97.96338816011783, 29.870027011685924 ], [ -97.962667484599351, 29.870382324202179 ], [ -97.961873221447505, 29.870969430568916 ], [ -97.960721034589866, 29.871686823125135 ], [ -97.95953307647045, 29.872606971571251 ], [ -97.959485006500884, 29.8726462931909 ], [ -97.959120588572418, 29.872944388408637 ], [ -97.958652126118949, 29.873437032403977 ], [ -97.957983335905737, 29.873964189686511 ], [ -97.957064202961945, 29.874667596548072 ], [ -97.957054308942858, 29.874685566998235 ], [ -97.956861955055459, 29.875011179645774 ], [ -97.956703875467028, 29.875463403122669 ], [ -97.956422207675388, 29.875727394571204 ], [ -97.956268636884488, 29.875870569326914 ], [ -97.955663960426648, 29.87620419870078 ], [ -97.955108965214393, 29.876551754641902 ], [ -97.954210120526113, 29.876878111179654 ], [ -97.954081276533131, 29.876924891763906 ], [ -97.953287799080982, 29.877117135527314 ], [ -97.952801983850875, 29.877469742258924 ], [ -97.952102367821482, 29.87803046549169 ], [ -97.951508951389059, 29.878646175435236 ], [ -97.951230973550452, 29.879050061471137 ], [ -97.95124989314202, 29.879406672854554 ], [ -97.951646255078515, 29.87950232199077 ], [ -97.951980406760313, 29.879358330948488 ], [ -97.952465859274056, 29.878917736799593 ], [ -97.953090211817283, 29.878561718400178 ], [ -97.953896797079437, 29.878292873143327 ], [ -97.954747606079437, 29.878189067353411 ], [ -97.955125318735028, 29.87839736256954 ], [ -97.955514988860855, 29.878700507098845 ], [ -97.956371578890071, 29.878725332829063 ], [ -97.956585775991968, 29.878851111943181 ], [ -97.956824459711413, 29.879049278571877 ], [ -97.95715781423759, 29.879354228909317 ], [ -97.957611640871448, 29.879276595602679 ], [ -97.958487711069353, 29.879046624314238 ], [ -97.95907997499576, 29.878787335539588 ], [ -97.959886458134307, 29.8788388168573 ], [ -97.9604089058178, 29.878883543623228 ], [ -97.960856023863357, 29.879015662344262 ], [ -97.961113997276811, 29.879164339846351 ], [ -97.961296648808712, 29.879337240082425 ], [ -97.961479176777701, 29.879584590366743 ], [ -97.961705258375218, 29.879938319099374 ], [ -97.961905994641157, 29.880239958263278 ], [ -97.962006597036876, 29.880461846573777 ], [ -97.962189509411161, 29.880609930942047 ], [ -97.962586045011875, 29.880752926232834 ], [ -97.963083299576354, 29.880919273392955 ], [ -97.9634862219783, 29.881008170608084 ], [ -97.963952253819087, 29.88119006159803 ], [ -97.964386293199013, 29.881461943500618 ], [ -97.964713581161277, 29.881730730066984 ], [ -97.964996580487195, 29.882089412070592 ], [ -97.965210086355015, 29.882409195230075 ], [ -97.965487022350402, 29.882916730651768 ], [ -97.965807086555529, 29.883760760800723 ], [ -97.965913101919853, 29.884400064536194 ], [ -97.965862069320352, 29.885017832168497 ], [ -97.965848398428989, 29.885778026545285 ], [ -97.965733932509494, 29.886521637775225 ], [ -97.965638423550331, 29.887184178831809 ], [ -97.965577611083319, 29.887240578224919 ], [ -97.965443033143075, 29.887365389712308 ], [ -97.96496312107233, 29.887772233168732 ], [ -97.964673060886113, 29.888158003996409 ], [ -97.965233061624048, 29.888895625458971 ], [ -97.965005535478468, 29.889117193149659 ], [ -97.964614597775608, 29.889556318316004 ], [ -97.964418489825832, 29.88993154549615 ], [ -97.964310980694407, 29.890251065453128 ], [ -97.964386346683341, 29.890599094074688 ], [ -97.964625330385118, 29.891022858086753 ], [ -97.964800995341406, 29.891310758958614 ], [ -97.964932711231498, 29.891717887719356 ], [ -97.964976214910081, 29.891955117974259 ], [ -97.965222280541226, 29.892069852755434 ], [ -97.965562643213261, 29.892016120242541 ], [ -97.965997316270787, 29.891918004353656 ], [ -97.966513740058929, 29.891863392873145 ], [ -97.966860123210878, 29.891978909917249 ], [ -97.967067105770653, 29.892431747862783 ], [ -97.9671421291863, 29.892876784384981 ], [ -97.96696530695128, 29.893516127637536 ], [ -97.966466647817938, 29.894231912705557 ], [ -97.966154205256046, 29.894789325933871 ], [ -97.966049899658955, 29.894975410818038 ], [ -97.965973270167822, 29.895313222621322 ], [ -97.966054726502691, 29.8956364812591 ], [ -97.966318570126049, 29.896161960667506 ], [ -97.966501186629785, 29.896404792653833 ], [ -97.966752491705748, 29.897142244464273 ], [ -97.966921382300995, 29.898025696292681 ], [ -97.966706160163113, 29.898558702014189 ], [ -97.96626461803217, 29.898943288485778 ], [ -97.965463694157606, 29.899528102792654 ], [ -97.96472581889077, 29.9001495036925 ], [ -97.964214708039094, 29.900750121008222 ], [ -97.964175262479145, 29.901015376367813 ], [ -97.964150702787748, 29.90118052959782 ], [ -97.964282789724123, 29.901427479801729 ], [ -97.964522381318204, 29.901544421623854 ], [ -97.964723621388714, 29.901676853697641 ], [ -97.964975320295977, 29.901875108187848 ], [ -97.965447743231834, 29.902011923395833 ], [ -97.965989005381161, 29.902189886737464 ], [ -97.966530725347752, 29.902449069935589 ], [ -97.966776227422343, 29.902746539653393 ], [ -97.966643174124869, 29.903282444801256 ], [ -97.966295562362674, 29.903909167403924 ], [ -97.965816041271694, 29.904521318158327 ], [ -97.965273184997258, 29.905248030668524 ], [ -97.96464190481322, 29.905886059049138 ], [ -97.964030228250337, 29.906443019236203 ], [ -97.96292043892015, 29.907090815699078 ], [ -97.961653084460025, 29.907574924160144 ], [ -97.960474587730445, 29.907854418196656 ], [ -97.959570503279679, 29.908220199595881 ], [ -97.95911264855232, 29.908405438620729 ], [ -97.957574001040271, 29.909388214592386 ], [ -97.956898874030756, 29.909940126692334 ], [ -97.95607260874678, 29.910396084071319 ], [ -97.954843738614741, 29.91065933524192 ], [ -97.953589430510831, 29.910816337053333 ], [ -97.953060276408834, 29.910778296133884 ], [ -97.95279019970036, 29.910480605828148 ], [ -97.95268966339178, 29.910127859960514 ], [ -97.952539311970199, 29.909648377992696 ], [ -97.952615854824998, 29.909015029081218 ], [ -97.95285620797938, 29.908502552713855 ], [ -97.9531845078548, 29.908060712097669 ], [ -97.95367001685841, 29.907565972712497 ], [ -97.954275989134544, 29.907065418169338 ], [ -97.954944272382718, 29.906486392005281 ], [ -97.955266447443989, 29.906195654902596 ], [ -97.955600613709137, 29.905810256578484 ], [ -97.955430789021662, 29.905583303620265 ], [ -97.955128764480577, 29.905556094504821 ], [ -97.954517489499707, 29.905697894959737 ], [ -97.954050569253738, 29.905901751335648 ], [ -97.953710237388904, 29.905885515244183 ], [ -97.953244593375217, 29.905719383102014 ], [ -97.953005860620834, 29.905273040797326 ], [ -97.952936436325743, 29.905093968814281 ], [ -97.952811087972208, 29.904770645446746 ], [ -97.952617564831286, 29.90383960584662 ], [ -97.952421925966718, 29.903729760224547 ], [ -97.952207836226975, 29.903960435389635 ], [ -97.95184780021016, 29.904219279093368 ], [ -97.951633306532969, 29.904797385581212 ], [ -97.951437277287141, 29.905082266326435 ], [ -97.951367741101905, 29.90518331977098 ], [ -97.950945550583, 29.905380752823092 ], [ -97.950655260077369, 29.905407772111548 ], [ -97.950157224688695, 29.905676793579651 ], [ -97.949438683422756, 29.905984666128752 ], [ -97.948896310796854, 29.906221744434678 ], [ -97.948341496392857, 29.906287259394638 ], [ -97.947402848181994, 29.90622562507933 ], [ -97.947022375644622, 29.906121256179674 ], [ -97.946716702816587, 29.906037404940133 ], [ -97.946465018140174, 29.905717288111227 ], [ -97.946396813339291, 29.905247479922032 ], [ -97.946410601193392, 29.905042905710499 ], [ -97.946429031445021, 29.904769449655738 ], [ -97.946857409324593, 29.904538239705396 ], [ -97.947039674406383, 29.904447354756741 ], [ -97.947311628929413, 29.904311746156687 ], [ -97.947506966798514, 29.904141843887931 ], [ -97.947532837230838, 29.903959308377921 ], [ -97.947211199297442, 29.903828145156705 ], [ -97.947046673703539, 29.903770057245563 ], [ -97.946877768781434, 29.903710422875761 ], [ -97.946336273804405, 29.903557197394566 ], [ -97.945813325278877, 29.903302594200309 ], [ -97.945511021274527, 29.903241519512541 ], [ -97.94526536058035, 29.903395224143104 ], [ -97.945138911094361, 29.903477687375606 ], [ -97.94495655776052, 29.903582264638256 ], [ -97.944609834436108, 29.903559185553405 ], [ -97.944313759691212, 29.903459804963962 ], [ -97.943854178287538, 29.903212469229778 ], [ -97.943282281449015, 29.902567163826141 ], [ -97.943254233671084, 29.90252783994498 ], [ -97.942999063334838, 29.902170081289 ], [ -97.942968579637238, 29.901623867089373 ], [ -97.943013824847782, 29.901078260329086 ], [ -97.942969965324011, 29.900879374086816 ], [ -97.94262321979069, 29.900736717974134 ], [ -97.942295555141413, 29.900932625466861 ], [ -97.941873058994503, 29.901220270179735 ], [ -97.941570038164201, 29.901472775107731 ], [ -97.940971155957016, 29.901912413781819 ], [ -97.94058670742254, 29.901907070483425 ], [ -97.940118974513624, 29.901780290812695 ], [ -97.939874762078475, 29.901714095909682 ], [ -97.939654945920111, 29.901382941887523 ], [ -97.939611659307786, 29.900947172209506 ], [ -97.939574198365676, 29.900511448747942 ], [ -97.939518289783194, 29.900350818161836 ], [ -97.939549971982885, 29.900109673092604 ], [ -97.939348925758324, 29.899656841952794 ], [ -97.939140522804081, 29.899959735834429 ], [ -97.938970013822825, 29.900107265287929 ], [ -97.938692236728954, 29.900542708455212 ], [ -97.938269691227177, 29.901078508758765 ], [ -97.938036039026287, 29.901381197470641 ], [ -97.937613143534264, 29.901522180517595 ], [ -97.936882271331726, 29.901588485131153 ], [ -97.936359311657597, 29.901582012983653 ], [ -97.935962639633175, 29.901630702826754 ], [ -97.935565606736461, 29.90177414366871 ], [ -97.934960155135343, 29.901976814703584 ], [ -97.934127894102872, 29.902263380345719 ], [ -97.933724457427999, 29.902339082185836 ], [ -97.933257989975402, 29.902619574714347 ], [ -97.933043086235344, 29.903044233753402 ], [ -97.932891159948468, 29.903390439130881 ], [ -97.932525784082657, 29.903538638871076 ], [ -97.932185176814528, 29.903549418025911 ], [ -97.931712820030285, 29.903410228450294 ], [ -97.931378730794393, 29.903477460411899 ], [ -97.93068539455949, 29.903785433808004 ], [ -97.930263353701932, 29.903723353422574 ], [ -97.930024429310535, 29.903486784471667 ], [ -97.929583431191844, 29.903381683092672 ], [ -97.92911743132025, 29.903253815943312 ], [ -97.928884645762494, 29.903048879814936 ], [ -97.928658216971215, 29.902794361353848 ], [ -97.928325396508683, 29.902259225297733 ], [ -97.927910465023146, 29.901836224532804 ], [ -97.928018300904313, 29.901437776787652 ], [ -97.928315175527288, 29.900794954175762 ], [ -97.927975113553217, 29.900695179248718 ], [ -97.927653943048057, 29.900584277580052 ], [ -97.927446940763318, 29.900329914455693 ], [ -97.92735628982841, 29.900261506755587 ], [ -97.926993610248118, 29.899987817177443 ], [ -97.926390078928677, 29.89934669448925 ], [ -97.926246226308876, 29.898817604012308 ], [ -97.9262467082998, 29.898289687841423 ], [ -97.926449030591542, 29.898013838219057 ], [ -97.926902654387433, 29.897904725930175 ], [ -97.927382564590189, 29.897765497340146 ], [ -97.927507806300639, 29.89772916264101 ], [ -97.927911938773462, 29.89746623149702 ], [ -97.928264494057714, 29.897365317220061 ], [ -97.928692979262465, 29.897427455930366 ], [ -97.929183952361484, 29.897578087109057 ], [ -97.929574854387454, 29.89758351634385 ], [ -97.930110795131668, 29.897402866576122 ], [ -97.930684180082935, 29.8971706287468 ], [ -97.93132684961634, 29.897239007243151 ], [ -97.931465966374162, 29.897000991059635 ], [ -97.931422299917898, 29.896786310603744 ], [ -97.931277668970466, 29.896509897843448 ], [ -97.930698639797697, 29.896119417441323 ], [ -97.930201784494358, 29.895792770493863 ], [ -97.929887281839413, 29.895422479717173 ], [ -97.929818433265552, 29.895081254905516 ], [ -97.930020553081576, 29.894701618354954 ], [ -97.930513006598702, 29.894288238497321 ], [ -97.931036281159351, 29.893897667738386 ], [ -97.931566429981615, 29.893529710757939 ], [ -97.931618594245293, 29.893295750598003 ], [ -97.931654801547069, 29.893133357810832 ], [ -97.931289702500024, 29.89325899644167 ], [ -97.931211877590641, 29.893292512425539 ], [ -97.930955475879287, 29.893402933606463 ], [ -97.930564772764995, 29.893562203302633 ], [ -97.930286926419711, 29.893638912894744 ], [ -97.930136003713756, 29.89370988325933 ], [ -97.929771420893175, 29.893987634249292 ], [ -97.929687686304447, 29.894051425611369 ], [ -97.929107981726801, 29.894391899534455 ], [ -97.928452260436529, 29.894758826036444 ], [ -97.927650582302817, 29.895336633855226 ], [ -97.926616531194895, 29.895792973112229 ], [ -97.925887159066662, 29.896158985390379 ], [ -97.925696333142895, 29.896254744234856 ], [ -97.925064968801024, 29.896822642100837 ], [ -97.92419526231167, 29.89728255829662 ], [ -97.923286980249458, 29.897717336290405 ], [ -97.922360172068778, 29.898068481933578 ], [ -97.921162359108919, 29.898579841987555 ], [ -97.920437879538383, 29.898809648404526 ], [ -97.92005299068957, 29.898931733923675 ], [ -97.919447780663774, 29.899050860631323 ], [ -97.91911363984967, 29.899183486842734 ], [ -97.918576982070476, 29.899607740313968 ], [ -97.91792710299768, 29.900146121779422 ], [ -97.917744487936588, 29.900392790384881 ], [ -97.917541859336026, 29.900873925461035 ], [ -97.91720782290065, 29.901175752220102 ], [ -97.915784665455249, 29.902107095561618 ], [ -97.915499591158763, 29.902310053288421 ], [ -97.91514374488176, 29.902532732790178 ], [ -97.914884401725686, 29.902571208689764 ], [ -97.914433807981268, 29.902815667662519 ], [ -97.914403142357997, 29.902837975886662 ], [ -97.9145801367563, 29.902931931123231 ], [ -97.914947425863559, 29.903027451751733 ], [ -97.915140480682368, 29.903013247725035 ], [ -97.915386794652008, 29.902922774602438 ], [ -97.915633083730299, 29.902834557755039 ], [ -97.915950608124405, 29.902683755527875 ], [ -97.916285277219018, 29.902503764824431 ], [ -97.916603457970027, 29.902292052884942 ], [ -97.91686905087704, 29.902034786951262 ], [ -97.917063762641092, 29.901867181136165 ], [ -97.91725827928029, 29.901717621959509 ], [ -97.917575455684371, 29.901598397781381 ], [ -97.917628132649654, 29.901575686342497 ], [ -97.917821934738043, 29.901492129169252 ], [ -97.918067730774183, 29.901449024378596 ], [ -97.918471310451537, 29.901420749452001 ], [ -97.91903182013067, 29.901486258635273 ], [ -97.919259312485877, 29.901519707877682 ], [ -97.919608322012039, 29.901689515690336 ], [ -97.919939005598764, 29.90193813518869 ], [ -97.920250278652446, 29.902306166262321 ], [ -97.9203515003924, 29.90270406283032 ], [ -97.920330059115713, 29.903071625453538 ], [ -97.920255396336032, 29.903452289328389 ], [ -97.920149055574115, 29.903589038497959 ], [ -97.91986434565392, 29.90393865294244 ], [ -97.919634194338968, 29.904151093873473 ], [ -97.91949010904672, 29.904486067158061 ], [ -97.919399269936179, 29.904805683765673 ], [ -97.919344211526521, 29.905048887811507 ], [ -97.919253527618125, 29.905294055659532 ], [ -97.919163685430476, 29.905521181805071 ], [ -97.919056522400041, 29.905673715408792 ], [ -97.918994661950123, 29.905856167260737 ], [ -97.918948204481836, 29.905993188944226 ], [ -97.918910620507589, 29.906236535393848 ], [ -97.918957423574824, 29.906758069407861 ], [ -97.918957267381899, 29.9067725337604 ], [ -97.918954792704142, 29.907001702941983 ], [ -97.918917037084043, 29.90726084069901 ], [ -97.918882538417265, 29.907497626948238 ], [ -97.918879281900118, 29.907519978435662 ], [ -97.918841683145388, 29.907704666973451 ], [ -97.918734190580849, 29.907947440740337 ], [ -97.918608743419099, 29.908174274403976 ], [ -97.918537007267133, 29.90834289071919 ], [ -97.91853535005329, 29.908496288974732 ], [ -97.918533375997754, 29.908679013767415 ], [ -97.918548221278243, 29.908922790524979 ], [ -97.91859850820984, 29.909121736028233 ], [ -97.918667894252295, 29.90923059612123 ], [ -97.918826504294174, 29.909110069110302 ], [ -97.918950977712285, 29.90897346989545 ], [ -97.919111233067639, 29.908760457635452 ], [ -97.919306442383387, 29.908547731613965 ], [ -97.919502137172941, 29.908289887946175 ], [ -97.919766911586635, 29.90810931606509 ], [ -97.920048358505142, 29.908003330052345 ], [ -97.920312635032317, 29.907928788364735 ], [ -97.920566875578388, 29.907944406041363 ], [ -97.920642171094499, 29.907985631520003 ], [ -97.920848761540327, 29.908097869200041 ], [ -97.921094165637953, 29.908212680463837 ], [ -97.921282987378802, 29.908351844892358 ], [ -97.92154046401204, 29.908547971894272 ], [ -97.921709342960696, 29.9086756925998 ], [ -97.92176314832399, 29.908788935847529 ], [ -97.921884474663045, 29.909004253793597 ], [ -97.921983355730177, 29.909259997346943 ], [ -97.922036910257773, 29.909456712594825 ], [ -97.922125088446307, 29.909624381676892 ], [ -97.92224736311033, 29.909751720757484 ], [ -97.922358610153751, 29.909881225388276 ], [ -97.922592433302924, 29.910050084887633 ], [ -97.922815925202514, 29.910216603225781 ], [ -97.923105337860491, 29.910453597318341 ], [ -97.92327215848232, 29.910592579879275 ], [ -97.923539976863225, 29.910791043861792 ], [ -97.923774572816825, 29.910948627001897 ], [ -97.924008279623919, 29.911128763126431 ], [ -97.924119554711609, 29.911256010774132 ], [ -97.924196522450316, 29.911382977842074 ], [ -97.924274112863912, 29.911512206894685 ], [ -97.924293816761775, 29.911570612373474 ], [ -97.924348144804938, 29.911731648945871 ], [ -97.924235363551716, 29.912166148774578 ], [ -97.924199551661673, 29.91230573270526 ], [ -97.924086208370738, 29.912523808547238 ], [ -97.923984709101362, 29.912719095253909 ], [ -97.923718753085979, 29.913490754326165 ], [ -97.923534235555707, 29.914454842222128 ], [ -97.92316054497347, 29.915430921816938 ], [ -97.922817870833185, 29.916592250160939 ], [ -97.922652994407414, 29.917414365462285 ], [ -97.922518378521616, 29.918374394173842 ], [ -97.92249310610859, 29.918554625236304 ], [ -97.922415502765745, 29.919688789211893 ], [ -97.922179097423736, 29.921320244259931 ], [ -97.922279330805907, 29.921932455605607 ], [ -97.922580879680083, 29.922368083637807 ], [ -97.923147506085584, 29.922417834357276 ], [ -97.923645921981247, 29.922248188042374 ], [ -97.924043537239967, 29.921879183650503 ], [ -97.924535730124646, 29.92138461060048 ], [ -97.92493429727638, 29.920805797545025 ], [ -97.925294017512797, 29.920226666503847 ], [ -97.925698199923403, 29.919968257737978 ], [ -97.926367052377984, 29.919540542345715 ], [ -97.926615287512163, 29.919466048956355 ], [ -97.927047747023749, 29.919336269936046 ], [ -97.928125507156693, 29.919234489470504 ], [ -97.929278379774161, 29.919191967289503 ], [ -97.93057038447516, 29.919215989826462 ], [ -97.93103652909214, 29.91939799896101 ], [ -97.931218345097591, 29.919832637067259 ], [ -97.931349933041389, 29.920242051380804 ], [ -97.931557065940538, 29.920791953284709 ], [ -97.931852104264721, 29.921295189989099 ], [ -97.932053523035862, 29.921592366037206 ], [ -97.932462294233574, 29.921994999403314 ], [ -97.933035633216747, 29.922204942402495 ], [ -97.933614681074246, 29.922426209749855 ], [ -97.933860418247292, 29.922696668794924 ], [ -97.934092147281874, 29.923249021493749 ], [ -97.934279202225326, 29.923585975228992 ], [ -97.934412955310108, 29.923826911452419 ], [ -97.934776902095663, 29.924488622753454 ], [ -97.935129128853745, 29.925096093409362 ], [ -97.935531571728731, 29.925548299810075 ], [ -97.936041850552797, 29.925784793654362 ], [ -97.936344384592417, 29.92570827299684 ], [ -97.936571626723548, 29.925527365246495 ], [ -97.936849605632148, 29.925080650445167 ], [ -97.937335351140518, 29.924640122653113 ], [ -97.937953859649696, 29.924317977477305 ], [ -97.938559034810183, 29.924092733161395 ], [ -97.939308959982185, 29.923832553046751 ], [ -97.940083126101527, 29.923667318931145 ], [ -97.939631908285449, 29.924333741685523 ], [ -97.939284435003714, 29.92492429122931 ], [ -97.938658172149573, 29.925977344681755 ], [ -97.938378810662812, 29.926554903468002 ], [ -97.938202528057417, 29.927058842051995 ], [ -97.937367050692771, 29.928482453700248 ], [ -97.937000630203372, 29.929208206977631 ], [ -97.936755731564176, 29.929770247473353 ], [ -97.936545744125453, 29.930215253738577 ], [ -97.936265229588528, 29.930898833290819 ], [ -97.936517036777175, 29.931331772530378 ], [ -97.936706691531867, 29.931155073760454 ], [ -97.936999769949097, 29.93093408751697 ], [ -97.937120481937868, 29.930786160679396 ], [ -97.937243591612187, 29.930473561196401 ], [ -97.937315048899478, 29.930147008208902 ], [ -97.937386505426048, 29.929881368605649 ], [ -97.93744050507631, 29.929613332453641 ], [ -97.937494504408235, 29.929345296846652 ], [ -97.937617922524112, 29.929003369672813 ], [ -97.937947006162574, 29.928561577454936 ], [ -97.938050905882221, 29.928472171882657 ], [ -97.93829090918608, 29.928370326107363 ], [ -97.938513768083354, 29.928297670997683 ], [ -97.938787461806541, 29.928254753306742 ], [ -97.938924692129618, 29.92819720027574 ], [ -97.939080527068924, 29.928033762019748 ], [ -97.93918471077086, 29.927856371526627 ], [ -97.939236646978983, 29.927782339563056 ], [ -97.939442981588499, 29.927680220714574 ], [ -97.939683316409287, 29.927546790065865 ], [ -97.940009256591907, 29.927461425065836 ], [ -97.940299613404605, 29.92743443093136 ], [ -97.940675456980259, 29.927466780308038 ], [ -97.94103224381584, 29.927647875951621 ], [ -97.941405554896576, 29.927858432510121 ], [ -97.941742814191059, 29.928294304745716 ], [ -97.941976681008782, 29.928772211300252 ], [ -97.94204137220207, 29.929144981268671 ], [ -97.942021866169711, 29.929397503619374 ], [ -97.942019837904056, 29.929589252718909 ], [ -97.942104008581254, 29.929650841772293 ], [ -97.942206641362205, 29.929680994571005 ], [ -97.942308316592005, 29.929740468184644 ], [ -97.94235834318799, 29.929846904428558 ], [ -97.942390939849474, 29.930009602783411 ], [ -97.942355313620908, 29.930133400301408 ], [ -97.942141084415667, 29.930185826835494 ], [ -97.941905922677535, 29.930258389278823 ], [ -97.941690476282247, 29.930425864392763 ], [ -97.941538170996211, 29.930684088813265 ], [ -97.941514441577553, 29.930907248523663 ], [ -97.941533443893761, 29.931130751365355 ], [ -97.941552064289425, 29.931390348187378 ], [ -97.941549294849096, 29.93165202901778 ], [ -97.941483238877311, 29.931836495965307 ], [ -97.941392929885168, 29.931804185777565 ], [ -97.941231382066121, 29.931895386667993 ], [ -97.941203594422973, 29.932012478865317 ], [ -97.941281921009491, 29.932198105408833 ], [ -97.941520408002845, 29.932362456886143 ], [ -97.941570539216855, 29.932642611581223 ], [ -97.941514009135034, 29.932967030480309 ], [ -97.941620099983879, 29.933037820131045 ], [ -97.941860809327025, 29.932992375656035 ], [ -97.942103952526466, 29.932716831570612 ], [ -97.942346379322558, 29.932508963222642 ], [ -97.942588065051197, 29.932371026211023 ], [ -97.942749465730145, 29.932232445386244 ], [ -97.942991150018912, 29.932094507574181 ], [ -97.943234002074163, 29.931846031779141 ], [ -97.943445059994602, 29.931664982610407 ], [ -97.944114604123243, 29.931417668231575 ], [ -97.944447165411091, 29.931564720084257 ], [ -97.944780222659617, 29.931603483860442 ], [ -97.945029758557709, 29.931641578354121 ], [ -97.945202953080525, 29.931796376994185 ], [ -97.944494870413294, 29.932320883623159 ], [ -97.943623632208514, 29.933026819860881 ], [ -97.943490561337271, 29.933670987610615 ], [ -97.943685445005215, 29.93397937395423 ], [ -97.943969222411056, 29.933902685872386 ], [ -97.944574600802838, 29.933539796259989 ], [ -97.944693824999149, 29.933470813114326 ], [ -97.944731063536395, 29.933746350777216 ], [ -97.944757452829052, 29.933884181809013 ], [ -97.944585944180105, 29.934182865103754 ], [ -97.944435049785199, 29.93436890994176 ], [ -97.9447242076062, 29.934396042369734 ], [ -97.944984781318553, 29.934431969070214 ], [ -97.945161759827158, 29.934473994742735 ], [ -97.945366151824345, 29.934556848736062 ], [ -97.945458626652595, 29.934629782765313 ], [ -97.945662548901439, 29.934818667369608 ], [ -97.945791074217951, 29.934973107352462 ], [ -97.945938405797222, 29.935186355908936 ], [ -97.94611768347653, 29.935440468365993 ], [ -97.946071581097812, 29.935575463698136 ], [ -97.946043830535302, 29.936130126152932 ], [ -97.946032203694415, 29.936362515012437 ], [ -97.945861345359248, 29.936968029417347 ], [ -97.945601516595403, 29.93759764817829 ], [ -97.945874419939258, 29.937570502621242 ], [ -97.945992406090028, 29.937557909846806 ], [ -97.946383473980958, 29.937378295694359 ], [ -97.946983162826541, 29.937064983386186 ], [ -97.94718756665371, 29.93696283729124 ], [ -97.947246423429903, 29.937030989422695 ], [ -97.947326331772459, 29.937067724737055 ], [ -97.947473192765273, 29.937080178256785 ], [ -97.947527053394296, 29.937069327755825 ], [ -97.947661551956244, 29.936964366890852 ], [ -97.947782340496488, 29.936931489985195 ], [ -97.948077446213276, 29.93688646855033 ], [ -97.948290998288272, 29.936899453421514 ], [ -97.94845072143373, 29.936981945684863 ], [ -97.948530013420623, 29.93707733309358 ], [ -97.948568568286291, 29.93722879684616 ], [ -97.948567477084424, 29.937332567194442 ], [ -97.948566006325223, 29.937472431593637 ], [ -97.948551941853864, 29.937578354219021 ], [ -97.948563657836317, 29.937695763147154 ], [ -97.948603209918232, 29.937752480043841 ], [ -97.948615573559849, 29.937869894132241 ], [ -97.948654484610131, 29.937987519976353 ], [ -97.948639796297925, 29.938091181278974 ], [ -97.948611896733823, 29.938219554784471 ], [ -97.948596710149459, 29.938370589779275 ], [ -97.948581790885072, 29.938557723959715 ], [ -97.948566485593375, 29.938720038041975 ], [ -97.948510156820532, 29.938965499553007 ], [ -97.948468184993928, 29.939138881451758 ], [ -97.948399522852554, 29.939325587358386 ], [ -97.94818190050978, 29.939637442977819 ], [ -97.948100754942203, 29.939718013699881 ], [ -97.947965636500484, 29.939881627658927 ], [ -97.947843371830572, 29.940054368353898 ], [ -97.947573006254117, 29.940331961674836 ], [ -97.947423664108072, 29.940493205085701 ], [ -97.947477145923486, 29.94051844924207 ], [ -97.947489532883793, 29.940633607195792 ], [ -97.947554991715009, 29.940751445346724 ], [ -97.947580304981855, 29.940868962279026 ], [ -97.947566143225117, 29.940983908793378 ], [ -97.947538329969035, 29.941042344369183 ], [ -97.947363062258361, 29.941205636992017 ], [ -97.947267842693435, 29.941331215449111 ], [ -97.947172954828019, 29.94142521215462 ], [ -97.947172218349948, 29.941495144563746 ], [ -97.947227845856773, 29.941624184346647 ], [ -97.947260613805682, 29.941710176564666 ], [ -97.947309404295197, 29.941812088925023 ], [ -97.947375819371331, 29.941900605658223 ], [ -97.947491589687658, 29.941975980161718 ], [ -97.94769155482858, 29.941988857655787 ], [ -97.947824848467675, 29.942675764423988 ], [ -97.94780529734345, 29.943302793640591 ], [ -97.947930171488395, 29.944174630232531 ], [ -97.947909281177118, 29.945297981490956 ], [ -97.947888431651918, 29.946355907332773 ], [ -97.947899769341745, 29.94743213909285 ], [ -97.947965823464017, 29.947676503067932 ], [ -97.948087394756456, 29.948126246874629 ], [ -97.948023842759568, 29.948626584841243 ], [ -97.947562595521774, 29.949193684512004 ], [ -97.94745512340603, 29.949436480776377 ], [ -97.947486035582472, 29.949883427400497 ], [ -97.947706051498912, 29.950207801264966 ], [ -97.948153389407281, 29.95028582281325 ], [ -97.948418511749807, 29.950078125493668 ], [ -97.948500798252212, 29.949828359562918 ], [ -97.948804409499076, 29.949162988736148 ], [ -97.949233782005351, 29.948855076786206 ], [ -97.949952999363944, 29.948574290453422 ], [ -97.950292946865261, 29.948579255385525 ], [ -97.95074634594603, 29.949004749561855 ], [ -97.951274962559225, 29.949606814421763 ], [ -97.951370860715059, 29.949848976135911 ], [ -97.950587101612044, 29.950539858356599 ], [ -97.950839857226626, 29.95089144219526 ], [ -97.950880724116118, 29.950948287887819 ], [ -97.951008851368115, 29.95114332883205 ], [ -97.951175225022766, 29.951273248590617 ], [ -97.951323964243969, 29.951355650739195 ], [ -97.951528600123709, 29.95135727927553 ], [ -97.951769257912304, 29.951505837884259 ], [ -97.951917350328443, 29.951588234243605 ], [ -97.951990639219389, 29.951701620347155 ], [ -97.952082685046577, 29.951817411367081 ], [ -97.952230281455371, 29.951947180461413 ], [ -97.952378209358614, 29.952045367742528 ], [ -97.952452123132716, 29.952161014339357 ], [ -97.952506633886827, 29.952274250864217 ], [ -97.952524042199258, 29.952405240332535 ], [ -97.952485133885475, 29.952533526295515 ], [ -97.952354803162166, 29.952548282789841 ], [ -97.952223303671602, 29.952612662654527 ], [ -97.952147979496004, 29.952693281890824 ], [ -97.952109860201347, 29.952808037628841 ], [ -97.952108346168501, 29.952952413597625 ], [ -97.952125106375135, 29.953083398513435 ], [ -97.952105791219168, 29.953196047448504 ], [ -97.952047415891826, 29.953389604529221 ], [ -97.951972090299762, 29.953470223632586 ], [ -97.951803156282381, 29.95358393863923 ], [ -97.951560268582796, 29.953647431567724 ], [ -97.95117016236928, 29.953545060552461 ], [ -97.950948257036231, 29.953398905915286 ], [ -97.950689147696693, 29.953218613987058 ], [ -97.950467955293988, 29.953004782368058 ], [ -97.950319862056233, 29.952922384976347 ], [ -97.950226442802546, 29.95293743282874 ], [ -97.950114243566603, 29.952952330952769 ], [ -97.949927862915928, 29.953000479017959 ], [ -97.94983408789318, 29.953049364984604 ], [ -97.949814122500612, 29.953162008929095 ], [ -97.949962049691678, 29.953260198290128 ], [ -97.950091362406127, 29.953342447030195 ], [ -97.950127738019333, 29.953455539988713 ], [ -97.950182056489055, 29.953586824376504 ], [ -97.9502736041715, 29.953749989665514 ], [ -97.950474817085578, 29.954139634670259 ], [ -97.950564178005692, 29.954449426625931 ], [ -97.950692766376989, 29.954662520597484 ], [ -97.950803949570542, 29.954744623667739 ], [ -97.95099000087437, 29.954728056667534 ], [ -97.951139281334875, 29.954697660294364 ], [ -97.951251648155576, 29.954666970521512 ], [ -97.95145832007077, 29.954598677261888 ], [ -97.951661249824198, 29.954701814614449 ], [ -97.951658338567924, 29.954979286770488 ], [ -97.951597119363186, 29.955258551283009 ], [ -97.951565326037482, 29.955510976599253 ], [ -97.951445299481065, 29.955839405779763 ], [ -97.951412416457799, 29.956195601767103 ], [ -97.951409764773828, 29.956448258937385 ], [ -97.951348282724837, 29.956752337525973 ], [ -97.951287188167129, 29.957081235551769 ], [ -97.951167679646488, 29.957360035145307 ], [ -97.950990169058144, 29.957611300638852 ], [ -97.950781903658438, 29.958015732452871 ], [ -97.950488726672489, 29.958241259022131 ], [ -97.950282851915148, 29.958417847229281 ], [ -97.950134741051116, 29.958644528760132 ], [ -97.950117292868541, 29.958948957515435 ], [ -97.949309157471518, 29.959671221043351 ], [ -97.948977134364185, 29.960079174717766 ], [ -97.948536280991533, 29.960488514660849 ], [ -97.948130379217531, 29.960961302349485 ], [ -97.947876188153884, 29.960927687621069 ], [ -97.947330557330716, 29.960891743878555 ], [ -97.946965916129869, 29.960951999223187 ], [ -97.946088227943179, 29.961387167105002 ], [ -97.945831032017722, 29.961576873799174 ], [ -97.945393184054524, 29.961699707879344 ], [ -97.945103390933795, 29.961602633751799 ], [ -97.944667229943647, 29.961504385929775 ], [ -97.944376436886003, 29.961502056019036 ], [ -97.943866738955109, 29.961497970635644 ], [ -97.943502427777105, 29.961526634145503 ], [ -97.94313845054981, 29.961523714542242 ], [ -97.942628753402744, 29.961519624372382 ], [ -97.942082097259487, 29.961641573989063 ], [ -97.941860850987709, 29.961860890492865 ], [ -97.941493815178731, 29.962207630091068 ], [ -97.941016364663042, 29.962582809467808 ], [ -97.940688633262596, 29.96276517034487 ], [ -97.940505639578419, 29.962919366762936 ], [ -97.940252939799194, 29.963172267376539 ], [ -97.940007169651253, 29.963321445900164 ], [ -97.93948955140317, 29.963574469315414 ], [ -97.93888425673083, 29.963788431783232 ], [ -97.937926199920454, 29.963796502816958 ], [ -97.936766265164721, 29.963784889719317 ], [ -97.936374931878362, 29.963978006822835 ], [ -97.936015408017369, 29.963981871798662 ], [ -97.935845241367744, 29.9639647045427 ], [ -97.935391472111476, 29.96393847743574 ], [ -97.93455258333951, 29.963947487540448 ], [ -97.933764788148181, 29.963963673739787 ], [ -97.93305273808069, 29.963619500438096 ], [ -97.93273223621263, 29.963305569487829 ], [ -97.932789519393381, 29.96279391062528 ], [ -97.933061385423599, 29.962385511929508 ], [ -97.933584964938333, 29.962060367786034 ], [ -97.934518795086788, 29.961528728467226 ], [ -97.934655652589228, 29.961448314381617 ], [ -97.935560341652149, 29.960916734691342 ], [ -97.936021231410095, 29.960394798233516 ], [ -97.936494949970921, 29.95982333041086 ], [ -97.936652231258705, 29.959650883533421 ], [ -97.937019471538605, 29.961537650765383 ], [ -97.937493091194142, 29.960861251833002 ], [ -97.937913269284991, 29.96026116631031 ], [ -97.937986380125196, 29.960146697197942 ], [ -97.938141932362072, 29.960014844165073 ], [ -97.938262199668713, 29.959912034974412 ], [ -97.938525282378265, 29.959778791718627 ], [ -97.938681505011076, 29.959644687068788 ], [ -97.938994380293394, 29.959335872220645 ], [ -97.939367697487199, 29.958946325212811 ], [ -97.939608226248595, 29.958679791100181 ], [ -97.939789964442383, 29.958399247065806 ], [ -97.939862830968082, 29.958246422201604 ], [ -97.939888779679663, 29.958059378621719 ], [ -97.939891412800179, 29.957811233605103 ], [ -97.939783494662194, 29.957544151077304 ], [ -97.93955077812852, 29.957258014930343 ], [ -97.939102983773864, 29.957098742132342 ], [ -97.938919217000773, 29.956985017644516 ], [ -97.938718849158747, 29.956861018965938 ], [ -97.938411251953852, 29.9563080635691 ], [ -97.938280022019157, 29.95555348434435 ], [ -97.938230537241623, 29.955029680974434 ], [ -97.938646606576668, 29.95469913754852 ], [ -97.938741971280393, 29.954623199812385 ], [ -97.939347329784738, 29.954397956748164 ], [ -97.93949869588802, 29.954171313687713 ], [ -97.939777368022959, 29.953665944368993 ], [ -97.939889296520747, 29.953479013958614 ], [ -97.940156482139344, 29.953032787337555 ], [ -97.940203019761114, 29.952984970317033 ], [ -97.940515956187781, 29.952663429128837 ], [ -97.940484912282429, 29.952415013634887 ], [ -97.940484190977969, 29.952414281400198 ], [ -97.940195937070541, 29.952121658295532 ], [ -97.940145754528189, 29.95184601548868 ], [ -97.94043174605001, 29.951592700044124 ], [ -97.940436032110554, 29.951588903674743 ], [ -97.940997785294613, 29.951259523754814 ], [ -97.940796192513886, 29.951154124617787 ], [ -97.940342212756747, 29.951030903506563 ], [ -97.939636923747798, 29.950788343595622 ], [ -97.939170738783417, 29.950655996044325 ], [ -97.93907611823542, 29.950479261625524 ], [ -97.939146291744294, 29.950213612284621 ], [ -97.939638720486741, 29.949581367949889 ], [ -97.940257565480636, 29.949058429853554 ], [ -97.940654544289487, 29.948998452339101 ], [ -97.941511843958793, 29.948890283112821 ], [ -97.941890681580873, 29.948647415535667 ], [ -97.942193840103599, 29.948212174432623 ], [ -97.942270437186266, 29.947583349261841 ], [ -97.941918428773775, 29.94700522797325 ], [ -97.941793334610296, 29.94652593910908 ], [ -97.941699843122436, 29.945875443862569 ], [ -97.941372082490503, 29.945699094741318 ], [ -97.94085571954345, 29.945476107851533 ], [ -97.940219517093595, 29.94531758069397 ], [ -97.939607972447391, 29.94521565072106 ], [ -97.938719521672382, 29.945028013590463 ], [ -97.937611079413713, 29.944761891671156 ], [ -97.93737724652452, 29.944827688103334 ], [ -97.937187925998373, 29.944970548569568 ], [ -97.936752707045471, 29.945217460016956 ], [ -97.936292326825821, 29.9455769698396 ], [ -97.935288477091305, 29.946374274902563 ], [ -97.934568599813943, 29.947140027149732 ], [ -97.934328295344827, 29.947629903988634 ], [ -97.934226756343634, 29.948163767576858 ], [ -97.934068105792832, 29.948830276703561 ], [ -97.933883664319126, 29.949668036629348 ], [ -97.933731194308606, 29.950422580471404 ], [ -97.933496599186867, 29.951165179898236 ], [ -97.932944416051058, 29.951533417092854 ], [ -97.932366849935505, 29.951918576236977 ], [ -97.931970074949291, 29.951897312137856 ], [ -97.931264166892731, 29.951835187051014 ], [ -97.930633905904543, 29.951784952185289 ], [ -97.929769912523568, 29.951789217047164 ], [ -97.928704796589514, 29.951947509166153 ], [ -97.928147346459326, 29.952163477059511 ], [ -97.927760630829368, 29.952313296913424 ], [ -97.927638236657927, 29.952360714058102 ], [ -97.927539508478773, 29.952416003225853 ], [ -97.926714792068651, 29.952877850782333 ], [ -97.926502567518838, 29.952996696659838 ], [ -97.926156530758107, 29.953369908335191 ], [ -97.92572610550404, 29.95383413056307 ], [ -97.92562525825366, 29.953756602445807 ], [ -97.925468541222799, 29.953755324407691 ], [ -97.925200631998834, 29.95373509074647 ], [ -97.92488829857578, 29.953750590866683 ], [ -97.924664661136433, 29.953769070556291 ], [ -97.92448570660514, 29.953787914023334 ], [ -97.92437475805265, 29.953746399340584 ], [ -97.924358767227133, 29.95374222098669 ], [ -97.924151946352794, 29.953688179119016 ], [ -97.923973429851316, 29.953666416537629 ], [ -97.923794694071958, 29.953664956681415 ], [ -97.923615327176947, 29.953722148777665 ], [ -97.923413747314228, 29.953797207525948 ], [ -97.923301389347017, 29.953886531447434 ], [ -97.923197449654268, 29.953975924055026 ], [ -97.923139610474564, 29.954054412838421 ], [ -97.923092877645743, 29.954123968165067 ], [ -97.923046476350066, 29.954222855162183 ], [ -97.923022312237819, 29.954301619147323 ], [ -97.922976226215923, 29.954371180299248 ], [ -97.922848866373386, 29.954530318466681 ], [ -97.922768345739286, 29.954549964297215 ], [ -97.922655228907004, 29.954409164773406 ], [ -97.92265661532366, 29.954280580896274 ], [ -97.922658026045241, 29.954149742036638 ], [ -97.922671604390899, 29.953971625303332 ], [ -97.922627571165449, 29.953790781123256 ], [ -97.922538839294532, 29.953550914637351 ], [ -97.922505586884085, 29.953451376435886 ], [ -97.922483335175201, 29.95341284128315 ], [ -97.922402936348732, 29.953421207945425 ], [ -97.922368079080002, 29.953470555978313 ], [ -97.922356218446637, 29.953549421061073 ], [ -97.922354053155004, 29.953750191647899 ], [ -97.922363140302835, 29.953928493734416 ], [ -97.922339403780995, 29.954027565253345 ], [ -97.922292354111391, 29.954126446655497 ], [ -97.922166185888727, 29.954175047683794 ], [ -97.922017546146378, 29.954205416329078 ], [ -97.921902605282327, 29.954233804797685 ], [ -97.921776753205137, 29.954253079077056 ], [ -97.921433114160209, 29.954288618942446 ], [ -97.921250272816764, 29.954307426752518 ], [ -97.921101106758002, 29.954326509490372 ], [ -97.920906194916256, 29.954383570549016 ], [ -97.920745800159892, 29.954422865657914 ], [ -97.920654050706489, 29.954462722968124 ], [ -97.920493558245298, 29.954511041171042 ], [ -97.920401930470504, 29.954539618745542 ], [ -97.920275649465381, 29.954538583906036 ], [ -97.920195775360824, 29.954558234038739 ], [ -97.920092709991422, 29.954566413497879 ], [ -97.91989821170786, 29.954585123284094 ], [ -97.919898031835899, 29.954585174844972 ], [ -97.919829347420546, 29.954604863451685 ], [ -97.919703176760123, 29.954653461929521 ], [ -97.919599550265474, 29.954713525515206 ], [ -97.919472623882072, 29.954832054759613 ], [ -97.919368167305223, 29.954968816757468 ], [ -97.919138271369178, 29.955086501894929 ], [ -97.919000443438847, 29.955135003769321 ], [ -97.918689902519901, 29.955283610811588 ], [ -97.918517873686682, 29.955320551497266 ], [ -97.918311618936272, 29.955348186538092 ], [ -97.918163196278016, 29.955358248420058 ], [ -97.918036266716683, 29.955476776461975 ], [ -97.917631087908774, 29.955931425992247 ], [ -97.917272546228276, 29.956325543941418 ], [ -97.917087096746556, 29.956524807709954 ], [ -97.916981620504757, 29.956618453464205 ], [ -97.916533190556891, 29.957016583471855 ], [ -97.91597806830147, 29.957560235802447 ], [ -97.915885127877161, 29.95764971279019 ], [ -97.915540231594861, 29.957925155290297 ], [ -97.915485286141504, 29.957969035834257 ], [ -97.915039775260496, 29.958378223831005 ], [ -97.914694967832546, 29.958937138652708 ], [ -97.913906890741231, 29.959697698440806 ], [ -97.913359049315559, 29.960164694030663 ], [ -97.912124114824167, 29.961453981919657 ], [ -97.912034838989641, 29.961544314810453 ], [ -97.911521223083511, 29.962064007783237 ], [ -97.910821472571172, 29.962772025847769 ], [ -97.908800237768801, 29.964645859773995 ], [ -97.907635463135705, 29.965728128616551 ], [ -97.907195335574968, 29.966164667032647 ], [ -97.906778284942092, 29.966578311863156 ], [ -97.906160736537757, 29.967193595365437 ], [ -97.90465328109056, 29.96862718756859 ], [ -97.904584952307459, 29.968655947475135 ], [ -97.904167472146227, 29.969040513063177 ], [ -97.903677422070615, 29.969426729345386 ], [ -97.903274754295339, 29.969759526674583 ], [ -97.902846504830165, 29.970180094628937 ], [ -97.902692882755645, 29.970302792497286 ], [ -97.902443955228435, 29.970501609767499 ], [ -97.902192982721047, 29.97070481709029 ], [ -97.902054108327434, 29.970845789713625 ], [ -97.902528735595581, 29.973042611299668 ], [ -97.90253675201383, 29.973432972285568 ], [ -97.902583124158511, 29.973634145725342 ], [ -97.902494454155445, 29.973980835970853 ], [ -97.902499753486353, 29.974323797184962 ], [ -97.902694367002695, 29.974769857842272 ], [ -97.9028379200236, 29.975382438978798 ], [ -97.902931912660051, 29.975789308043815 ], [ -97.903020351420594, 29.976156480829893 ], [ -97.903107239053867, 29.976517211090307 ], [ -97.903408229683009, 29.97724616094256 ], [ -97.90359577010102, 29.977983189154504 ], [ -97.903790547528445, 29.978474369648318 ], [ -97.904048229260624, 29.978900648646526 ], [ -97.904355653571869, 29.97951684806506 ], [ -97.904524997575948, 29.979964951470443 ], [ -97.904536560382454, 29.980039456560018 ], [ -97.904600021438313, 29.980448366671375 ], [ -97.905216520271139, 29.981177680239636 ], [ -97.905762959883774, 29.982093659504219 ], [ -97.906217116678434, 29.98203200742952 ], [ -97.90672792083258, 29.981885095333542 ], [ -97.907409835235711, 29.981493693426447 ], [ -97.907956984084663, 29.981340309623651 ], [ -97.908009094810893, 29.981491896526585 ], [ -97.908053901732842, 29.981600557270006 ], [ -97.90809980080283, 29.981668618980148 ], [ -97.908129431545788, 29.981743313603875 ], [ -97.908136686897492, 29.981790750833554 ], [ -97.908136267373365, 29.981829099672488 ], [ -97.908113298974072, 29.981855981657542 ], [ -97.907988241877817, 29.981976770597772 ], [ -97.907922076632758, 29.982043902961742 ], [ -97.907713530290962, 29.982157230753312 ], [ -97.907505527379428, 29.982220929926054 ], [ -97.907353706949792, 29.982300887519333 ], [ -97.905293502735503, 29.984436030466828 ], [ -97.905054311608808, 29.984747532963457 ], [ -97.904968170390674, 29.984859715493911 ], [ -97.904185891617928, 29.985656354279751 ], [ -97.903937106366698, 29.985952079386522 ], [ -97.903879137490762, 29.986098238703931 ], [ -97.904010570169007, 29.98616475808161 ], [ -97.90410412878721, 29.986199377033653 ], [ -97.90434830667391, 29.986323234987925 ], [ -97.90473139909794, 29.986599402119122 ], [ -97.904862712776591, 29.986735856422342 ], [ -97.904993086142596, 29.986958031482644 ], [ -97.905040409292724, 29.987073482463156 ], [ -97.905135768648663, 29.987180308760639 ], [ -97.905280105452647, 29.987192789393692 ], [ -97.905304721895163, 29.987192994065211 ], [ -97.905497891855916, 29.987183319537987 ], [ -97.90564143637468, 29.98726798628218 ], [ -97.905652829577178, 29.987351553936154 ], [ -97.905639358217599, 29.987457475263366 ], [ -97.905601695494823, 29.987583500096363 ], [ -97.905540410409415, 29.98767774410085 ], [ -97.905442501424645, 29.987803268061317 ], [ -97.905356454743099, 29.987969498599185 ], [ -97.905356801201748, 29.987937917001091 ], [ -97.905282737446939, 29.988074918969964 ], [ -97.905209613311015, 29.988126200011699 ], [ -97.905087956785152, 29.988231221632407 ], [ -97.904966246908117, 29.988282097878827 ], [ -97.904869599291388, 29.988292574478219 ], [ -97.904653399341413, 29.988216327195197 ], [ -97.904533376670855, 29.98817246368457 ], [ -97.90450875999295, 29.988172258862907 ], [ -97.904424421122116, 29.988182837551435 ], [ -97.904339858633605, 29.988213718336429 ], [ -97.904229861900745, 29.988318836175733 ], [ -97.904119542850623, 29.988453279952239 ], [ -97.904008505609099, 29.988653142310099 ], [ -97.90392210886462, 29.988850953375223 ], [ -97.903835241566938, 29.989091625362899 ], [ -97.903808889170108, 29.989249328235328 ], [ -97.903832465901644, 29.989344277897789 ], [ -97.903916334973076, 29.989376560033474 ], [ -97.903989237663794, 29.989345583066303 ], [ -97.904134617989683, 29.989263319735276 ], [ -97.904232608173459, 29.989189686534399 ], [ -97.904415437172588, 29.989119015014886 ], [ -97.904769714788713, 29.989070074159738 ], [ -97.905005520088125, 29.989072035543654 ], [ -97.905240756145815, 29.989125880242469 ], [ -97.905358090360409, 29.989178744311292 ], [ -97.905415630842072, 29.989307816876604 ], [ -97.905383034802625, 29.989562477329127 ], [ -97.905320989157332, 29.989843964696377 ], [ -97.905231177374205, 29.989998884475042 ], [ -97.905111317999967, 29.990176114034895 ], [ -97.904991730530597, 29.990328529096587 ], [ -97.904813463242235, 29.990455640422645 ], [ -97.90463546724834, 29.99055793653255 ], [ -97.904544267411637, 29.990839181464882 ], [ -97.904630959806894, 29.990968496331071 ], [ -97.904806406020668, 29.991098550078949 ], [ -97.904922627389055, 29.991252926449594 ], [ -97.904949254094859, 29.991483263224758 ], [ -97.904947570430693, 29.991636658815935 ], [ -97.904886636996764, 29.991816634545145 ], [ -97.904739008510759, 29.991867294892781 ], [ -97.904501512227782, 29.992018729010965 ], [ -97.904411995070177, 29.992146577612054 ], [ -97.904410880304752, 29.992248089462681 ], [ -97.904408328704534, 29.992480439209377 ], [ -97.904584346232866, 29.992558608995378 ], [ -97.904733089621757, 29.992406436976665 ], [ -97.904853249619194, 29.992202137994152 ], [ -97.905002017498987, 29.992047708943993 ], [ -97.905121037708611, 29.99194717767617 ], [ -97.905388902421194, 29.99174410646911 ], [ -97.905478418642716, 29.991616257161009 ], [ -97.905450677005533, 29.99148743297782 ], [ -97.905452929098658, 29.991282153034728 ], [ -97.905513291974643, 29.991154060720543 ], [ -97.90563260751459, 29.991026459028877 ], [ -97.905781346981186, 29.99087428569317 ], [ -97.905959886613019, 29.990722359248267 ], [ -97.906377324803898, 29.99029041337797 ], [ -97.906671813628463, 29.990317675938236 ], [ -97.906816620562211, 29.990524177131391 ], [ -97.906783241880376, 29.990909681348246 ], [ -97.906779039831349, 29.991293171487662 ], [ -97.906775109609811, 29.99165184720615 ], [ -97.906857851576987, 29.992142093087459 ], [ -97.907059470425366, 29.992603997139266 ], [ -97.907293035834272, 29.99281123464425 ], [ -97.907614980031553, 29.99299438847904 ], [ -97.907820802443311, 29.993072801283212 ], [ -97.908026248868879, 29.993126394010066 ], [ -97.908204246207163, 29.993024093396738 ], [ -97.908443714083759, 29.992692186243488 ], [ -97.90850743058364, 29.992257301002962 ], [ -97.908511922308065, 29.991846740753694 ], [ -97.90848634228459, 29.991460747239596 ], [ -97.908489427232212, 29.991178768897051 ], [ -97.908465605852598, 29.990691269292135 ], [ -97.908528210205745, 29.990357895310179 ], [ -97.908648063841255, 29.99018066248307 ], [ -97.908885549602005, 29.990029221159659 ], [ -97.9090337400484, 29.989926671640216 ], [ -97.909210028906401, 29.989980020830167 ], [ -97.909386317280848, 29.990033370367918 ], [ -97.909473121557681, 29.990212315825406 ], [ -97.909440782059789, 29.990444419181017 ], [ -97.909525614316792, 29.990803830436313 ], [ -97.909464984861643, 29.990956738549293 ], [ -97.909432940943404, 29.991161771928294 ], [ -97.909548602594143, 29.991368028772527 ], [ -97.909754046555705, 29.991421618751875 ], [ -97.910106654493489, 29.991526060142363 ], [ -97.910164769233347, 29.991603245801326 ], [ -97.910309396158794, 29.99188644695127 ], [ -97.9101897896944, 29.992041122949171 ], [ -97.909981724560737, 29.992167994646874 ], [ -97.909714811485969, 29.992344010804572 ], [ -97.909624652003387, 29.992471857732831 ], [ -97.909416666018828, 29.992650617637306 ], [ -97.909326315272182, 29.992855167885065 ], [ -97.90932407100604, 29.993060448044172 ], [ -97.909321826716592, 29.993265728182525 ], [ -97.909377698256208, 29.993548194915945 ], [ -97.90940433572365, 29.993778530397538 ], [ -97.909459639879799, 29.994112880851926 ], [ -97.909398170310624, 29.994342486988174 ], [ -97.90924886356899, 29.994546548688191 ], [ -97.90904106333484, 29.99464860427053 ], [ -97.908626973356419, 29.994773765545542 ], [ -97.908242412705434, 29.994923986461203 ], [ -97.908121712850431, 29.995177916751636 ], [ -97.908030980717243, 29.995357646725431 ], [ -97.908001259326355, 29.995409288629936 ], [ -97.907852787848952, 29.995536650478709 ], [ -97.907674513878248, 29.995663765446519 ], [ -97.90723064131771, 29.995786418741393 ], [ -97.906816248486692, 29.995938644627937 ], [ -97.906285456406223, 29.996010940179065 ], [ -97.905754016340723, 29.996083228774218 ], [ -97.905486981310005, 29.996209602258336 ], [ -97.90542634283733, 29.996362508168971 ], [ -97.905483614968304, 29.996516394454165 ], [ -97.90565399827392, 29.997108889879563 ], [ -97.905650335325959, 29.997442751946334 ], [ -97.90561838449986, 29.997697417465353 ], [ -97.905321893728683, 29.997850617995415 ], [ -97.904908652888565, 29.997896813510959 ], [ -97.904497344936487, 29.997767053463892 ], [ -97.904291891119129, 29.997713454489197 ], [ -97.904172863018545, 29.997813985311204 ], [ -97.904081848645788, 29.998018526018736 ], [ -97.904078626461583, 29.99831178246054 ], [ -97.904077907662, 29.998377201042683 ], [ -97.904224211541575, 29.998507013001756 ], [ -97.904783407855746, 29.998563555196526 ], [ -97.904901049278507, 29.998589349979902 ], [ -97.905165462565421, 29.998643438428871 ], [ -97.90534203609954, 29.998671979284037 ], [ -97.905458836140895, 29.998774471584245 ], [ -97.905692139898576, 29.99900652639052 ], [ -97.905719963015557, 29.999187239494059 ], [ -97.905709179912378, 29.999284158855293 ], [ -97.905686793744735, 29.999493783222896 ], [ -97.905564373527596, 29.999903362249608 ], [ -97.905443066330974, 30.000211429351879 ], [ -97.905422511412084, 30.000254123276051 ], [ -97.905292628215889, 30.000516998298671 ], [ -97.905023327423621, 30.000848650073838 ], [ -97.904992487528261, 30.001001802904838 ], [ -97.905137009194576, 30.001235375809941 ], [ -97.905282773124426, 30.001414814766964 ], [ -97.905635658519955, 30.001496709923231 ], [ -97.905900945447556, 30.00147184295426 ], [ -97.906168266458792, 30.001320654714579 ], [ -97.906409092726534, 30.000808281631315 ], [ -97.906972883085089, 30.00050614503002 ], [ -97.907142689043823, 30.000324816822193 ], [ -97.907330858071674, 30.000123336257815 ], [ -97.907420922722665, 29.999945857753122 ], [ -97.907764563551069, 29.999274157403701 ], [ -97.907812896720984, 29.999179805729856 ], [ -97.908052301406073, 29.998796010930423 ], [ -97.908262333652672, 29.998490933422318 ], [ -97.908500975737226, 29.998235724883269 ], [ -97.908738209811474, 29.998109098284427 ], [ -97.908916757714408, 29.997957168200472 ], [ -97.909036348835286, 29.997804749827061 ], [ -97.909214625058411, 29.997677633693222 ], [ -97.909450747021907, 29.997652517693322 ], [ -97.909472176286556, 29.997648183165005 ], [ -97.909598085370945, 29.997628921614549 ], [ -97.909686763427374, 29.997577767700907 ], [ -97.909776360565019, 29.997501804690582 ], [ -97.909925942050123, 29.997272928763678 ], [ -97.910314533684527, 29.996813659728613 ], [ -97.910999198422559, 29.996178613349468 ], [ -97.911236719965984, 29.99602491148385 ], [ -97.91141302076349, 29.996078258557816 ], [ -97.911441042015085, 29.996182267785183 ], [ -97.911377334516345, 29.996617154453649 ], [ -97.911313060776251, 29.997103925418184 ], [ -97.910884487172268, 29.99861417591875 ], [ -97.910971761527975, 29.998691603077766 ], [ -97.911118534682373, 29.998719889662393 ], [ -97.911414724176169, 29.998593745879905 ], [ -97.912008773546731, 29.998188059866553 ], [ -97.912723805132671, 29.997501366561035 ], [ -97.914904153972699, 29.99487528867725 ], [ -97.919671756403659, 29.99006628185349 ], [ -97.920338763928115, 29.99027479685428 ], [ -97.921042660716211, 29.99138602446531 ], [ -97.922500052411891, 29.991240038253558 ], [ -97.923097057683663, 29.990852372196947 ], [ -97.923225581366424, 29.990769950255206 ], [ -97.924100557571748, 29.991460682687261 ], [ -97.924843856865664, 29.992046556311305 ], [ -97.925335355735214, 29.992731892671209 ], [ -97.926088569736407, 29.993782583908299 ], [ -97.926382003314217, 29.994511420766386 ], [ -97.926578964564612, 29.994993562994885 ], [ -97.926971547495185, 29.995962346512698 ], [ -97.926896841763948, 29.996040699209384 ], [ -97.926807760960358, 29.996130213988501 ], [ -97.926518490509238, 29.996398580052436 ], [ -97.926531998424977, 29.996407714363748 ], [ -97.92662633673207, 29.996491956753427 ], [ -97.926777762843798, 29.996750379794999 ], [ -97.92686999822304, 29.996969967184725 ], [ -97.926998999694888, 29.997144733434556 ], [ -97.927116541625963, 29.997240444518681 ], [ -97.927234229347121, 29.997322621056174 ], [ -97.927317247464444, 29.997375186745369 ], [ -97.927375767145648, 29.997416272304822 ], [ -97.927525062075546, 29.9978732079365 ], [ -97.927581902359634, 29.998130858897902 ], [ -97.927650937855546, 29.998338976183984 ], [ -97.927708003110567, 29.99851541204125 ], [ -97.927730301869559, 29.998671260044482 ], [ -97.927753060791417, 29.99878424734332 ], [ -97.927668367807584, 29.998887335197161 ], [ -97.927607858274015, 29.999031228114102 ], [ -97.927582673928882, 29.999143824854592 ], [ -97.927593219657766, 29.999247688512806 ], [ -97.927616076226101, 29.999351652478168 ], [ -97.927746076301403, 29.999433928286386 ], [ -97.927816356551816, 29.999466085302327 ], [ -97.92794655159247, 29.999530314775125 ], [ -97.928028148058104, 29.999655061114524 ], [ -97.928086323291765, 29.999788641407687 ], [ -97.928071903758749, 29.999984799007258 ], [ -97.928059005658909, 30.000099751608392 ], [ -97.928070012622655, 30.000160753983145 ], [ -97.928068897325844, 30.000264522649857 ], [ -97.928055805207137, 30.000397521977643 ], [ -97.928047423948072, 30.000453854959613 ], [ -97.928029941387535, 30.000573282298749 ], [ -97.927956774720911, 30.000809570093395 ], [ -97.927907375053636, 30.000944530008429 ], [ -97.927846743239826, 30.001099702463375 ], [ -97.927749950028456, 30.001243299831319 ], [ -97.927558344260248, 30.001406429282472 ], [ -97.927427339369018, 30.001477555030576 ], [ -97.927319659181435, 30.001548870743996 ], [ -97.927223422196306, 30.001640583665079 ], [ -97.927175446299373, 30.001703361687941 ], [ -97.927150599774251, 30.001784376507011 ], [ -97.927126037830973, 30.001899233894843 ], [ -97.92712448463692, 30.002043607606428 ], [ -97.927111397547975, 30.002115694124708 ], [ -97.92715757128353, 30.002280760883423 ], [ -97.927215414234425, 30.002385010037926 ], [ -97.927249835842133, 30.002498091835243 ], [ -97.927320547645891, 30.00255055726856 ], [ -97.927391696941427, 30.002562416980854 ], [ -97.927498820213827, 30.002542985857431 ], [ -97.927594530476625, 30.002439987985934 ], [ -97.927678887080617, 30.002368482058241 ], [ -97.927738623210573, 30.002296775523007 ], [ -97.927931782477543, 30.001989272703664 ], [ -97.928028600464543, 30.001843418514309 ], [ -97.92812506177016, 30.00167048946274 ], [ -97.928222315529098, 30.001484030572186 ], [ -97.928295257395817, 30.001328958190559 ], [ -97.928355768127943, 30.001185064437703 ], [ -97.928392832736378, 30.001052260257669 ], [ -97.928454450973263, 30.000865511040942 ], [ -97.928490860917648, 30.000793614216757 ], [ -97.928563559483365, 30.000661100044702 ], [ -97.928623754358867, 30.000546532369157 ], [ -97.928657838709086, 30.000449800434332 ], [ -97.928685226432847, 30.000373318042787 ], [ -97.928745420986019, 30.000258750298862 ], [ -97.928806916888902, 30.000083279781578 ], [ -97.928843980443688, 29.999950475413243 ], [ -97.9288454341076, 29.999815124943421 ], [ -97.928787378973013, 29.999670266045101 ], [ -97.928742626916318, 29.999433018115269 ], [ -97.928744177599086, 29.999288644854435 ], [ -97.928757632718174, 29.999121807495154 ], [ -97.928783469913526, 29.998948303078013 ], [ -97.928832001326441, 29.998833640326463 ], [ -97.928904697931841, 29.99870112588075 ], [ -97.928952762060149, 29.998690236477067 ], [ -97.929035134276774, 29.998742795864082 ], [ -97.929152244098674, 29.998879110366595 ], [ -97.929221961485027, 29.999024063975636 ], [ -97.929314664368164, 29.999200789077115 ], [ -97.9294313334495, 29.999438621193914 ], [ -97.929512374171864, 29.999615251293701 ], [ -97.929581996396138, 29.999769228098486 ], [ -97.929733313270091, 30.000038926834769 ], [ -97.929803008736201, 30.000186135717616 ], [ -97.930048798980707, 30.000467882138082 ], [ -97.930083997589932, 30.000508776855472 ], [ -97.930200796297314, 30.000674416694732 ], [ -97.930247313349398, 30.000807900733165 ], [ -97.930293060860947, 30.000952658988211 ], [ -97.93038573790912, 30.001192551617169 ], [ -97.930477113526976, 30.001493346941409 ], [ -97.930463346982421, 30.001689510117959 ], [ -97.930414095367411, 30.001810935992864 ], [ -97.930365685168795, 30.001914320353254 ], [ -97.930293181574768, 30.002028788804832 ], [ -97.930256772417636, 30.002100686134852 ], [ -97.930172412441763, 30.002233106451975 ], [ -97.930112460928441, 30.002325116427727 ], [ -97.930027864006306, 30.002419182361443 ], [ -97.929871894552321, 30.002582604860713 ], [ -97.929751656481841, 30.002737293563378 ], [ -97.92982193405885, 30.002830362822625 ], [ -97.929393145092334, 30.003478869753035 ], [ -97.929001560177568, 30.003981035755892 ], [ -97.928755976717369, 30.004644567193921 ], [ -97.928610906647691, 30.00493892630346 ], [ -97.928318610395422, 30.005245623345683 ], [ -97.927819837767558, 30.005771728780456 ], [ -97.927123702309189, 30.006512802911324 ], [ -97.926497613618679, 30.007186763420204 ], [ -97.926011395375184, 30.007694131889711 ], [ -97.924865086362587, 30.008890277368174 ], [ -97.924633156813158, 30.009125265718339 ], [ -97.923952008017167, 30.009794251324902 ], [ -97.923241803415848, 30.010512628169515 ], [ -97.923039707301228, 30.01068468871895 ], [ -97.922832904206402, 30.010872502332866 ], [ -97.921818708669406, 30.011895202286869 ], [ -97.921257662703937, 30.012420771575702 ], [ -97.920985897848183, 30.012682498921755 ], [ -97.920623855729445, 30.013022446023413 ], [ -97.920550733421635, 30.013132391454398 ], [ -97.920513067135147, 30.013319332757643 ], [ -97.920366833797488, 30.013597880327666 ], [ -97.920311194840394, 30.013768882164808 ], [ -97.920220429219171, 30.013892218808344 ], [ -97.920093181500448, 30.014033304254045 ], [ -97.919965614972554, 30.014203715634277 ], [ -97.919784742588661, 30.014389481228843 ], [ -97.919586068565422, 30.014543515973067 ], [ -97.919315124342702, 30.014728541337071 ], [ -97.919206384502885, 30.01483593771631 ], [ -97.91908046649425, 30.014913864205678 ], [ -97.918917943503558, 30.015020818522025 ], [ -97.918737276098483, 30.015127623540899 ], [ -97.91861035391166, 30.015298038812205 ], [ -97.918697231721907, 30.015533379195944 ], [ -97.918820385052427, 30.015710361421529 ], [ -97.918976979507505, 30.015731951927034 ], [ -97.919155226004222, 30.015848473342995 ], [ -97.91926542094896, 30.016025348710276 ], [ -97.919264369158512, 30.016122349038181 ], [ -97.919239365229117, 30.016336466182327 ], [ -97.919303797390569, 30.016609974604524 ], [ -97.91941313738495, 30.016865803554314 ], [ -97.919589027186177, 30.017140227094853 ], [ -97.919722759798304, 30.017238334028058 ], [ -97.919922186526463, 30.017433989635141 ], [ -97.920076876703746, 30.017631533531048 ], [ -97.920164199814209, 30.017826268086367 ], [ -97.920182639366416, 30.018158055391279 ], [ -97.920268484246805, 30.018549052571505 ], [ -97.920221034220972, 30.018801337844494 ], [ -97.920195591538857, 30.019056060009621 ], [ -97.920122917984997, 30.019542765198924 ], [ -97.92025538400442, 30.019758174708542 ], [ -97.920524934927798, 30.019643072904106 ], [ -97.920774786165381, 30.019372143257947 ], [ -97.920955543965974, 30.019197656057973 ], [ -97.92115834700067, 30.019082005513084 ], [ -97.921385294597044, 30.018831191404761 ], [ -97.921588731078941, 30.01865688860439 ], [ -97.921747014250414, 30.018522823999415 ], [ -97.921972495003544, 30.018407358566716 ], [ -97.922196913090659, 30.018330235661459 ], [ -97.922668197771912, 30.018257390142644 ], [ -97.922803408813948, 30.018159232388602 ], [ -97.922916757751281, 30.018045102437149 ], [ -97.923030130795738, 30.017928717429299 ], [ -97.923189703341393, 30.017675092263485 ], [ -97.923281004422336, 30.017502125345683 ], [ -97.923395424244433, 30.017288738962204 ], [ -97.923531680939433, 30.017093579348529 ], [ -97.923690178946003, 30.016939209471698 ], [ -97.923847214339062, 30.016920189877016 ], [ -97.924070984432205, 30.016962628308566 ], [ -97.924361524016405, 30.017003355861206 ], [ -97.924495042871371, 30.017121760835135 ], [ -97.924717338157819, 30.017240891181785 ], [ -97.924829029064483, 30.017280156084066 ], [ -97.925051973192794, 30.017399291176446 ], [ -97.925274708318909, 30.01747781563077 ], [ -97.925453354645086, 30.017558235417042 ], [ -97.925608712793178, 30.017694865886337 ], [ -97.925696873629917, 30.017812898736679 ], [ -97.925874694290982, 30.017970016870812 ], [ -97.926120305770425, 30.018030677813478 ], [ -97.926275860004196, 30.018149260867453 ], [ -97.92636317146173, 30.018346247739615 ], [ -97.926496265112192, 30.018444343276411 ], [ -97.926651188757447, 30.018621576974521 ], [ -97.926762056039834, 30.018737538613841 ], [ -97.926247467481332, 30.019220642495352 ], [ -97.925285531322785, 30.020140016743099 ], [ -97.924550692936279, 30.020792772143558 ], [ -97.92370230781107, 30.021516787362131 ], [ -97.922344983887825, 30.022796124318813 ], [ -97.921448027632039, 30.023813009397283 ], [ -97.921375213369771, 30.023774060289604 ], [ -97.920255646594427, 30.023561834592471 ], [ -97.919370186814206, 30.023396643583556 ], [ -97.918750694128562, 30.023447954350669 ], [ -97.918352580764079, 30.023882350534297 ], [ -97.917872524726064, 30.024521369578409 ], [ -97.917493940626429, 30.025066468565367 ], [ -97.91678641956355, 30.025642699156293 ], [ -97.916078712951702, 30.026056490444105 ], [ -97.915186941486425, 30.026410103536016 ], [ -97.913732666629585, 30.02640036025133 ], [ -97.911899169043949, 30.026516057434677 ], [ -97.909401200302113, 30.026822496575544 ], [ -97.908768455011852, 30.026957122946573 ], [ -97.908572918309659, 30.026998365024223 ], [ -97.907896924369552, 30.027412374647444 ], [ -97.907441634877358, 30.027735717034862 ], [ -97.906696404690436, 30.028374747359294 ], [ -97.906266707720263, 30.02872762634949 ], [ -97.905609008331979, 30.029067326644139 ], [ -97.905122161232384, 30.029194124877733 ], [ -97.904288105641058, 30.029597775485449 ], [ -97.900760038180934, 30.033261437791097 ], [ -97.896197997394495, 30.038432365423567 ], [ -97.894454672302473, 30.040154850755528 ], [ -97.890018706625526, 30.044773885839383 ], [ -97.888119189603913, 30.046995796471759 ], [ -97.885488901195615, 30.049631102375891 ], [ -97.88325731512306, 30.051940967388862 ], [ -97.882918478939715, 30.052291676587899 ], [ -97.87994617294973, 30.055740630482831 ], [ -97.87849900902583, 30.05747894852675 ], [ -97.877272488403733, 30.058964206123314 ], [ -97.876684930763844, 30.059611170088342 ], [ -97.876081468715327, 30.060272694566002 ], [ -97.874969576744633, 30.061491537778508 ], [ -97.874454663268224, 30.062075944737572 ], [ -97.874366797722345, 30.06216317662216 ], [ -97.874326144446684, 30.062203436280843 ], [ -97.872365395400507, 30.064138332883484 ], [ -97.870563768894712, 30.065916113253227 ], [ -97.87044559819708, 30.066036698409022 ], [ -97.870460886680974, 30.066054694877927 ], [ -97.870651691975695, 30.066289104569787 ], [ -97.870837530714709, 30.066527470905413 ], [ -97.871018320873645, 30.066769688675247 ], [ -97.871193982656166, 30.067015650971548 ], [ -97.871364438529866, 30.067265249231891 ], [ -97.871529613259781, 30.06751837329087 ], [ -97.871689433942223, 30.067774911425744 ], [ -97.87227612151878, 30.068423213778715 ], [ -97.872757114151455, 30.069002481079746 ], [ -97.872831154233111, 30.069355680583762 ], [ -97.873255471354682, 30.068920159399177 ], [ -97.873677210458112, 30.068482141305076 ], [ -97.873826024713566, 30.068404788708236 ], [ -97.874132042854086, 30.068267575390831 ], [ -97.874288791660859, 30.068207918719576 ], [ -97.874447724022644, 30.068154349967223 ], [ -97.874608603591881, 30.068106948795712 ], [ -97.874771191125291, 30.068065785695154 ], [ -97.87493524483952, 30.068030921878911 ], [ -97.875100520771213, 30.06800240919285 ], [ -97.875266773139231, 30.067980290038054 ], [ -97.875433754710272, 30.067964597307931 ], [ -97.875601217166761, 30.06795535433881 ], [ -97.875768911476499, 30.067952574876106 ], [ -97.875936588261339, 30.067956263053027 ], [ -97.876103998170436, 30.067966413385037 ], [ -97.87635316130806, 30.067951023185888 ], [ -97.876602657788823, 30.067942618815312 ], [ -97.876852291788481, 30.067941206869854 ], [ -97.877101867374819, 30.067946788457668 ], [ -97.877351188661251, 30.067959359197772 ], [ -97.87760005996104, 30.067978909223786 ], [ -97.877848285940658, 30.068005423191273 ], [ -97.878095671772684, 30.068038880289983 ], [ -97.878342023289676, 30.06807925426018 ], [ -97.878587147135704, 30.068126513413272 ], [ -97.878830850918021, 30.068180620656626 ], [ -97.879043199762179, 30.068240087644241 ], [ -97.879253500139257, 30.068306436010211 ], [ -97.879461529115275, 30.068379595420271 ], [ -97.879667066164828, 30.068459488320446 ], [ -97.879869893403452, 30.068546030018229 ], [ -97.880069795819665, 30.068639128773217 ], [ -97.880266561502381, 30.068738685893905 ], [ -97.880459981865712, 30.068844595842705 ], [ -97.880649851870146, 30.068956746347162 ], [ -97.880835970239445, 30.069075018519715 ], [ -97.881018139674893, 30.06919928698327 ], [ -97.881196167063351, 30.069329420004173 ], [ -97.881369863683247, 30.069465279632063 ], [ -97.881581117332658, 30.069500528306119 ], [ -97.881791292559299, 30.06954172232966 ], [ -97.882000222076357, 30.06958882891476 ], [ -97.882207739588722, 30.069641810567418 ], [ -97.882413679925094, 30.069700625117498 ], [ -97.882617879169715, 30.069765225752132 ], [ -97.882820174792144, 30.0698355610532 ], [ -97.883020405777671, 30.069911575038109 ], [ -97.883218412754516, 30.069993207204408 ], [ -97.883414038121174, 30.070080392577783 ], [ -97.883607126172095, 30.07017306176413 ], [ -97.883792107873575, 30.070203851419183 ], [ -97.883978008657408, 30.070228491454333 ], [ -97.884164624140169, 30.070246954779773 ], [ -97.884351749152287, 30.070259221096482 ], [ -97.884539177964911, 30.070265276918686 ], [ -97.884726704514364, 30.070265115588498 ], [ -97.884914122629624, 30.070258737283147 ], [ -97.885101226259465, 30.070246149015098 ], [ -97.885287809697658, 30.070227364624316 ], [ -97.885473667810459, 30.070202404762767 ], [ -97.885658596261038, 30.070171296871717 ], [ -97.885842391735238, 30.070134075151923 ], [ -97.886024852164212, 30.070090780525877 ], [ -97.886205776946625, 30.07004146059257 ], [ -97.886592196218217, 30.069848542278031 ], [ -97.886975881234093, 30.069650241652859 ], [ -97.88735675703073, 30.069446597460782 ], [ -97.887734749193044, 30.06923764948953 ], [ -97.888109783869325, 30.069023438563203 ], [ -97.888195441994398, 30.068964883962124 ], [ -97.888284669053789, 30.068911926549362 ], [ -97.888377099834926, 30.068864783083221 ], [ -97.888472356011974, 30.068823646525221 ], [ -97.888570047695012, 30.06878868525019 ], [ -97.888669775025178, 30.068760042357095 ], [ -97.888771129811403, 30.068737835083223 ], [ -97.888873697201532, 30.068722154324519 ], [ -97.888977057379833, 30.06871306426326 ], [ -97.889080787286034, 30.068710602106112 ], [ -97.889184462346691, 30.068714777930449 ], [ -97.889287658212126, 30.068725574644564 ], [ -97.889389952494724, 30.068742948056649 ], [ -97.889490926496691, 30.068766827056166 ], [ -97.889590166924478, 30.068797113904683 ], [ -97.889687267580044, 30.068833684635962 ], [ -97.889781831023498, 30.068876389563531 ], [ -97.889873470200158, 30.06892505389315 ], [ -97.889961810024616, 30.068979478438255 ], [ -97.890046488915758, 30.069039440435393 ], [ -97.890231620264316, 30.069294447578603 ], [ -97.890412062617088, 30.069552793889919 ], [ -97.890587755761288, 30.069814393160616 ], [ -97.890758641069098, 30.070079158095787 ], [ -97.890924661516451, 30.070347000344643 ], [ -97.891085761703522, 30.070617830529589 ], [ -97.89128482992524, 30.070765693179499 ], [ -97.891480021208011, 30.070918637232339 ], [ -97.891671205878225, 30.071076561081199 ], [ -97.891858256924124, 30.071239359810999 ], [ -97.892041050079911, 30.071406925267784 ], [ -97.892219463909086, 30.071579146130976 ], [ -97.892393379883856, 30.071755907987466 ], [ -97.892562682464771, 30.071937093407065 ], [ -97.892727259177221, 30.072122582020889 ], [ -97.892887000686429, 30.072312250601382 ], [ -97.89304180086927, 30.072505973144004 ], [ -97.893191556886052, 30.072703620951 ], [ -97.893336169247547, 30.072905062716963 ], [ -97.893475541882125, 30.073110164615823 ], [ -97.893609582198422, 30.073318790390168 ], [ -97.893695627316887, 30.073382076628928 ], [ -97.893785564378931, 30.073439698112107 ], [ -97.893879021014982, 30.073491416267625 ], [ -97.893975610283633, 30.07353701696502 ], [ -97.894074932273199, 30.073576311402451 ], [ -97.894176575757697, 30.073609136887775 ], [ -97.894280119899278, 30.073635357512472 ], [ -97.894385135990944, 30.073654864714648 ], [ -97.894491189230962, 30.073667577727946 ], [ -97.894597840523744, 30.073673443916157 ], [ -97.894704648297676, 30.073672438991355 ], [ -97.894811170332929, 30.073664567114449 ], [ -97.894916965592728, 30.073649860877289 ], [ -97.895021596049858, 30.073628381168849 ], [ -97.89512462849936, 30.073600216922262 ], [ -97.895225636352492, 30.073565484746737 ], [ -97.895324201403355, 30.073524328444993 ], [ -97.895744122229758, 30.07346659577335 ], [ -97.896164799384522, 30.073414660300188 ], [ -97.896586152838609, 30.073368531905885 ], [ -97.897008102433844, 30.073328219365685 ], [ -97.897430567899349, 30.07329373034878 ], [ -97.897853468865875, 30.073265071416134 ], [ -97.898276724881001, 30.073242248019866 ], [ -97.898717588661839, 30.07325685877597 ], [ -97.899158237983926, 30.073276921733246 ], [ -97.899598605422213, 30.073302433822011 ], [ -97.900038623594511, 30.073333391138444 ], [ -97.900478225172122, 30.073369788945659 ], [ -97.900917342889997, 30.073411621674463 ], [ -97.901355909557267, 30.073458882923642 ], [ -97.901531539352447, 30.073485735001849 ], [ -97.901705983354958, 30.073519441812628 ], [ -97.901878974133723, 30.073559951681705 ], [ -97.902050246486297, 30.073607202505713 ], [ -97.90221953784372, 30.073661121846868 ], [ -97.902386588674915, 30.073721627044403 ], [ -97.902551142882814, 30.073788625340907 ], [ -97.902712948198328, 30.07386201402495 ], [ -97.902871756566356, 30.073941680588256 ], [ -97.903027324526334, 30.074027502898371 ], [ -97.903179413585306, 30.074119349385548 ], [ -97.903327790583731, 30.074217079244939 ], [ -97.903472228052792, 30.074320542652124 ], [ -97.903612504563057, 30.07442958099282 ], [ -97.903748405064022, 30.074544027106331 ], [ -97.903879721214111, 30.074663705541241 ], [ -97.904006251699585, 30.074788432825173 ], [ -97.904127802543059, 30.074918017745251 ], [ -97.904244187401716, 30.075052261641805 ], [ -97.904421402087038, 30.075233963366113 ], [ -97.904603281914618, 30.07541099525476 ], [ -97.904789703869824, 30.075583237572182 ], [ -97.904980541866109, 30.075750573821871 ], [ -97.90517566682982, 30.075912890826107 ], [ -97.905374946788072, 30.076070078801354 ], [ -97.90557824695766, 30.076222031433367 ], [ -97.905785429835859, 30.076368645948826 ], [ -97.905996355294988, 30.076509823184992 ], [ -97.90621088067509, 30.076645467656359 ], [ -97.906428860881732, 30.076775487619688 ], [ -97.90665014848345, 30.076899795135809 ], [ -97.906874593812603, 30.07701830612918 ], [ -97.907102045065088, 30.077130940444675 ], [ -97.907332348403969, 30.077237621902256 ], [ -97.907565348063429, 30.077338278347497 ], [ -97.907836687897543, 30.077350723886948 ], [ -97.908108251350498, 30.077356510771818 ], [ -97.908379875044119, 30.077355635520433 ], [ -97.908651395563965, 30.077348098659453 ], [ -97.908922649557667, 30.077333904723154 ], [ -97.909193473833625, 30.077313062251012 ], [ -97.909463705457739, 30.077285583782199 ], [ -97.909733181853525, 30.077251485848272 ], [ -97.910001740898394, 30.077210788963303 ], [ -97.910269221021508, 30.077163517611513 ], [ -97.91053546130145, 30.077109700232082 ], [ -97.910800301562574, 30.077049369202754 ], [ -97.911063582471485, 30.076982560820056 ], [ -97.911325145633, 30.076909315277092 ], [ -97.912042454128652, 30.076764358362283 ], [ -97.912758503355278, 30.076613303769324 ], [ -97.913473241478997, 30.076456162432791 ], [ -97.914186616760688, 30.076292945728031 ], [ -97.914898577559583, 30.076123665470089 ], [ -97.915609072337972, 30.075948333913033 ], [ -97.916381150980271, 30.075746119684563 ], [ -97.91702545821515, 30.075579568106654 ], [ -97.917731246783333, 30.075386160552032 ], [ -97.918435364277087, 30.075186755085358 ], [ -97.919137759726055, 30.074981366141383 ], [ -97.919386152198115, 30.074893253719928 ], [ -97.919632111684237, 30.074798561850507 ], [ -97.919875463942347, 30.074697357614468 ], [ -97.920116036577483, 30.074589712706839 ], [ -97.920353659163695, 30.074475703384984 ], [ -97.920588163364954, 30.074355410415297 ], [ -97.92081938305428, 30.074228919015397 ], [ -97.921047154431363, 30.074096318794005 ], [ -97.921271316139041, 30.073957703687544 ], [ -97.921491709377406, 30.073813171893498 ], [ -97.921708178015407, 30.073662825800618 ], [ -97.921920568703342, 30.073506771916776 ], [ -97.922128730979523, 30.073345120793288 ], [ -97.922332517378294, 30.073177986946884 ], [ -97.922531783533614, 30.073005488777923 ], [ -97.922726388281831, 30.072827748487384 ], [ -97.922835447311442, 30.072721226215421 ], [ -97.922939637768479, 30.072609937334271 ], [ -97.923038751532715, 30.07249410414337 ], [ -97.923132590624533, 30.072373958018954 ], [ -97.92322096760077, 30.072249738952582 ], [ -97.923303705928703, 30.072121695071512 ], [ -97.923380640338749, 30.07199008214311 ], [ -97.923451617154683, 30.071855163063674 ], [ -97.923516494600321, 30.071717207333688 ], [ -97.923575143083156, 30.071576490519515 ], [ -97.923627445453562, 30.071433293702334 ], [ -97.923673297236959, 30.071287902917451 ], [ -97.923712606845001, 30.071140608582514 ], [ -97.923745295756703, 30.070991704917592 ], [ -97.92377129867613, 30.070841489357335 ], [ -97.923790563662564, 30.070690261956749 ], [ -97.923803052234206, 30.070538324792267 ], [ -97.923808739445064, 30.070385981357802 ], [ -97.923724316562428, 30.070138744510167 ], [ -97.923646258633056, 30.069889424952926 ], [ -97.923509438590187, 30.069385194297958 ], [ -97.923450766383368, 30.069130614538196 ], [ -97.923398638884024, 30.068874614526916 ], [ -97.923353090345842, 30.068617362485885 ], [ -97.923314150699511, 30.06835902745933 ], [ -97.923281845532856, 30.068099779203585 ], [ -97.923256196074405, 30.06783978807437 ], [ -97.923237219178247, 30.067579224916226 ], [ -97.923224927314919, 30.067318260949225 ], [ -97.923231512648698, 30.067010434828333 ], [ -97.923244401060956, 30.066702808145255 ], [ -97.923263587144618, 30.066395509948784 ], [ -97.923289062851723, 30.066088669150133 ], [ -97.923320817494684, 30.065782414468526 ], [ -97.923358837752943, 30.065476874377357 ], [ -97.923403107676592, 30.065172177050162 ], [ -97.923453608694942, 30.064868450306989 ], [ -97.923510319622636, 30.064565821560819 ], [ -97.923573216669581, 30.064264417763813 ], [ -97.923642273450341, 30.06396436535449 ], [ -97.923717460996244, 30.063665790204322 ], [ -97.923798747765758, 30.063368817565014 ], [ -97.923886099659313, 30.063073572016261 ], [ -97.923999393690721, 30.062924388406827 ], [ -97.924117837291718, 30.062779259497699 ], [ -97.924241285464063, 30.062638362955308 ], [ -97.924369587082793, 30.06250187126501 ], [ -97.924502585081399, 30.06236995151945 ], [ -97.924640116644014, 30.062242765214496 ], [ -97.924782013405007, 30.062120468051226 ], [ -97.924928101654501, 30.062003209745644 ], [ -97.925078202551745, 30.061891133844838 ], [ -97.925232132343737, 30.061784377552112 ], [ -97.925389702589897, 30.061683071558068 ], [ -97.925550720393176, 30.061587339881239 ], [ -97.925714988635775, 30.061497299716127 ], [ -97.925882306221268, 30.061413061289699 ], [ -97.926052468319881, 30.06133472772644 ], [ -97.92622526661934, 30.061262394922011 ], [ -97.92640048958053, 30.061196151426103 ], [ -97.926577922695998, 30.06113607833392 ], [ -97.926938548097453, 30.061034729881683 ], [ -97.927121298906755, 30.060993578592228 ], [ -97.92738098024769, 30.060867878178851 ], [ -97.927637659026431, 30.06073615499475 ], [ -97.927891195581097, 30.060598480711846 ], [ -97.928141451959348, 30.060454930240596 ], [ -97.928388291993912, 30.060305581688272 ], [ -97.928631581376209, 30.06015051631735 ], [ -97.928871187729271, 30.059989818500704 ], [ -97.9291069806807, 30.059823575675832 ], [ -97.929338831932625, 30.059651878297625 ], [ -97.929566615332021, 30.059474819788459 ], [ -97.929790206939273, 30.059292496488148 ], [ -97.930009485095681, 30.059105007600888 ], [ -97.930179296874087, 30.058951155864953 ], [ -97.930459813526383, 30.058693005922851 ], [ -97.930690369644068, 30.05846838602864 ], [ -97.930915885332908, 30.058238706046033 ], [ -97.931136249564773, 30.058004079053344 ], [ -97.931351353847404, 30.057764620564615 ], [ -97.931561092278855, 30.057520448472232 ], [ -97.931765361598607, 30.057271682989615 ], [ -97.931964061238702, 30.057018446591368 ], [ -97.932157093372965, 30.056760863953471 ], [ -97.932344362966703, 30.056499061891405 ], [ -97.932525777820601, 30.05623316929832 ], [ -97.932701248619139, 30.05596331708114 ], [ -97.932870688973026, 30.05568963809619 ], [ -97.933034015461203, 30.055412267083632 ], [ -97.933366996857728, 30.055110024701793 ], [ -97.933695573407633, 30.054802999428414 ], [ -97.934019676417492, 30.054491255451921 ], [ -97.934339238128018, 30.054174857947213 ], [ -97.934654191730132, 30.053853873062216 ], [ -97.934964471377583, 30.053528367903738 ], [ -97.935270012201684, 30.053198410523837 ], [ -97.935570750324374, 30.052864069905109 ], [ -97.935866622871742, 30.052525415946782 ], [ -97.936157567986982, 30.052182519449566 ], [ -97.936274778359063, 30.052088401490579 ], [ -97.93638779085191, 30.05198928217856 ], [ -97.93649639222987, 30.051885348535041 ], [ -97.936600377580206, 30.051776796665209 ], [ -97.936699550700368, 30.051663831388229 ], [ -97.936793724467321, 30.051546665850655 ], [ -97.936882721190642, 30.051425521124102 ], [ -97.936966372948845, 30.051300625788258 ], [ -97.937044521904866, 30.051172215499747 ], [ -97.937117020605029, 30.051040532547056 ], [ -97.937183732256472, 30.050905825393766 ], [ -97.937244530985296, 30.050768348209758 ], [ -97.937347942180438, 30.050486126071782 ], [ -97.937390359527413, 30.050341913623544 ], [ -97.937426474081064, 30.050195995151231 ], [ -97.937456217699079, 30.050048645978329 ], [ -97.937579913829751, 30.049843007121762 ], [ -97.93765065065034, 30.049746023141271 ], [ -97.937726990954829, 30.049653385416043 ], [ -97.937808668318283, 30.049565417248303 ], [ -97.937895397689985, 30.049482425644054 ], [ -97.937986876386802, 30.04940470024103 ], [ -97.938082785151522, 30.049332512298168 ], [ -97.938182789266008, 30.049266113748949 ], [ -97.938286539719371, 30.049205736321905 ], [ -97.938393674425953, 30.049151590732084 ], [ -97.938503819489483, 30.049103865945863 ], [ -97.938616590507635, 30.049062728521044 ], [ -97.938731593913488, 30.049028322025741 ], [ -97.938966686066124, 30.048980158223856 ], [ -97.939085954349522, 30.048966569007245 ], [ -97.939205816957269, 30.048960046313621 ], [ -97.939325855572818, 30.048960612906789 ], [ -97.939445651265586, 30.048968266809446 ], [ -97.939564785953038, 30.048982981309713 ], [ -97.939682843859089, 30.049004705054553 ], [ -97.93979941296557, 30.049033362228762 ], [ -97.939988739487816, 30.049074564575594 ], [ -97.940176432777889, 30.049122662332334 ], [ -97.940362241788819, 30.04917759116632 ], [ -97.940545917993717, 30.049239277608056 ], [ -97.940727215718439, 30.04930763914961 ], [ -97.940905892470127, 30.049382584354547 ], [ -97.941081709261653, 30.049464012980881 ], [ -97.941254430931011, 30.049551816114487 ], [ -97.94142382645623, 30.049645876315225 ], [ -97.941589669264104, 30.04974606777397 ], [ -97.941909814491638, 30.049964300403669 ], [ -97.942063688704266, 30.050082049679776 ], [ -97.942213154358527, 30.050205346814931 ], [ -97.942358011538403, 30.050334026894134 ], [ -97.942498066491723, 30.050467917802809 ], [ -97.942633131889167, 30.050606840456656 ], [ -97.942763027075742, 30.050750609040932 ], [ -97.942887578311613, 30.050899031259693 ], [ -97.943006619004152, 30.051051908592321 ], [ -97.943119989932299, 30.051209036559353 ], [ -97.943227539457467, 30.051370204996047 ], [ -97.943329123728276, 30.051535198333042 ], [ -97.943424606871616, 30.05170379588543 ], [ -97.943512457811337, 30.051846889361428 ], [ -97.943606257854384, 30.051986155589763 ], [ -97.943705840518675, 30.052121347392106 ], [ -97.943811029058551, 30.052252224821554 ], [ -97.943921636778782, 30.052378555588415 ], [ -97.944037467365661, 30.05250011547313 ], [ -97.944158315235981, 30.052616688723418 ], [ -97.944283965901292, 30.052728068437723 ], [ -97.944414196348674, 30.052834056932298 ], [ -97.944548775437113, 30.052934466092236 ], [ -97.944687464307435, 30.053029117704764 ], [ -97.944830016805184, 30.053117843776334 ], [ -97.94497617991982, 30.053200486830452 ], [ -97.945125694231464, 30.053276900186923 ], [ -97.945278294372841, 30.053346948222444 ], [ -97.945433709499696, 30.053410506611545 ], [ -97.945591663771282, 30.053467462546486 ], [ -97.945914064351001, 30.053561174596432 ], [ -97.946440738728469, 30.053462642266723 ], [ -97.946966185171533, 30.053357758734073 ], [ -97.947490327093547, 30.053246539285702 ], [ -97.948013088097539, 30.053129000132596 ], [ -97.948534391988744, 30.053005158406787 ], [ -97.949054162783924, 30.052875032158646 ], [ -97.949572324723661, 30.052738640354981 ], [ -97.950088802283176, 30.052596002875678 ], [ -97.950603520182852, 30.052447140510758 ], [ -97.951116403399794, 30.052292074957791 ], [ -97.951627377178653, 30.052130828818481 ], [ -97.952136367041817, 30.051963425595407 ], [ -97.952399556062232, 30.051876282410699 ], [ -97.952664762196108, 30.051795485742453 ], [ -97.952931832428476, 30.051721082207543 ], [ -97.953200612669065, 30.051653114734169 ], [ -97.953470947840216, 30.051591622537366 ], [ -97.953742681967952, 30.051536641096142 ], [ -97.954015658270933, 30.05148820213283 ], [ -97.954289719250724, 30.051446333595017 ], [ -97.95456470678333, 30.051411059639683 ], [ -97.954840462210427, 30.051382400618515 ], [ -97.95511682643037, 30.05136037306691 ], [ -97.955393639990248, 30.051344989693973 ], [ -97.955670743177961, 30.051336259375308 ], [ -97.955947976114203, 30.051334187148147 ], [ -97.956225178845017, 30.051338774208137 ], [ -97.956502191433742, 30.051350017908554 ], [ -97.956778854053383, 30.051367911762231 ], [ -97.957055007078736, 30.051392445445014 ], [ -97.957330491179036, 30.051423604801737 ], [ -97.957605147409495, 30.051461371854554 ], [ -97.957878817302145, 30.051505724813193 ], [ -97.958163507876208, 30.051548022341503 ], [ -97.958422567141568, 30.051614082302013 ], [ -97.958692333362933, 30.051678024313606 ], [ -97.958960485977101, 30.051748427229768 ], [ -97.959434511522346, 30.05174352651678 ], [ -97.959908559908101, 30.051745063544665 ], [ -97.960382543707539, 30.051753038029904 ], [ -97.960856375505657, 30.051767448501927 ], [ -97.961329967915077, 30.05178829230282 ], [ -97.962276085258409, 30.051849263329277 ], [ -97.962748435703105, 30.051889379310218 ], [ -97.963220197813996, 30.051935906132847 ], [ -97.963691284585764, 30.051988835216484 ], [ -97.964161609137918, 30.052048156799675 ], [ -97.964631084730001, 30.052113859941844 ], [ -97.965099624778716, 30.052185932525735 ], [ -97.965567142872715, 30.052264361259141 ], [ -97.966033552789725, 30.05234913167784 ], [ -97.966498768511372, 30.05244022814805 ], [ -97.966962704239791, 30.052537633868909 ], [ -97.967182765900688, 30.052617672175657 ], [ -97.967400595257544, 30.052703600265044 ], [ -97.967616034707262, 30.052795355966595 ], [ -97.967828928375837, 30.052892872893867 ], [ -97.968039122231474, 30.052996080491635 ], [ -97.968246464195843, 30.053104904087792 ], [ -97.968450804253465, 30.053219264946573 ], [ -97.96865199456154, 30.053339080326307 ], [ -97.968849889555401, 30.053464263538643 ], [ -97.969044346055028, 30.053594724011433 ], [ -97.96923522336823, 30.053730367354657 ], [ -97.969422383392214, 30.053871095428104 ], [ -97.969605690713678, 30.054016806412989 ], [ -97.969785012707092, 30.054167394885013 ], [ -97.969859127818026, 30.054294485416378 ], [ -97.969938773235498, 30.054418185296242 ], [ -97.970023794118561, 30.054538254036046 ], [ -97.970114025175334, 30.054654458206375 ], [ -97.970209290984855, 30.054766571891253 ], [ -97.970309406338302, 30.054874377126978 ], [ -97.970414176597842, 30.054977664326081 ], [ -97.970523398076921, 30.055076232684847 ], [ -97.970636858434375, 30.05516989057346 ], [ -97.970754337088451, 30.055258455908852 ], [ -97.970875605645716, 30.055341756508291 ], [ -97.971000428343814, 30.055419630424719 ], [ -97.971128562511325, 30.055491926260938 ], [ -97.971259759038617, 30.055558503464461 ], [ -97.971393762862647, 30.055619232600407 ], [ -97.97153031346248, 30.055673995603716 ], [ -97.9716429963011, 30.055806924346051 ], [ -97.971760731000956, 30.055935400075558 ], [ -97.971883341738106, 30.056059230927101 ], [ -97.972010645405831, 30.056178231972563 ], [ -97.972142451889738, 30.056292225496282 ], [ -97.972278564350759, 30.056401041260923 ], [ -97.972418779518932, 30.056504516761557 ], [ -97.972562887997924, 30.056602497468472 ], [ -97.972710674576803, 30.056694837057687 ], [ -97.972861918551985, 30.056781397629837 ], [ -97.973016394056287, 30.056862049915786 ], [ -97.973173870396849, 30.056936673469817 ], [ -97.973334112399215, 30.057005156849439 ], [ -97.973496880759114, 30.057067397782031 ], [ -97.973660615052637, 30.05707136366421 ], [ -97.973824056513692, 30.057081924716705 ], [ -97.973986939599186, 30.057099063781145 ], [ -97.974148999672806, 30.057122753011367 ], [ -97.974309973435354, 30.057152953919871 ], [ -97.974469599352545, 30.057189617438961 ], [ -97.974627618080078, 30.057232684001281 ], [ -97.974783772884919, 30.057282083636899 ], [ -97.974937810062286, 30.057337736085902 ], [ -97.975089479347673, 30.057399550929787 ], [ -97.975238534324006, 30.057467427738025 ], [ -97.975384732821624, 30.05754125623103 ], [ -97.975493917793756, 30.057680906686766 ], [ -97.97559811193382, 30.057824319340231 ], [ -97.975697185718516, 30.057971315915687 ], [ -97.975791015989358, 30.058121713682425 ], [ -97.975879486106734, 30.058275325681763 ], [ -97.975962486093465, 30.058431960959247 ], [ -97.976039912773246, 30.05859142480238 ], [ -97.976111669896767, 30.058753518982385 ], [ -97.976177668263361, 30.058918042000762 ], [ -97.976237825830708, 30.059084789339824 ], [ -97.976292067817468, 30.059253553716605 ], [ -97.976340326795324, 30.059424125340939 ], [ -97.976382542773791, 30.059596292176078 ], [ -97.976418663274728, 30.059769840202261 ], [ -97.976417802063722, 30.059826104169641 ], [ -97.9764238464968, 30.059882049147411 ], [ -97.976436705345975, 30.059936830765643 ], [ -97.976456184534754, 30.059989622212964 ], [ -97.97648199006602, 30.060039626715362 ], [ -97.976513732460702, 30.060086089561644 ], [ -97.976550932635178, 30.060128309494505 ], [ -97.976593029131962, 30.060165649294277 ], [ -97.976639386594982, 30.060197545396495 ], [ -97.97668930535707, 30.060223516397674 ], [ -97.976742032000928, 30.060243170321026 ], [ -97.976796770731227, 30.060256210532664 ], [ -97.976852695383457, 30.060262440218406 ], [ -97.976908961894566, 30.06026176535438 ], [ -97.976964721041568, 30.060254196126333 ], [ -97.977019131259752, 30.060239846775577 ], [ -97.977071371342845, 30.060218933874872 ], [ -97.977120652838721, 30.060191773059749 ], [ -97.977166231948317, 30.060158774264679 ], [ -97.97720742075235, 30.060120435535914 ], [ -97.97734221490262, 30.060114430400386 ], [ -97.977477140854475, 30.060115146015484 ], [ -97.977611863723467, 30.060122580604911 ], [ -97.977746049129735, 30.060136715716254 ], [ -97.977879364026364, 30.060157516266287 ], [ -97.978011477528142, 30.060184930628356 ], [ -97.978142061730949, 30.060218890760389 ], [ -97.978270792526772, 30.060259312373834 ], [ -97.97839735040732, 30.060306095142746 ], [ -97.97852142125771, 30.060359122953013 ], [ -97.978642697135939, 30.060418264190293 ], [ -97.978760877036962, 30.060483372066784 ], [ -97.978875667639798, 30.06055428498582 ], [ -97.979031648497639, 30.060691308069298 ], [ -97.97919155635293, 30.060823727219233 ], [ -97.979505542192726, 30.061062021111596 ], [ -97.977744752038177, 30.064544972498261 ], [ -97.971359912220308, 30.066178768052215 ], [ -97.969889172519245, 30.067349071051314 ], [ -97.969808053117006, 30.06739392871587 ], [ -97.969730636519301, 30.067444911436475 ], [ -97.969657384266654, 30.067501715264871 ], [ -97.969588733073763, 30.067564001548966 ], [ -97.969525092224742, 30.067631398950788 ], [ -97.9694668411328, 30.067703505661378 ], [ -97.969414327078681, 30.06777989179594 ], [ -97.969367863139624, 30.067860101956317 ], [ -97.969327726324209, 30.067943657946483 ], [ -97.969294155919684, 30.068030061623318 ], [ -97.969267352065756, 30.068118797866507 ], [ -97.969247474561001, 30.068209337649115 ], [ -97.969234641911015, 30.068301141192329 ], [ -97.969228930621412, 30.068393661182608 ], [ -97.969230374741784, 30.068486346035474 ], [ -97.969238965662385, 30.068578643183471 ], [ -97.969254652165986, 30.0686700023704 ], [ -97.969277340733228, 30.068759878932322 ], [ -97.969420671818852, 30.069082624465267 ], [ -97.969569316740163, 30.069402957365025 ], [ -97.969723234902645, 30.06972079014885 ], [ -97.969882384271699, 30.070036036017189 ], [ -97.970046721383881, 30.070348608877246 ], [ -97.970216201358866, 30.070658423365778 ], [ -97.9703907779123, 30.070965394873113 ], [ -97.970570403367105, 30.071269439565818 ], [ -97.970755028668293, 30.071570474409956 ], [ -97.970944603395054, 30.071868417193468 ], [ -97.970989467783411, 30.072044985865737 ], [ -97.971027851684767, 30.072223075689987 ], [ -97.971059703853413, 30.072402448900554 ], [ -97.971084981764008, 30.072582866019143 ], [ -97.971103651668571, 30.072764086172512 ], [ -97.971115688640594, 30.072945867416564 ], [ -97.971121076610203, 30.07312796705714 ], [ -97.97111980838352, 30.073310141975924 ], [ -97.971111885654011, 30.073492148952923 ], [ -97.971097318999227, 30.073673744993506 ], [ -97.971076127866795, 30.073854687650957 ], [ -97.971048340548947, 30.074034735351109 ], [ -97.97101399414386, 30.074213647714533 ], [ -97.970973134507133, 30.074391185877936 ], [ -97.970939322537134, 30.074516897011829 ], [ -97.970872102366471, 30.074741193639962 ], [ -97.970812064748841, 30.074913195947701 ], [ -97.970745783493228, 30.075082890097509 ], [ -97.970674383066239, 30.075247658844699 ], [ -97.970673347090198, 30.075250049533153 ], [ -97.970594852248965, 30.075414451082022 ], [ -97.970510403767193, 30.075575875253886 ], [ -97.970420114390436, 30.075734106533407 ], [ -97.970290554663549, 30.075901175593017 ], [ -97.97015591569982, 30.076064179098772 ], [ -97.97001632499763, 30.076222962691624 ], [ -97.969871914745369, 30.07637737600885 ], [ -97.969722821694589, 30.076527272825736 ], [ -97.969569187031723, 30.076672511194925 ], [ -97.969543801221903, 30.076695071671431 ], [ -97.969411156244092, 30.076812953580319 ], [ -97.969248878981404, 30.076948466987414 ], [ -97.969082508915164, 30.077078923089509 ], [ -97.968912203592367, 30.077204198348753 ], [ -97.968738124287199, 30.07732417413359 ], [ -97.968560435846598, 30.077438736830754 ], [ -97.968379306536107, 30.077547777953008 ], [ -97.968292845532488, 30.077800545976029 ], [ -97.968212325628926, 30.078055268813056 ], [ -97.96813779096027, 30.078311806845008 ], [ -97.968069282379972, 30.0785700194571 ], [ -97.968046496184314, 30.07866480096202 ], [ -97.968006837439845, 30.078829765117415 ], [ -97.967950490366988, 30.079090901453394 ], [ -97.967900272046762, 30.079353285330434 ], [ -97.967856210004769, 30.079616772929935 ], [ -97.967818328392426, 30.079881219828248 ], [ -97.967786647973668, 30.080146481076227 ], [ -97.967754176065469, 30.080287809586903 ], [ -97.967715090501343, 30.080427453746843 ], [ -97.967669477855779, 30.08056510424392 ], [ -97.967617439161074, 30.080700456181454 ], [ -97.967559089683078, 30.08083320975464 ], [ -97.967494558666019, 30.080963070913484 ], [ -97.967423989046708, 30.081089752015316 ], [ -97.967347537136646, 30.081212972460847 ], [ -97.967265372277396, 30.08133245931651 ], [ -97.967177676464289, 30.08144794791815 ], [ -97.967084643944034, 30.081559182458353 ], [ -97.966986480784016, 30.081665916552012 ], [ -97.966883404415768, 30.081767913782866 ], [ -97.966775643154108, 30.08186494822629 ], [ -97.966663435690663, 30.081956804951112 ], [ -97.966547030565295, 30.082043280494045 ], [ -97.966426685615744, 30.082124183311564 ], [ -97.966302667406637, 30.082199334203342 ], [ -97.96617525063877, 30.082268566710098 ], [ -97.966044717540655, 30.082331727481687 ], [ -97.965911357243741, 30.082388676616432 ], [ -97.965775465141633, 30.082439287972164 ], [ -97.96563734223551, 30.082483449444076 ], [ -97.965497294468648, 30.082521063214585 ], [ -97.965350963969868, 30.082583897553558 ], [ -97.96520760602624, 30.082653246447475 ], [ -97.965067510485468, 30.082728969683895 ], [ -97.96493096059892, 30.082810914162028 ], [ -97.964798232448771, 30.082898914203099 ], [ -97.964669594390628, 30.082992791884834 ], [ -97.96454530651107, 30.083092357401128 ], [ -97.964425620100485, 30.083197409446143 ], [ -97.964310777145798, 30.08330773562087 ], [ -97.964201009841759, 30.083423112863251 ], [ -97.964096540120934, 30.083543307898406 ], [ -97.963997579204587, 30.083668077710772 ], [ -97.963904327175882, 30.083797170035279 ], [ -97.963816972576581, 30.083930323867275 ], [ -97.963735692023306, 30.084067269990811 ], [ -97.963660649853111, 30.084207731522049 ], [ -97.963591997789351, 30.084351424469695 ], [ -97.963529874635981, 30.084498058309208 ], [ -97.963474405995839, 30.084647336569656 ], [ -97.963425704018277, 30.08479895743379 ], [ -97.963383867171117, 30.084952614347852 ], [ -97.963348980041644, 30.085107996641952 ], [ -97.963321113166344, 30.085264790156803 ], [ -97.963300322887534, 30.085422677880768 ], [ -97.96328665124031, 30.085581340589435 ], [ -97.963280125866305, 30.085740457491568 ], [ -97.963214286741874, 30.085941536920661 ], [ -97.963155271636509, 30.086144723889749 ], [ -97.963103147792665, 30.086349786884892 ], [ -97.963057974601014, 30.086556492254392 ], [ -97.96301980353249, 30.08676460447559 ], [ -97.962988678079824, 30.086973886422587 ], [ -97.962964633707628, 30.087184099636229 ], [ -97.962947697812609, 30.087395004597102 ], [ -97.962937889691247, 30.087606360997114 ], [ -97.962935220519697, 30.087817928013969 ], [ -97.962939693339038, 30.08802946458519 ], [ -97.962951303052719, 30.088240729683083 ], [ -97.962970036432367, 30.088451482589587 ], [ -97.962995872133035, 30.08866148316951 ], [ -97.963028780717622, 30.088870492145873 ], [ -97.963068724689123, 30.089078271370489 ], [ -97.963115658534775, 30.089284584097207 ], [ -97.963169528777911, 30.089489195250422 ], [ -97.963230274037727, 30.089691871693244 ], [ -97.963297825100469, 30.089892382493407 ], [ -97.963372104997191, 30.09009049918625 ], [ -97.963453029092776, 30.090285996034979 ], [ -97.963540505180973, 30.090478650287604 ], [ -97.963634433590414, 30.090668242431452 ], [ -97.963819147233849, 30.091380813642601 ], [ -97.96399719797769, 30.092095078855046 ], [ -97.964168570292287, 30.092810975768824 ], [ -97.964333249229398, 30.093528441941423 ], [ -97.964491220425757, 30.094247414793564 ], [ -97.964642470102902, 30.094967831614856 ], [ -97.965048058530513, 30.095594847865339 ], [ -97.965458974323923, 30.09621838580447 ], [ -97.965875187655072, 30.096838400170444 ], [ -97.96629666831133, 30.097454845956563 ], [ -97.966723385697648, 30.098067678415877 ], [ -97.967155308838954, 30.098676853063129 ], [ -97.96759240638238, 30.09928232567896 ], [ -97.967652899095157, 30.099392333840878 ], [ -97.967719442370012, 30.09949879113972 ], [ -97.967791828410768, 30.099601365138017 ], [ -97.967869831173942, 30.099699735524062 ], [ -97.967953207078679, 30.099793595113351 ], [ -97.968041695763674, 30.099882650807366 ], [ -97.968133934344053, 30.099965646828032 ], [ -97.968135020901883, 30.099966624508696 ], [ -97.968232891064389, 30.10004525398972 ], [ -97.968335000628016, 30.100118293711457 ], [ -97.968441030731867, 30.100185515590322 ], [ -97.968550650272633, 30.100246709710273 ], [ -97.968663516936687, 30.100301684978167 ], [ -97.968779278272038, 30.100350269720739 ], [ -97.968897572786176, 30.100392312221157 ], [ -97.969018031077638, 30.100427681191348 ], [ -97.969140276986181, 30.10045626618367 ], [ -97.969263928770715, 30.100477977934844 ], [ -97.969388600299496, 30.100492748644633 ], [ -97.969513902256637, 30.10050053218816 ], [ -97.969639443356868, 30.10050130425936 ], [ -97.969764831569265, 30.100495062447479 ], [ -97.969865739217141, 30.100461539039202 ], [ -97.969877163247389, 30.100457743756564 ], [ -97.969991530224135, 30.100427226789662 ], [ -97.970107521056235, 30.100403621334106 ], [ -97.97022471845797, 30.100387012311927 ], [ -97.970342700803812, 30.100377459475233 ], [ -97.970461043643837, 30.100374997191192 ], [ -97.970579321231241, 30.100379634317825 ], [ -97.970697108054082, 30.100391354172924 ], [ -97.970813980366131, 30.100410114593441 ], [ -97.970929517710147, 30.100435848087322 ], [ -97.971043304433167, 30.100468462076712 ], [ -97.971154931179285, 30.100507839230374 ], [ -97.97126399636295, 30.100553837886249 ], [ -97.971370107614888, 30.10060629256073 ], [ -97.971472883191922, 30.100665014544518 ], [ -97.971571953351841, 30.100729792581053 ], [ -97.971666961682871, 30.100800393626955 ], [ -97.971733407556599, 30.100856253729155 ], [ -97.971757566385548, 30.100876563689859 ], [ -97.97184344150341, 30.100958028742426 ], [ -97.971924278094008, 30.101044495708585 ], [ -97.971999785342632, 30.101135653517062 ], [ -97.972069691606066, 30.101231174221375 ], [ -97.972133745392, 30.1013307141789 ], [ -97.972147117193998, 30.101354518997134 ], [ -97.972191716262429, 30.1014339152877 ], [ -97.972243395662531, 30.101540406274239 ], [ -97.972288597672275, 30.101649804029964 ], [ -97.972327159674435, 30.101761714988314 ], [ -97.97235894293928, 30.101875736542187 ], [ -97.972383833124113, 30.101991458490502 ], [ -97.97240174068493, 30.102108464515471 ], [ -97.972412601197874, 30.102226333679774 ], [ -97.972416375591692, 30.102344641940693 ], [ -97.97261745894221, 30.102747493990275 ], [ -97.972824787252677, 30.103147167931503 ], [ -97.973038310308439, 30.1035435669633 ], [ -97.973183485656364, 30.103803316110849 ], [ -97.973257976393697, 30.103936595077673 ], [ -97.973483732305397, 30.104326157082919 ], [ -97.973715523365456, 30.104712158627255 ], [ -97.973953293433794, 30.105094506220734 ], [ -97.974196984922358, 30.105473107258824 ], [ -97.974446538809502, 30.105847870043977 ], [ -97.974701894652725, 30.106218703808615 ], [ -97.974962990604865, 30.106585518736551 ], [ -97.974979933007674, 30.106718164095476 ], [ -97.975003853575245, 30.106849730210808 ], [ -97.975034685610126, 30.106979850239451 ], [ -97.975072343144404, 30.107108161370594 ], [ -97.975116721178225, 30.107234305836823 ], [ -97.975167695972999, 30.107357931912322 ], [ -97.975225125397188, 30.107478694892979 ], [ -97.975288849320933, 30.107596258057924 ], [ -97.975358690064738, 30.1077102936082 ], [ -97.97543445289304, 30.107820483581129 ], [ -97.975515926557563, 30.107926520735948 ], [ -97.975798552350867, 30.107814098293904 ], [ -97.97608370752468, 30.107708255621553 ], [ -97.976371238920109, 30.107609049567962 ], [ -97.976414083187507, 30.10759536974507 ], [ -97.976660992101458, 30.107516533417336 ], [ -97.976952811440526, 30.107430756860733 ], [ -97.977246540199218, 30.107351765969593 ], [ -97.977542020612844, 30.10727960317038 ], [ -97.977839093976669, 30.107214307222623 ], [ -97.978137600730733, 30.107155913196632 ], [ -97.978437380544335, 30.107104452457005 ], [ -97.978566886377536, 30.107050161621693 ], [ -97.978698963527293, 30.107002465896059 ], [ -97.978833276381337, 30.106961486475907 ], [ -97.97896948364756, 30.106927327491498 ], [ -97.979107239220127, 30.106900075741223 ], [ -97.979246193058358, 30.106879800472736 ], [ -97.979385992076843, 30.106866553205933 ], [ -97.979526281042951, 30.106860367602401 ], [ -97.979666703478429, 30.106861259380164 ], [ -97.979806902566295, 30.106869226272963 ], [ -97.97994652205746, 30.106884248036593 ], [ -97.980085207174668, 30.106906286500756 ], [ -97.980222605515692, 30.10693528566479 ], [ -97.980358367947943, 30.106971171841405 ], [ -97.980492149495262, 30.107013853842478 ], [ -97.980623610215815, 30.107063223212357 ], [ -97.980752416063794, 30.107119154501987 ], [ -97.980878239740534, 30.10718150558851 ], [ -97.981000761524967, 30.107250118036252 ], [ -97.981119670086031, 30.107324817499141 ], [ -97.981234663274037, 30.107405414164088 ], [ -97.981345448887978, 30.107491703232789 ], [ -97.981361593621045, 30.107505640452615 ], [ -97.981451745419392, 30.107583465442264 ], [ -97.981553282765205, 30.107680467622792 ], [ -97.98164980291709, 30.107782463289066 ], [ -97.98174106061461, 30.107889193267471 ], [ -97.981826823969428, 30.108000386354473 ], [ -97.981906875055131, 30.10811576000555 ], [ -97.982097373846798, 30.108439707417912 ], [ -97.982281742379598, 30.108767182546021 ], [ -97.982459915350475, 30.109098069396961 ], [ -97.982554031468624, 30.109281020472167 ], [ -97.982631829649307, 30.109432250768915 ], [ -97.982797424383378, 30.109769608293881 ], [ -97.98295664089845, 30.110110022478263 ], [ -97.983109422799274, 30.110453372745916 ], [ -97.983255715970103, 30.110799537480943 ], [ -97.983449066977201, 30.111103242093247 ], [ -97.983636709045612, 30.111410506730628 ], [ -97.983818576648687, 30.111721224091383 ], [ -97.983994606274777, 30.112035285668508 ], [ -97.984164736451518, 30.112352581785977 ], [ -97.984328907766695, 30.112673001639646 ], [ -97.984487062889514, 30.112996433333286 ], [ -97.984639146589146, 30.113322763919673 ], [ -97.984785105756259, 30.113651879438883 ], [ -97.984924889418863, 30.113983664958436 ], [ -97.985058448762359, 30.114318004613658 ], [ -97.98513781837633, 30.114527999415785 ], [ -97.985185737146097, 30.114654781647918 ], [ -97.985306710118564, 30.114993878452889 ], [ -97.985421325434359, 30.115335176611072 ], [ -97.985529543067926, 30.115678556935332 ], [ -97.985631325227729, 30.116023899512093 ], [ -97.985630420395964, 30.116242015349073 ], [ -97.985622333918698, 30.116459983112481 ], [ -97.985607074566374, 30.116677566404945 ], [ -97.985584658888385, 30.116894529246007 ], [ -97.98555511119531, 30.117110636328047 ], [ -97.985518463533907, 30.117325653271457 ], [ -97.985474755650117, 30.117539346878939 ], [ -97.985424034947783, 30.117751485388812 ], [ -97.985366356435662, 30.117961838725552 ], [ -97.985301782669382, 30.118170178749807 ], [ -97.985230383682435, 30.118376279506101 ], [ -97.985152236911048, 30.118579917467052 ], [ -97.985067427109357, 30.11878087177665 ], [ -97.984976046258069, 30.118978924489401 ], [ -97.984878193464866, 30.119173860806878 ], [ -97.984773974855543, 30.119365469310047 ], [ -97.98466350346115, 30.119553542189649 ], [ -97.984546899093672, 30.119737875470779 ], [ -97.984424288216744, 30.11991826923407 ], [ -97.984295803807996, 30.120094527833214 ], [ -97.984199489281863, 30.12026854492974 ], [ -97.984109112569769, 30.120445718538917 ], [ -97.984024776985621, 30.12062584612454 ], [ -97.983946578937847, 30.120808721773948 ], [ -97.983874607818166, 30.120994136433083 ], [ -97.983808945900719, 30.121181878145077 ], [ -97.983749668246446, 30.121371732293401 ], [ -97.983696842619011, 30.121563481846053 ], [ -97.983650529405764, 30.121756907604695 ], [ -97.983610781549643, 30.121951788454812 ], [ -97.983577644488591, 30.12214790161882 ], [ -97.983551156102706, 30.122345022909531 ], [ -97.983531346672791, 30.122542926988217 ], [ -97.983518238843573, 30.122741387620682 ], [ -97.983511847599374, 30.122940177937028 ], [ -97.983512180246166, 30.123139070690009 ], [ -97.983519236404092, 30.123337838515543 ], [ -97.983533008006688, 30.123536254192434 ], [ -97.983453863920914, 30.123994097449895 ], [ -97.983370476401689, 30.124451186889978 ], [ -97.9832828526242, 30.124907483184408 ], [ -97.983191000127476, 30.125362947072727 ], [ -97.983326028808534, 30.125363890821518 ], [ -97.983460816347673, 30.125372012067626 ], [ -97.98359498149226, 30.125387287839626 ], [ -97.983728144751396, 30.125409674929426 ], [ -97.983859929466348, 30.125439110014167 ], [ -97.983989962878709, 30.12547550983539 ], [ -97.984117877183522, 30.125518771434795 ], [ -97.984243310569695, 30.125568772444858 ], [ -97.984324585666144, 30.12560629428955 ], [ -97.984365908243063, 30.125625371435873 ], [ -97.984485323431159, 30.125688408314947 ], [ -97.98459061003291, 30.125751361802969 ], [ -97.984713265225707, 30.125833064822153 ], [ -97.984821147088596, 30.125914275282984 ], [ -97.984924558804096, 30.126001106455302 ], [ -97.985023207867187, 30.126093312733133 ], [ -97.98511681524505, 30.126190633307271 ], [ -97.985205116165261, 30.126292792902056 ], [ -97.985285978025274, 30.126372950513449 ], [ -97.985361847764793, 30.126457848485817 ], [ -97.985432448025122, 30.126547176456263 ], [ -97.985497520712187, 30.126640607866918 ], [ -97.985556827938339, 30.126737801159035 ], [ -97.985610152893074, 30.126838401021342 ], [ -97.98565730063531, 30.126942039689165 ], [ -97.985698098806836, 30.127048338288912 ], [ -97.985732398260225, 30.127156908222894 ], [ -97.98576007360731, 30.127267352590188 ], [ -97.985781023673951, 30.127379267637494 ], [ -97.98579517187332, 30.127492244234759 ], [ -97.985802466483193, 30.127605869371767 ], [ -97.985802880836474, 30.127719727667056 ], [ -97.985796413418782, 30.127833402886843 ], [ -97.98578308787296, 30.12794647946674 ], [ -97.985762952913504, 30.128058544030623 ], [ -97.985736082147909, 30.128169186902252 ], [ -97.985702573808382, 30.12827800360267 ], [ -97.985662550391794, 30.128384596328591 ], [ -97.985616158212594, 30.128488575407069 ], [ -97.985563566867199, 30.128589560720304 ], [ -97.98550496861472, 30.128687183094375 ], [ -97.985372043192484, 30.128950568121446 ], [ -97.98524442635501, 30.129216565833936 ], [ -97.985122169428422, 30.129485069249576 ], [ -97.985005321583486, 30.129755970378298 ], [ -97.984893929816124, 30.130029160265487 ], [ -97.984788038926837, 30.130304529036202 ], [ -97.984687691504661, 30.130581965939143 ], [ -97.984592927907698, 30.130861359391169 ], [ -97.98460968007312, 30.130947970632111 ], [ -97.984633170877316, 30.131033001945109 ], [ -97.984663255715688, 30.131115929893305 ], [ -97.984699749391126, 30.131196243987567 ], [ -97.98474242725564, 30.131273449829123 ], [ -97.984791026592077, 30.131347072153076 ], [ -97.984845248231821, 30.131416657754023 ], [ -97.984904758396652, 30.131481778276019 ], [ -97.984969190752707, 30.131542032849008 ], [ -97.985038148666575, 30.131597050556877 ], [ -97.985111207646298, 30.131646492721178 ], [ -97.985187917953596, 30.131690054984652 ], [ -97.985267807374655, 30.131727469186398 ], [ -97.985350384124928, 30.131758505011195 ], [ -97.985435139876955, 30.131782971408644 ], [ -97.98546771406798, 30.131789661071608 ], [ -97.985521552889892, 30.131800717767799 ], [ -97.985609091221491, 30.131811634845402 ], [ -97.985697216001711, 30.131815655438047 ], [ -97.985785384751125, 30.131812754795661 ], [ -97.985873054718908, 30.131802950774059 ], [ -97.985959686224888, 30.131786303724954 ], [ -97.986106879498891, 30.131856995264471 ], [ -97.986250986951802, 30.131933781953546 ], [ -97.986391756327649, 30.132016529379094 ], [ -97.986528941213408, 30.132105092694047 ], [ -97.986662301470474, 30.132199316870523 ], [ -97.986791603655348, 30.132299036971737 ], [ -97.986916621428108, 30.13240407844021 ], [ -97.987037135948583, 30.132514257403781 ], [ -97.987152936258809, 30.132629380997077 ], [ -97.987263819653975, 30.13274924769927 ], [ -97.987369592035435, 30.132873647686967 ], [ -97.987470068251469, 30.1330023632013 ], [ -97.987565072421063, 30.133135168929247 ], [ -97.98747633973214, 30.133328639510378 ], [ -97.987404708126491, 30.133499576599682 ], [ -97.987394076123351, 30.13352494808003 ], [ -97.987318372208989, 30.133723878402446 ], [ -97.987249311377695, 30.133925211354175 ], [ -97.987186969700502, 30.134128725164796 ], [ -97.987131415847401, 30.13433419566206 ], [ -97.987082711011311, 30.134541396518291 ], [ -97.987040908841436, 30.134750099499556 ], [ -97.987006055382892, 30.13496007471786 ], [ -97.98697818902771, 30.135171090883279 ], [ -97.986966998413791, 30.13528288319252 ], [ -97.986948935995912, 30.135393772774027 ], [ -97.986924070511407, 30.135503337631068 ], [ -97.986892496587402, 30.135611160808317 ], [ -97.986854334380311, 30.135716831978325 ], [ -97.986809729118548, 30.135819949003274 ], [ -97.986758850549961, 30.135920119465496 ], [ -97.98670189229621, 30.136016962160276 ], [ -97.98663907111505, 30.136110108547289 ], [ -97.986570626076087, 30.136199204152405 ], [ -97.986496817650533, 30.136283909917186 ], [ -97.986417926721643, 30.136363903488913 ], [ -97.98633425351268, 30.136438880447361 ], [ -97.986246116446694, 30.136508555463536 ], [ -97.986153850934997, 30.136572663384808 ], [ -97.986057808098948, 30.136630960244943 ], [ -97.985958353435635, 30.136683224191838 ], [ -97.98585586542525, 30.136729256332035 ], [ -97.98575073409161, 30.136768881487527 ], [ -97.985643359518605, 30.136801948862441 ], [ -97.985534150326146, 30.136828332616883 ], [ -97.985423522116179, 30.13684793234604 ], [ -97.985346546784172, 30.136893117308297 ], [ -97.98527287621603, 30.136943511057119 ], [ -97.985202862291004, 30.136998872892491 ], [ -97.985136839422239, 30.137058938384776 ], [ -97.985075122961419, 30.137123420637892 ], [ -97.985018007689419, 30.137192011659568 ], [ -97.984965766411918, 30.137264383832626 ], [ -97.984918648652283, 30.137340191479186 ], [ -97.984876879464309, 30.137419072512721 ], [ -97.984840658353505, 30.137500650166835 ], [ -97.984810158325644, 30.137584534795025 ], [ -97.984785525060715, 30.137670325731591 ], [ -97.984766876217265, 30.137757613205938 ], [ -97.984840328568126, 30.137909457218218 ], [ -97.984919525183273, 30.138058385886282 ], [ -97.985004350557062, 30.138204182003914 ], [ -97.985094680975635, 30.138346632933747 ], [ -97.985190384696253, 30.13848553091718 ], [ -97.985291322139005, 30.138620673377709 ], [ -97.985397346090906, 30.138751863215688 ], [ -97.985508301920433, 30.138878909096505 ], [ -97.985624027803709, 30.139001625729097 ], [ -97.985744354959166, 30.139119834136721 ], [ -97.985869107895056, 30.139233361917306 ], [ -97.985998104664162, 30.139342043495539 ], [ -97.986131157131027, 30.139445720364201 ], [ -97.986268071243586, 30.139544241314713 ], [ -97.986408647319095, 30.139637462658811 ], [ -97.98655268033292, 30.139725248436971 ], [ -97.986699960219525, 30.139807470617601 ], [ -97.986850272177293, 30.139884009283104 ], [ -97.986904765702434, 30.139919405836672 ], [ -97.986955434108324, 30.139960089653325 ], [ -97.987001766365907, 30.140005650406337 ], [ -97.98704329517966, 30.140055628580946 ], [ -97.987079601699648, 30.140109520109931 ], [ -97.98711031974797, 30.140166781456486 ], [ -97.987135139509405, 30.140226835096971 ], [ -97.987153810658583, 30.140289075345105 ], [ -97.987166144882195, 30.140352874461286 ], [ -97.987172017780807, 30.140417588983325 ], [ -97.987171370122041, 30.140482566216509 ], [ -97.987164208437619, 30.14054715081663 ], [ -97.987150604958529, 30.14061069139936 ], [ -97.987130696886069, 30.140672547110182 ], [ -97.987104685008248, 30.140732094087515 ], [ -97.987072831674482, 30.140788731755414 ], [ -97.987035458149464, 30.140841888880445 ], [ -97.98699294137343, 30.140891029332735 ], [ -97.986945710160199, 30.14093565749414 ], [ -97.986894240872019, 30.140975323255862 ], [ -97.986839052614982, 30.141009626558933 ], [ -97.986704357499278, 30.14116769183212 ], [ -97.986574554756885, 30.141329798750149 ], [ -97.986449765591061, 30.141495795945517 ], [ -97.986330106523567, 30.141665528418411 ], [ -97.986215689286041, 30.141838837681092 ], [ -97.986106620715731, 30.142015561906252 ], [ -97.986003002654968, 30.142195536077477 ], [ -97.985904931857888, 30.142378592144027 ], [ -97.985812499897236, 30.142564559177398 ], [ -97.98572579308204, 30.142753263530714 ], [ -97.985644892374125, 30.142944529001351 ], [ -97.985569873315114, 30.143138176995258 ], [ -97.985500805953706, 30.143334026693719 ], [ -97.985437754781429, 30.143531895221972 ], [ -97.985293169024757, 30.143731460714353 ], [ -97.98514284689017, 30.143926741749077 ], [ -97.984986915261985, 30.144117573492103 ], [ -97.984825505760469, 30.14430379486453 ], [ -97.984658754629052, 30.144485248679374 ], [ -97.984486802620509, 30.144661781773959 ], [ -97.984309794877078, 30.144833245138983 ], [ -97.984127880808757, 30.144999494044253 ], [ -97.984534825157908, 30.145043130654745 ], [ -97.984753433831671, 30.145070166541036 ], [ -97.984941007957673, 30.145093364011615 ], [ -97.985346322279284, 30.145150180890653 ], [ -97.98575066142233, 30.145213566334842 ], [ -97.986153918942776, 30.145283503657495 ], [ -97.986555988682028, 30.145359974447494 ], [ -97.986956764793888, 30.145442958573522 ], [ -97.987475030502836, 30.145749240636498 ], [ -97.987989877885653, 30.146061234577921 ], [ -97.988501243993738, 30.146378902251378 ], [ -97.989009066303652, 30.146702204816457 ], [ -97.989513282725738, 30.147031102744062 ], [ -97.990013831610909, 30.147365555820844 ], [ -97.990119086510234, 30.147440516337237 ], [ -97.990220031197083, 30.147521187540786 ], [ -97.990316356206364, 30.147607322118358 ], [ -97.990407766235634, 30.147698656008259 ], [ -97.990493981049681, 30.147794909209249 ], [ -97.990574736341344, 30.147895786638681 ], [ -97.990649784539229, 30.148000979037935 ], [ -97.990718895569472, 30.148110163919505 ], [ -97.990781857558801, 30.148223006556655 ], [ -97.990838477485497, 30.148339161008984 ], [ -97.990888581770491, 30.148458271182825 ], [ -97.99093201680931, 30.148579971923468 ], [ -97.990968649443644, 30.148703890134236 ], [ -97.990998367369585, 30.148829645920397 ], [ -97.991021079480859, 30.148956853753852 ], [ -97.991036716149495, 30.149085123654665 ], [ -97.991045229437887, 30.149214062387362 ], [ -97.99104659324739, 30.149343274665799 ], [ -97.991053535113494, 30.149543209258393 ], [ -97.991067225334959, 30.149742795351798 ], [ -97.991087648292421, 30.149941805235002 ], [ -97.991114780685109, 30.150140011854706 ], [ -97.991148591556822, 30.150337189073877 ], [ -97.99118904233282, 30.150533111929917 ], [ -97.991236086862088, 30.150727556891621 ], [ -97.991289671470511, 30.150920302113466 ], [ -97.991349735022652, 30.151111127689649 ], [ -97.991416208991069, 30.151299815904274 ], [ -97.991489017534604, 30.151486151480004 ], [ -97.991568077585072, 30.151669921823842 ], [ -97.991653298941429, 30.151850917269229 ], [ -97.991744584373265, 30.152028931315606 ], [ -97.991750814272137, 30.15204013156654 ], [ -97.991841829731939, 30.15220376086414 ], [ -97.991944924068463, 30.152375206449204 ], [ -97.992053749760828, 30.152543072465679 ], [ -97.992168182648243, 30.152707167392759 ], [ -97.992288092172842, 30.152867304011828 ], [ -97.99241334152731, 30.153023299620795 ], [ -97.99254378781292, 30.153174976241733 ], [ -97.992679282201976, 30.153322160824533 ], [ -97.992819670106101, 30.153464685443836 ], [ -97.992964791355305, 30.153602387491343 ], [ -97.993114480378182, 30.153735109860538 ], [ -97.993268566391919, 30.15386270112646 ], [ -97.99334756731966, 30.153936976610879 ], [ -97.993430978074173, 30.154006263263348 ], [ -97.993518484144374, 30.154070299829637 ], [ -97.99360975557795, 30.154128844851815 ], [ -97.993704448223795, 30.154181677578194 ], [ -97.993802205031542, 30.154228598796436 ], [ -97.993902657396504, 30.154269431584062 ], [ -97.99400542655043, 30.154304021975879 ], [ -97.994110124988822, 30.154332239544214 ], [ -97.994216357932913, 30.15435397789139 ], [ -97.994323724818059, 30.154369155049984 ], [ -97.994431820803555, 30.154377713792741 ], [ -97.994540238299862, 30.154379621847632 ], [ -97.994648568504971, 30.154374872020348 ], [ -97.994756402945725, 30.154363482220568 ], [ -97.994863335018849, 30.154345495394953 ], [ -97.994968961523512, 30.154320979365153 ], [ -97.995072884181297, 30.154290026572045 ], [ -97.995174711138262, 30.154252753726997 ], [ -97.995274058443414, 30.154209301372145 ], [ -97.995370551494631, 30.154159833350086 ], [ -97.995756620714261, 30.154225238443203 ], [ -97.996141535701994, 30.15429712530355 ], [ -97.996525187642561, 30.154375473608997 ], [ -97.996907468077907, 30.154460261210136 ], [ -97.997288268937169, 30.154551464137835 ], [ -97.997667482568247, 30.154649056608996 ], [ -97.998045001767537, 30.154753011034167 ], [ -97.998420719810881, 30.154863298025671 ], [ -97.998794530482655, 30.154979886405055 ], [ -97.999166328106512, 30.15510274321327 ], [ -97.999254618031145, 30.15512187785616 ], [ -97.999341301639959, 30.15514731792933 ], [ -97.999425929237603, 30.155178931455449 ], [ -97.999508061795453, 30.155216554430648 ], [ -97.999587273228244, 30.155259991675475 ], [ -97.999663152605223, 30.155309017847028 ], [ -97.999735306280826, 30.155363378608872 ], [ -97.999803359938326, 30.155422791949526 ], [ -97.999866960530611, 30.155486949645915 ], [ -97.999925778112129, 30.15555551886246 ], [ -97.999979507550293, 30.15562814387745 ], [ -98.00002787010925, 30.155704447928667 ], [ -98.000070614894526, 30.155784035167866 ], [ -98.000107520156291, 30.155866492714505 ], [ -98.000138394438295, 30.15595139279732 ], [ -98.000163077571187, 30.156038294973751 ], [ -98.000181441505077, 30.156126748415055 ], [ -98.000193390971546, 30.156216294244658 ], [ -98.000198863979719, 30.156306467918821 ], [ -98.000325994958132, 30.156466018785846 ], [ -98.000458225433007, 30.156621369570612 ], [ -98.000595416734583, 30.156772357357038 ], [ -98.000737424990291, 30.156918823804318 ], [ -98.000884101275943, 30.15706061531316 ], [ -98.001035291772865, 30.157197583187159 ], [ -98.001190837927552, 30.157329583787956 ], [ -98.001350576618833, 30.157456478686925 ], [ -98.001514340328811, 30.157578134809373 ], [ -98.001681957318638, 30.157694424574686 ], [ -98.001853251808924, 30.157805226029978 ], [ -98.002028044162913, 30.157910422977743 ], [ -98.00220615107628, 30.158009905098179 ], [ -98.002275696298113, 30.158022012796501 ], [ -98.00234368441717, 30.158041006214571 ], [ -98.002409435464969, 30.158066695394037 ], [ -98.002472291847752, 30.158098823410246 ], [ -98.002531624920692, 30.158137068942015 ], [ -98.002586841277846, 30.158181049485261 ], [ -98.002637388684803, 30.158230325178199 ], [ -98.002682761602657, 30.158284403201158 ], [ -98.002722506244822, 30.158342742704697 ], [ -98.00275622511397, 30.158404760219341 ], [ -98.002783580978374, 30.15846983549072 ], [ -98.002804300244108, 30.158537317683088 ], [ -98.002818175692596, 30.158606531888207 ], [ -98.002825068551047, 30.158676785875738 ], [ -98.002824909882605, 30.158747377016006 ], [ -98.002817701273756, 30.158817599307401 ], [ -98.002803514820172, 30.158886750437507 ], [ -98.002782492404023, 30.158954138806497 ], [ -98.002754844276694, 30.159019090444804 ], [ -98.002720846954873, 30.159080955753037 ], [ -98.002680840454815, 30.159139115999 ], [ -98.002684356516596, 30.159457450500135 ], [ -98.002694671641038, 30.159775637262278 ], [ -98.002711781121548, 30.16009353108582 ], [ -98.002735677150199, 30.160410986905113 ], [ -98.002766348822462, 30.160727859854198 ], [ -98.002803782141854, 30.161044005333331 ], [ -98.002847960026358, 30.16135927907446 ], [ -98.002898862315831, 30.161673537207701 ], [ -98.002961975687498, 30.161726808423872 ], [ -98.003020703831012, 30.161784878427092 ], [ -98.003074682911105, 30.161847387459058 ], [ -98.003123578513055, 30.161913948260203 ], [ -98.003167087716179, 30.161984148469362 ], [ -98.003204940970264, 30.162057553178315 ], [ -98.003236903764559, 30.162133707626097 ], [ -98.003262778080952, 30.162212140016656 ], [ -98.003282403622023, 30.162292364441186 ], [ -98.00329565880223, 30.162373883888677 ], [ -98.0033024615025, 30.162456193325575 ], [ -98.003302769578212, 30.162538782823923 ], [ -98.003296581120651, 30.162621140720564 ], [ -98.003283934469337, 30.162702756787279 ], [ -98.003264907973033, 30.162783125391694 ], [ -98.003239619506203, 30.162861748629837 ], [ -98.003208225736941, 30.162938139410731 ], [ -98.003170921157803, 30.16301182447372 ], [ -98.003127936880176, 30.163082347321222 ], [ -98.003151634148409, 30.163202639179826 ], [ -98.00318181870739, 30.163321469243996 ], [ -98.003218401757238, 30.163438487927202 ], [ -98.00326127567422, 30.163553350971739 ], [ -98.003310314327209, 30.163665720461747 ], [ -98.003315058099702, 30.163675158658481 ], [ -98.003365373449, 30.163775265816955 ], [ -98.003426291061388, 30.163881664765441 ], [ -98.003492887950699, 30.163984604291787 ], [ -98.003564968195136, 30.164083781558013 ], [ -98.003625858949732, 30.16415866211787 ], [ -98.003642319741417, 30.164178904794046 ], [ -98.003724715029009, 30.164269694156573 ], [ -98.003811911658914, 30.164355882551902 ], [ -98.003903653106804, 30.164437216422197 ], [ -98.003999669478546, 30.164513456491225 ], [ -98.004099678302964, 30.164584378467868 ], [ -98.004203385364207, 30.164649773706586 ], [ -98.00431048556554, 30.164709449820851 ], [ -98.004420663828824, 30.164763231249349 ], [ -98.004533596020352, 30.164810959772318 ], [ -98.004648949904052, 30.16485249497692 ], [ -98.004772139570562, 30.164926936493302 ], [ -98.004891716531617, 30.165007052556728 ], [ -98.005007419598826, 30.16509266817182 ], [ -98.005118996044288, 30.165183596330472 ], [ -98.005226202154859, 30.165279638420785 ], [ -98.005328803762964, 30.165380584660397 ], [ -98.005426576758609, 30.165486214555049 ], [ -98.005519307578311, 30.165596297379899 ], [ -98.00560679367274, 30.165710592683975 ], [ -98.005688843948249, 30.165828850814965 ], [ -98.005765279184857, 30.16595081346464 ], [ -98.005835932426351, 30.166076214233065 ], [ -98.005900649347197, 30.166204779210346 ], [ -98.005959288587547, 30.166336227575758 ], [ -98.006011722063377, 30.166470272209661 ], [ -98.006057835245727, 30.166606620321769 ], [ -98.006097527410461, 30.166744974090488 ], [ -98.006130711859072, 30.166885031313214 ], [ -98.006157316107689, 30.167026486066504 ], [ -98.006177282045329, 30.167169029374314 ], [ -98.006190566060994, 30.167312349882874 ], [ -98.006197139138337, 30.167456134541073 ], [ -98.006197106423485, 30.16748706918511 ], [ -98.006196986920457, 30.167600069283495 ], [ -98.006190109739521, 30.167743839717389 ], [ -98.00617652261711, 30.167887131808556 ], [ -98.006156255232085, 30.168029632567684 ], [ -98.006191493682934, 30.168201404672242 ], [ -98.006219936260734, 30.16837443190737 ], [ -98.006241538786099, 30.168548445513846 ], [ -98.006256267704345, 30.168723175200228 ], [ -98.006264100137514, 30.168898349562934 ], [ -98.006265023919525, 30.1690736965075 ], [ -98.006259037615237, 30.169248943671512 ], [ -98.006246150523452, 30.169423818847584 ], [ -98.006226382661282, 30.169598050406087 ], [ -98.006199764733623, 30.169771367716933 ], [ -98.006166338085336, 30.169943501570582 ], [ -98.006126154637656, 30.170114184595054 ], [ -98.006079276806418, 30.170283151672553 ], [ -98.006025777405796, 30.170450140350237 ], [ -98.005965739535412, 30.170614891248395 ], [ -98.005899256450533, 30.170777148463355 ], [ -98.00582643141793, 30.17093665996439 ], [ -98.005747377554968, 30.171093177986005 ], [ -98.005662217654404, 30.17124645941243 ], [ -98.005571083993289, 30.171396266154964 ], [ -98.00547411812687, 30.171542365522381 ], [ -98.005384686685147, 30.171546914862816 ], [ -98.005295906557023, 30.171558609651935 ], [ -98.005208347729805, 30.171577374806482 ], [ -98.005122572349947, 30.171603089850322 ], [ -98.005039131113747, 30.171635589687085 ], [ -98.00495855973233, 30.171674665661097 ], [ -98.004881375490911, 30.171720066895997 ], [ -98.004808073928842, 30.171771501906324 ], [ -98.004739125658418, 30.171828640468036 ], [ -98.004674973341594, 30.171891115739371 ], [ -98.004616028850563, 30.171958526615736 ], [ -98.004562670621553, 30.17203044030461 ], [ -98.004515241225832, 30.172106395104926 ], [ -98.004474045170355, 30.172185903370309 ], [ -98.004439346942704, 30.172268454640665 ], [ -98.004411369312308, 30.172353518919174 ], [ -98.004390291902553, 30.172440550074807 ], [ -98.004376250034454, 30.172528989348887 ], [ -98.004369333859827, 30.172618268942262 ], [ -98.004369587781767, 30.172707815660715 ], [ -98.0043770101706, 30.172797054595097 ], [ -98.004391553372599, 30.172885412812132 ], [ -98.004413124017262, 30.172972323033356 ], [ -98.004441583616895, 30.173057227276288 ], [ -98.004476749453929, 30.173139580437478 ], [ -98.004518395756932, 30.173218853791859 ], [ -98.004566255147125, 30.173294538387495 ], [ -98.00452389934064, 30.173381723254984 ], [ -98.004487412091947, 30.173471522453909 ], [ -98.004472095949524, 30.173517794659659 ], [ -98.004456953695197, 30.173563541481812 ], [ -98.004432657959242, 30.17365737608451 ], [ -98.004414631618943, 30.17375261403129 ], [ -98.004402953867029, 30.173848836926659 ], [ -98.00439767600588, 30.173945622047484 ], [ -98.004398821221869, 30.174042544201402 ], [ -98.00440638448427, 30.174139177593812 ], [ -98.004420332565445, 30.174235097698507 ], [ -98.004440604190108, 30.174329883122837 ], [ -98.004448272017825, 30.174356854462062 ], [ -98.004467110301576, 30.174423117459298 ], [ -98.004499734454114, 30.174514391114467 ], [ -98.004538333324788, 30.174603303108352 ], [ -98.004582737342005, 30.174689462836085 ], [ -98.004632751432482, 30.174772491784292 ], [ -98.00445570177628, 30.174828484036798 ], [ -98.004280615426268, 30.174890342609469 ], [ -98.004107686695264, 30.174957998850807 ], [ -98.003937107501997, 30.175031377674852 ], [ -98.003769067157535, 30.175110397644978 ], [ -98.00360375215584, 30.175194971063569 ], [ -98.003441345965058, 30.175285004069913 ], [ -98.003282028826078, 30.175380396744128 ], [ -98.003125977551846, 30.175481043218166 ], [ -98.00297336532924, 30.17558683179303 ], [ -98.002824361530443, 30.175697645063295 ], [ -98.002679131520992, 30.175813360046767 ], [ -98.002602617207842, 30.175869339401462 ], [ -98.002530296788393, 30.175930640993553 ], [ -98.002462539704311, 30.175996951669923 ], [ -98.002399692085419, 30.1760679326892 ], [ -98.002342074983176, 30.176143221451969 ], [ -98.002289982728598, 30.176222433353047 ], [ -98.002243681429661, 30.176305163746239 ], [ -98.002203407611702, 30.17639099001191 ], [ -98.002169367010097, 30.17647947371497 ], [ -98.002141733517149, 30.176570162845131 ], [ -98.002120648296369, 30.176662594126267 ], [ -98.002106219059087, 30.176756295382276 ], [ -98.002098519515826, 30.176850787949707 ], [ -98.002097588998879, 30.176945589122745 ], [ -98.002103432261947, 30.17704021461909 ], [ -98.002116019454931, 30.177134181053617 ], [ -98.002135286277451, 30.177227008408579 ], [ -98.002161134307414, 30.177318222484416 ], [ -98.002193431501951, 30.177407357323176 ], [ -98.00223201287443, 30.177493957588482 ], [ -98.002276681335744, 30.177577580891626 ], [ -98.0023272087018, 30.177657800051193 ], [ -98.002383336858188, 30.177734205275659 ], [ -98.002444779080221, 30.177806406256568 ], [ -98.002511221495681, 30.177874034162411 ], [ -98.002582324691033, 30.177936743522821 ], [ -98.002657725442376, 30.17799421399334 ], [ -98.002757611220389, 30.178172879736149 ], [ -98.002813275846435, 30.178279323390615 ], [ -98.002852467105114, 30.178354266001897 ], [ -98.002942219062902, 30.178538231222319 ], [ -98.003026797044711, 30.178724631816003 ], [ -98.003106135038365, 30.178913322300588 ], [ -98.003180171122537, 30.179104155407042 ], [ -98.003248847513319, 30.179296982193602 ], [ -98.00331211061021, 30.179491652162653 ], [ -98.003369911037339, 30.179688013378005 ], [ -98.003237388814995, 30.179743205749212 ], [ -98.003107743580969, 30.179804853543711 ], [ -98.002981289563593, 30.179872807342466 ], [ -98.002858333256086, 30.179946902442033 ], [ -98.002739172675206, 30.180026959254167 ], [ -98.002624096635884, 30.180112783740814 ], [ -98.002513384055007, 30.180204167884291 ], [ -98.002407303272079, 30.180300890192175 ], [ -98.002306111401651, 30.180402716233043 ], [ -98.00221005370723, 30.180509399205611 ], [ -98.002119363009726, 30.18062068053657 ], [ -98.002034259120578, 30.180736290507362 ], [ -98.001954948310953, 30.180855948907613 ], [ -98.001881622810956, 30.180979365714919 ], [ -98.001814460343269, 30.181106241797117 ], [ -98.001753623693475, 30.181236269637715 ], [ -98.001699260314908, 30.181369134081102 ], [ -98.001651501970457, 30.181504513096634 ], [ -98.001646031425395, 30.181664818764677 ], [ -98.001633959049826, 30.181824762791926 ], [ -98.001620327063506, 30.181941185909995 ], [ -98.001615305356623, 30.181984073412444 ], [ -98.001590102040623, 30.182142479936683 ], [ -98.001558391925983, 30.182299713211549 ], [ -98.001520228891735, 30.182455506076991 ], [ -98.00147567778231, 30.182609593820555 ], [ -98.001424814295632, 30.182761714627301 ], [ -98.001367724855868, 30.182911610023865 ], [ -98.001304506464336, 30.183059025318542 ], [ -98.001235266538529, 30.183203710033439 ], [ -98.001160122725594, 30.183345418330497 ], [ -98.001079202704474, 30.183483909428684 ], [ -98.000992643969198, 30.18361894801367 ], [ -98.000900593594054, 30.183750304637268 ], [ -98.000836726651229, 30.183872468569849 ], [ -98.000779237413397, 30.183997760230984 ], [ -98.000728278528626, 30.184125846939583 ], [ -98.00068398530594, 30.184256388592871 ], [ -98.000646475355111, 30.18438903857006 ], [ -98.000615848274435, 30.184523444651596 ], [ -98.00059218538631, 30.184659249955537 ], [ -98.000575549522182, 30.184796093884302 ], [ -98.000565984854305, 30.184933613082901 ], [ -98.000565336202001, 30.184969837022948 ], [ -98.00056351677928, 30.185071442402823 ], [ -98.000568151850274, 30.185209215872611 ], [ -98.000579877760046, 30.185346567668617 ], [ -98.000598663373751, 30.185483133087253 ], [ -98.000624458810222, 30.185618549512721 ], [ -98.000657195576451, 30.185752457380151 ], [ -98.000696786747866, 30.185884501130335 ], [ -98.000743127200266, 30.186014330153757 ], [ -98.000796093887502, 30.186141599721498 ], [ -98.000860086436461, 30.186188904398239 ], [ -98.000919788560097, 30.186241520319879 ], [ -98.000974760776387, 30.186299060168462 ], [ -98.00102459842266, 30.18636110037971 ], [ -98.001068934631405, 30.186427184260765 ], [ -98.001107443033817, 30.186496825352762 ], [ -98.001139840160803, 30.186569511011069 ], [ -98.001165887528842, 30.186644706179706 ], [ -98.001185393397563, 30.186721857329051 ], [ -98.001198214179396, 30.186800396531481 ], [ -98.001204255497782, 30.186879745641331 ], [ -98.00120347288096, 30.186959320551114 ], [ -98.001195872090051, 30.187038535491251 ], [ -98.001181509076261, 30.187116807341873 ], [ -98.001160489569131, 30.18719355992538 ], [ -98.001132968297924, 30.187268228248044 ], [ -98.001099147853822, 30.187340262658637 ], [ -98.001059277196589, 30.187409132894874 ], [ -98.001013649823705, 30.187474331986937 ], [ -98.000962601608705, 30.187535379988695 ], [ -98.000906508330104, 30.187591827511636 ], [ -98.00084578290317, 30.187643259032054 ], [ -98.000780872342347, 30.187689295950527 ], [ -98.000778005708398, 30.187869884932347 ], [ -98.000782042240516, 30.188050451552666 ], [ -98.000792976042192, 30.188230732028352 ], [ -98.00081079114041, 30.188410462994593 ], [ -98.000835461510164, 30.188589381889123 ], [ -98.000866951111206, 30.18876722733609 ], [ -98.000905213941323, 30.188943739527573 ], [ -98.000950194104277, 30.189118660603871 ], [ -98.00100182588956, 30.189291735029126 ], [ -98.001060033870971, 30.18946270996539 ], [ -98.001124733014251, 30.189631335641998 ], [ -98.001195828803162, 30.189797365720015 ], [ -98.001273217376053, 30.189960557652149 ], [ -98.00135678567915, 30.190120673037669 ], [ -98.001446411630482, 30.190277477969882 ], [ -98.001541964299307, 30.190430743378503 ], [ -98.001643304095992, 30.190580245363581 ], [ -98.00191951695038, 30.190792869668005 ], [ -98.002191567984255, 30.191010793670873 ], [ -98.002459355526796, 30.191233935930153 ], [ -98.002722779501639, 30.191462213054045 ], [ -98.002981741463216, 30.191695539731633 ], [ -98.003236144632481, 30.191933828764643 ], [ -98.003347562613769, 30.19204230837704 ], [ -98.003485893935178, 30.192176991100641 ], [ -98.003730896035989, 30.192424935865859 ], [ -98.003721623018322, 30.192586687206102 ], [ -98.003718838990736, 30.192748680212578 ], [ -98.003722548425145, 30.192910654670641 ], [ -98.003732745362285, 30.19307235039539 ], [ -98.003749413423037, 30.193233507649861 ], [ -98.003772525833114, 30.193393867562175 ], [ -98.003802045465847, 30.19355317254071 ], [ -98.003837924902982, 30.193711166689088 ], [ -98.003880106510834, 30.193867596216172 ], [ -98.003928522530856, 30.194022209844032 ], [ -98.003983095191614, 30.194174759211997 ], [ -98.00404373683061, 30.194324999275107 ], [ -98.004110350037749, 30.194472688697761 ], [ -98.004182827809828, 30.194617590242011 ], [ -98.004261053723553, 30.194759471147531 ], [ -98.004344902122014, 30.194898103506631 ], [ -98.004434238317288, 30.195033264629764 ], [ -98.004549009267407, 30.195144870453685 ], [ -98.004659039421412, 30.195261152851916 ], [ -98.004764138390286, 30.195381910616479 ], [ -98.004864124317095, 30.195506934795752 ], [ -98.00495882419257, 30.195636009055701 ], [ -98.005048074153649, 30.195768910054174 ], [ -98.005131719767874, 30.195905407827791 ], [ -98.00520961630005, 30.196045266189046 ], [ -98.005281628963132, 30.196188243135779 ], [ -98.005347633150748, 30.196334091269858 ], [ -98.005407514653157, 30.196482558224496 ], [ -98.005461169855494, 30.196633387101809 ], [ -98.005508505915856, 30.196786316916885 ], [ -98.005549440927041, 30.196941083049559 ], [ -98.005989303454712, 30.197117518249417 ], [ -98.006426872386399, 30.197299567288947 ], [ -98.006862076078036, 30.197487200360889 ], [ -98.007294843272618, 30.197680386743343 ], [ -98.007725103111341, 30.19787909480544 ], [ -98.008152785147047, 30.198083292012139 ], [ -98.008577819354031, 30.198292944929634 ], [ -98.009000136140088, 30.198508019230914 ], [ -98.009419666358298, 30.19872847970127 ], [ -98.009511325639707, 30.198790225324338 ], [ -98.009606605327122, 30.198846222887163 ], [ -98.009705145428441, 30.198896260815626 ], [ -98.00980657363273, 30.198940150053506 ], [ -98.009910506717688, 30.198977724775457 ], [ -98.010016551996159, 30.199008843014123 ], [ -98.010124308800684, 30.199033387196515 ], [ -98.010233369997934, 30.199051264588302 ], [ -98.010343323525234, 30.199062407643829 ], [ -98.010453753949065, 30.199066774261574 ], [ -98.010564244033816, 30.199064347943541 ], [ -98.010674376318605, 30.199055137856888 ], [ -98.010783734694385, 30.199039178799673 ], [ -98.010891905975924, 30.199016531069653 ], [ -98.010998481463574, 30.198987280235791 ], [ -98.011103058486668, 30.198951536815589 ], [ -98.011205241925452, 30.198909435857338 ], [ -98.011304645703987, 30.1988611364294 ], [ -98.011400894247444, 30.198806821020121 ], [ -98.011493623903974, 30.198746694847458 ], [ -98.011582484316193, 30.198680985083993 ], [ -98.011667139745512, 30.198609939998775 ], [ -98.011747270341459, 30.198533828019148 ], [ -98.011822573349363, 30.198452936716436 ], [ -98.011892764254213, 30.198367571719256 ], [ -98.011957577855981, 30.19827805555947 ], [ -98.012016769272122, 30.198184726452961 ], [ -98.012101353243366, 30.198126201271073 ], [ -98.012189743724917, 30.198073601195844 ], [ -98.012281526349838, 30.198027172811521 ], [ -98.01237627084997, 30.197987133770209 ], [ -98.012473533071514, 30.197953671771316 ], [ -98.012572857058203, 30.197926943681463 ], [ -98.012673777188411, 30.197907074799648 ], [ -98.012775820357604, 30.197894158269246 ], [ -98.012878508196565, 30.197888254641708 ], [ -98.01298135931485, 30.197889391592973 ], [ -98.013083891554786, 30.197897563792878 ], [ -98.013185624255399, 30.197912732930984 ], [ -98.013286080503022, 30.197934827895764 ], [ -98.01338478936772, 30.197963745108041 ], [ -98.013481288111294, 30.197999349006544 ], [ -98.013575124356876, 30.198041472683521 ], [ -98.013665858208455, 30.198089918666916 ], [ -98.013753064314031, 30.19814445984651 ], [ -98.013836333859743, 30.198204840538228 ], [ -98.01391527648471, 30.198270777682829 ], [ -98.013989522114088, 30.198341962173103 ], [ -98.014058722690663, 30.198418060302714 ], [ -98.014122553808619, 30.19849871533048 ], [ -98.014180716233554, 30.198583549153057 ], [ -98.014232937305081, 30.198672164077369 ], [ -98.014278972216019, 30.198764144684581 ], [ -98.014411920090708, 30.198835346658594 ], [ -98.014547830646805, 30.198900716217551 ], [ -98.014616782692471, 30.198930270424967 ], [ -98.014686448167836, 30.198960130368494 ], [ -98.014827511844572, 30.199013477323252 ], [ -98.014970756265114, 30.199060656709573 ], [ -98.015115911914123, 30.199101579758935 ], [ -98.015262705681295, 30.199136169474695 ], [ -98.015410861373041, 30.199164360776113 ], [ -98.015560100234154, 30.199186100621048 ], [ -98.015710141470606, 30.199201348105895 ], [ -98.01586070277979, 30.199210074542467 ], [ -98.016011500879486, 30.199212263512052 ], [ -98.016162252042832, 30.199207910896039 ], [ -98.016312672630619, 30.199197024883716 ], [ -98.016462479625844, 30.199179625957413 ], [ -98.016611391166094, 30.199155746853101 ], [ -98.016759127073783, 30.199125432499553 ], [ -98.016905409383369, 30.199088739933273 ], [ -98.017049962863851, 30.199045738191494 ], [ -98.017192515537047, 30.198996508182109 ], [ -98.017503125083806, 30.198956594425059 ], [ -98.01758432481239, 30.198944268139897 ], [ -98.017812741514064, 30.198909593737376 ], [ -98.018121203152162, 30.198855530661891 ], [ -98.018428348926548, 30.198794433429054 ], [ -98.018734018451525, 30.198726333942815 ], [ -98.018729710452234, 30.198607681657858 ], [ -98.018731793703267, 30.198488969469622 ], [ -98.018740262166503, 30.198370541395654 ], [ -98.018755091301571, 30.198252740630174 ], [ -98.018776238134876, 30.198135908549652 ], [ -98.018803641384679, 30.198020383723414 ], [ -98.018837221638833, 30.19790650093233 ], [ -98.018876881584404, 30.197794590198711 ], [ -98.018922506290494, 30.197684975830278 ], [ -98.018973963540759, 30.197577975479955 ], [ -98.019031104216523, 30.197473899225351 ], [ -98.019093762728986, 30.197373048670578 ], [ -98.019161757499262, 30.19727571607174 ], [ -98.019234891484146, 30.197182183490252 ], [ -98.019344099477181, 30.197166946679207 ], [ -98.019452127591236, 30.197144845260087 ], [ -98.019558544772906, 30.197115967421947 ], [ -98.019662926397459, 30.197080428392649 ], [ -98.01976485596181, 30.197038369979953 ], [ -98.019863926746851, 30.196989960005414 ], [ -98.019959743441348, 30.196935391633719 ], [ -98.020051923717929, 30.196874882603616 ], [ -98.020140099759558, 30.196808674357747 ], [ -98.02022391972659, 30.19673703107976 ], [ -98.020303049160745, 30.196660238640394 ], [ -98.020377172320934, 30.196578603456459 ], [ -98.020445993440916, 30.196492451267925 ], [ -98.020509237910957, 30.196402125838926 ], [ -98.020566653373862, 30.196307987585492 ], [ -98.020618010730132, 30.196210412137361 ], [ -98.020663105054425, 30.196109788839671 ], [ -98.020701756411384, 30.19600651919885 ], [ -98.020733810574896, 30.195901015280651 ], [ -98.020759139642166, 30.195793698066385 ], [ -98.020777642545653, 30.195684995772574 ], [ -98.020789245455077, 30.195575342142369 ], [ -98.021282616515578, 30.19480502888835 ], [ -98.021329639697115, 30.19494227834566 ], [ -98.021382960865324, 30.195077205904418 ], [ -98.021442465883339, 30.195209522743706 ], [ -98.021508027376171, 30.195338945631061 ], [ -98.02157950500623, 30.195465197528272 ], [ -98.021656745770201, 30.195588008185286 ], [ -98.021739584330035, 30.19570711471804 ], [ -98.021827843364036, 30.195822262171593 ], [ -98.021921333948313, 30.195933204065231 ], [ -98.022019855960295, 30.196039702921087 ], [ -98.02212319850733, 30.196141530771296 ], [ -98.022231140378352, 30.196238469646989 ], [ -98.022343450516502, 30.196330312044459 ], [ -98.02245988851503, 30.196416861369109 ], [ -98.022580205131348, 30.196497932356536 ], [ -98.022704142819407, 30.196573351469336 ], [ -98.022831436283226, 30.196642957267887 ], [ -98.022961813042883, 30.196706600756698 ], [ -98.023094994018692, 30.196764145702858 ], [ -98.023230694127889, 30.196815468927657 ], [ -98.023368622896541, 30.19686046057053 ], [ -98.024380739948555, 30.197158007954172 ], [ -98.025391118341261, 30.197461406826736 ], [ -98.026399724245223, 30.197770647029543 ], [ -98.027406523889795, 30.198085718208688 ], [ -98.027524559577245, 30.198115090008063 ], [ -98.027644061024532, 30.19813777326511 ], [ -98.027764649537346, 30.198153696097741 ], [ -98.027885942976624, 30.198162808047257 ], [ -98.028007556969428, 30.198165080238308 ], [ -98.028129106126201, 30.198160505470319 ], [ -98.028250205264115, 30.198149098240759 ], [ -98.028370470624992, 30.19813089469838 ], [ -98.028489521094656, 30.198105952529378 ], [ -98.028606979406817, 30.198074350774416 ], [ -98.02872247334237, 30.198036189577788 ], [ -98.028835636906223, 30.197991589870696 ], [ -98.028946111488509, 30.197940692987359 ], [ -98.02905354700043, 30.197883660217624 ], [ -98.029157602984128, 30.197820672295585 ], [ -98.029257949690859, 30.197751928827007 ], [ -98.029354269127168, 30.197677647656544 ], [ -98.029342353956707, 30.197576709309775 ], [ -98.029337438443406, 30.197475189071081 ], [ -98.029339546061962, 30.19737357175428 ], [ -98.029348666746912, 30.197272342636619 ], [ -98.02936475694176, 30.197171985141928 ], [ -98.029387739807689, 30.197072978531036 ], [ -98.029417505589194, 30.196975795613785 ], [ -98.029453912138351, 30.196880900491106 ], [ -98.029496785594404, 30.196788746338161 ], [ -98.029545921213483, 30.196699773240685 ], [ -98.029601084346439, 30.196614406093108 ], [ -98.029662011559921, 30.196533052569528 ], [ -98.029728411893373, 30.196456101176803 ], [ -98.029799968249677, 30.196383919399267 ], [ -98.029876338908466, 30.196316851943763 ], [ -98.029957159159082, 30.196255219093544 ], [ -98.030042043041178, 30.19619931517849 ], [ -98.03013058518826, 30.196149407170111 ], [ -98.030222362764306, 30.196105733405869 ], [ -98.030316937481729, 30.196068502451539 ], [ -98.030413857695336, 30.196037892104986 ], [ -98.030512660559069, 30.196014048547127 ], [ -98.030612874235985, 30.195997085643665 ], [ -98.030714020151933, 30.195987084401668 ], [ -98.030815615280574, 30.195984092582464 ], [ -98.030917174450337, 30.195988124473583 ], [ -98.03101821266182, 30.195999160820712 ], [ -98.031118247403001, 30.196017148919033 ], [ -98.031216800954198, 30.196042002865923 ], [ -98.03131340266917, 30.196073603970426 ], [ -98.031770108064563, 30.195993783660164 ], [ -98.032225602472124, 30.195907320115694 ], [ -98.032679789265032, 30.195814231679076 ], [ -98.033132572093635, 30.195714538097949 ], [ -98.033583854905814, 30.195608260520789 ], [ -98.034033541967929, 30.19549542149328 ], [ -98.034481537884616, 30.195376044952461 ], [ -98.034927747619662, 30.195250156222599 ], [ -98.035372076515401, 30.195117782009415 ], [ -98.035504664112764, 30.195045164588088 ], [ -98.035640275528237, 30.194978364102781 ], [ -98.035778655711425, 30.194917506188009 ], [ -98.035919544404123, 30.19486270530204 ], [ -98.036062676630877, 30.194814064511377 ], [ -98.036207783196417, 30.194771675297012 ], [ -98.036354591192051, 30.194735617382229 ], [ -98.036502824509867, 30.194705958582791 ], [ -98.03665220436028, 30.19468275467921 ], [ -98.036802449797975, 30.194666049312154 ], [ -98.036953278249598, 30.194655873900299 ], [ -98.037104406045415, 30.194652247581057 ], [ -98.03725554895253, 30.194655177174365 ], [ -98.037406422709495, 30.194664657170417 ], [ -98.037556743561311, 30.194680669740009 ], [ -98.037706228792601, 30.194703184767302 ], [ -98.037854597259823, 30.194732159907453 ], [ -98.038001569919928, 30.194767540665467 ], [ -98.038146870354623, 30.194809260499312 ], [ -98.038290225290922, 30.194857240944508 ], [ -98.038542420767598, 30.19481428380417 ], [ -98.03879341513337, 30.19476478933305 ], [ -98.039043038959207, 30.194708790941416 ], [ -98.039291123741322, 30.194646326430114 ], [ -98.03953750201498, 30.194577437964504 ], [ -98.03978200746667, 30.194502172046501 ], [ -98.040024475047844, 30.19442057948298 ], [ -98.04026474108521, 30.194332715351322 ], [ -98.04050264339169, 30.194238638962819 ], [ -98.04071151843813, 30.194149698937871 ], [ -98.040738021376072, 30.194138413821683 ], [ -98.040970716150227, 30.194032107583237 ], [ -98.041106599423102, 30.193992056748311 ], [ -98.041244318224216, 30.193958862396176 ], [ -98.041383526817711, 30.193932607859399 ], [ -98.041523875727592, 30.193913359048818 ], [ -98.041665012615056, 30.193901164287517 ], [ -98.041806583163407, 30.193896054189786 ], [ -98.041948231966558, 30.19389804158444 ], [ -98.04208960342288, 30.193907121482031 ], [ -98.04223034262661, 30.193923271087858 ], [ -98.042370096258864, 30.193946449859357 ], [ -98.042508513475639, 30.193976599607421 ], [ -98.042645246787458, 30.194013644642578 ], [ -98.042779952932577, 30.194057491965086 ], [ -98.042912293737785, 30.194108031498637 ], [ -98.043041936968692, 30.194165136366358 ], [ -98.043168557162375, 30.19422866320928 ], [ -98.043291836445164, 30.194298452546523 ], [ -98.043411465331346, 30.194374329175702 ], [ -98.043527143498196, 30.194456102612293 ], [ -98.043638580541725, 30.194543567568296 ], [ -98.043821993597675, 30.194610444614028 ], [ -98.044007658202148, 30.194670789813326 ], [ -98.044195341818991, 30.19472452758697 ], [ -98.044384809384141, 30.194771590631067 ], [ -98.044575823599033, 30.194811920001417 ], [ -98.044768145227707, 30.194845465187573 ], [ -98.044961533397114, 30.194872184175814 ], [ -98.045155745898214, 30.194892043502048 ], [ -98.045350539489306, 30.194905018293291 ], [ -98.045545670201406, 30.194911092299336 ], [ -98.045740893643199, 30.194910257912877 ], [ -98.045832428023715, 30.194912489006441 ], [ -98.045923563288383, 30.194921314208305 ], [ -98.046013825019713, 30.194936687577776 ], [ -98.046102743348044, 30.194958529086737 ], [ -98.046189855397259, 30.194986725036078 ], [ -98.046274707692902, 30.195021128648143 ], [ -98.046356858525527, 30.195061560830162 ], [ -98.046435880247415, 30.195107811106844 ], [ -98.046511361500592, 30.195159638716113 ], [ -98.046582909356687, 30.195216773862253 ], [ -98.046650151363707, 30.195278919120479 ], [ -98.046712737484341, 30.195345750985251 ], [ -98.046770341917679, 30.195416921554088 ], [ -98.046822664796593, 30.195492060339056 ], [ -98.046869433746807, 30.19557077619476 ], [ -98.046910405305823, 30.195652659355144 ], [ -98.046945366191352, 30.195737283566405 ], [ -98.046974134409197, 30.19582420830546 ], [ -98.046996560202871, 30.195912981073871 ], [ -98.047012526831594, 30.196003139752925 ], [ -98.047021951179175, 30.196094215009204 ], [ -98.047024784185268, 30.196185732738144 ], [ -98.04700857383969, 30.196266877911178 ], [ -98.046998917525841, 30.196349061060374 ], [ -98.046995877339981, 30.196431753694124 ], [ -98.046999472832795, 30.196514424044526 ], [ -98.047009680882709, 30.196596540486993 ], [ -98.047026435845424, 30.196677574958851 ], [ -98.047049629975263, 30.196757006355401 ], [ -98.04707911411893, 30.196834323880392 ], [ -98.047114698674093, 30.196909030331533 ], [ -98.047156154808476, 30.196980645297355 ], [ -98.047203215931972, 30.197048708246577 ], [ -98.047255579410844, 30.197112781489761 ], [ -98.047312908513504, 30.197172452993762 ], [ -98.04737483457599, 30.197227339031805 ], [ -98.047440959373461, 30.197277086650665 ], [ -98.04751085767974, 30.197321375940479 ], [ -98.047584080003091, 30.197359922091916 ], [ -98.047660155475398, 30.197392477227979 ], [ -98.04773859488219, 30.197418831997876 ], [ -98.047818893805825, 30.197438816923015 ], [ -98.047900535872174, 30.197452303487363 ], [ -98.047982996069067, 30.197459204963284 ], [ -98.048065744122866, 30.197459476969893 ], [ -98.048250651470397, 30.197448378421406 ], [ -98.048435057203733, 30.197430816227548 ], [ -98.048618735447434, 30.19740681189975 ], [ -98.048801461218957, 30.19737639484033 ], [ -98.048983010700951, 30.197339602306403 ], [ -98.049163161518095, 30.197296479364539 ], [ -98.049341693007648, 30.197247078834828 ], [ -98.049518386490064, 30.197191461227085 ], [ -98.049693025537707, 30.19712969466584 ], [ -98.049865396239099, 30.197061854807604 ], [ -98.050035287461114, 30.196988024748116 ], [ -98.050202491108024, 30.19690829491994 ], [ -98.050366802375621, 30.196822762982393 ], [ -98.050528020003128, 30.196731533701623 ], [ -98.0506859465182, 30.19663471882232 ], [ -98.050840388480466, 30.196532436930934 ], [ -98.050991156717458, 30.19642481331017 ], [ -98.051155909313081, 30.196357428763644 ], [ -98.05132272909222, 30.196295338054615 ], [ -98.05149144600324, 30.196238604476822 ], [ -98.051661888059783, 30.196187285862941 ], [ -98.05183388151822, 30.196141434525931 ], [ -98.05200725105253, 30.196101097205482 ], [ -98.05218181993429, 30.196066315020413 ], [ -98.052357410212196, 30.196037123426816 ], [ -98.052533842894249, 30.196013552181878 ], [ -98.052592851426439, 30.196055247833492 ], [ -98.052655483736061, 30.196091271825438 ], [ -98.052721196351911, 30.196121311571204 ], [ -98.05278941907433, 30.196145106410714 ], [ -98.052859559922524, 30.196162449871743 ], [ -98.052931010272005, 30.196173191462446 ], [ -98.05300315013578, 30.196177237975885 ], [ -98.053075353543662, 30.196174554299681 ], [ -98.05314699397394, 30.196165163720863 ], [ -98.053217449789969, 30.196149147722814 ], [ -98.053286109634683, 30.196126645279374 ], [ -98.053352377734257, 30.196097851648048 ], [ -98.053415679068806, 30.19606301667628 ], [ -98.053475464361924, 30.196022442633318 ], [ -98.053531214845478, 30.195976481586978 ], [ -98.053582446763642, 30.195925532349499 ], [ -98.053628715567569, 30.19587003701621 ], [ -98.053669619774581, 30.195810477129932 ], [ -98.053768141200266, 30.1957761958421 ], [ -98.053868763355354, 30.195748684755024 ], [ -98.053971021593711, 30.195728070907752 ], [ -98.054074443714185, 30.195714449489412 ], [ -98.054178552140655, 30.195707883400132 ], [ -98.054282866128375, 30.195708402960278 ], [ -98.054386903983655, 30.195716005770734 ], [ -98.054490185286923, 30.195730656723683 ], [ -98.054592233112814, 30.195752288165114 ], [ -98.054692576231673, 30.195780800206578 ], [ -98.054790751285708, 30.195816061187205 ], [ -98.054886304929298, 30.195857908281099 ], [ -98.054978795920263, 30.195906148249662 ], [ -98.055067797160461, 30.195960558333571 ], [ -98.055152897666176, 30.196020887281723 ], [ -98.055233704465422, 30.196086856510867 ], [ -98.055309844414609, 30.196158161392784 ], [ -98.055380965919099, 30.196234472660702 ], [ -98.055446740559177, 30.196315437929467 ], [ -98.055808381377261, 30.196230283376224 ], [ -98.056171579486644, 30.196152036890151 ], [ -98.056536202941956, 30.196080726897137 ], [ -98.056902119280124, 30.196016379303195 ], [ -98.057269195567713, 30.195959017484977 ], [ -98.057637298451098, 30.19590866228145 ], [ -98.057852118966636, 30.19597472857933 ], [ -98.058064787647069, 30.196047424122092 ], [ -98.058275099971837, 30.196126678999587 ], [ -98.058482853686428, 30.196212416993315 ], [ -98.058687848997351, 30.19630455565024 ], [ -98.058889888762963, 30.196403006362068 ], [ -98.059088778684711, 30.196507674449872 ], [ -98.059284327492634, 30.196618459255966 ], [ -98.059476347130442, 30.196735254239961 ], [ -98.059491013511376, 30.196744810311742 ], [ -98.05966465293514, 30.196857947081892 ], [ -98.059673097297633, 30.196863829991106 ], [ -98.059849063815889, 30.196986419789638 ], [ -98.060029402427006, 30.197120548812755 ], [ -98.060205495339758, 30.197260205161243 ], [ -98.060377173207655, 30.197405254529496 ], [ -98.060714487199363, 30.197626527031886 ], [ -98.0610551438876, 30.197842617915473 ], [ -98.06139906368216, 30.198053476693474 ], [ -98.061746166230094, 30.198259054100959 ], [ -98.061831082689096, 30.19820257579012 ], [ -98.061911853279057, 30.198140312506879 ], [ -98.061988084622186, 30.198072567492698 ], [ -98.062059405448451, 30.197999670686549 ], [ -98.062125468403735, 30.197921977118231 ], [ -98.062185951740929, 30.197839865179251 ], [ -98.062240560887915, 30.197753734779937 ], [ -98.062289029881441, 30.197664005401819 ], [ -98.062331122662158, 30.197571114054469 ], [ -98.062366634225754, 30.197475513147189 ], [ -98.062395391619788, 30.197377668285771 ], [ -98.062417254787164, 30.197278056004762 ], [ -98.062432117247369, 30.197177161446458 ], [ -98.062439906615424, 30.197075475998357 ], [ -98.062440584955425, 30.196973494899709 ], [ -98.062434148962808, 30.196871714829904 ], [ -98.062420629983549, 30.196770631489009 ], [ -98.062400093858614, 30.196670737183869 ], [ -98.062372640605773, 30.196572518430386 ], [ -98.062338403930497, 30.1964764535843 ], [ -98.062297550575906, 30.196383010510463 ], [ -98.06225027951028, 30.196292644305636 ], [ -98.062303756045708, 30.1961524851795 ], [ -98.062363820633905, 30.196015020399553 ], [ -98.062430338056842, 30.195880559427877 ], [ -98.062503158569882, 30.195749404964101 ], [ -98.062582118238765, 30.195621852264541 ], [ -98.062667039308991, 30.195498188477178 ], [ -98.062757730605099, 30.195378691994872 ], [ -98.062853987962015, 30.195263631829338 ], [ -98.062955594684695, 30.195153267005313 ], [ -98.063062322034696, 30.195047845976706 ], [ -98.063173929746384, 30.194947606068673 ], [ -98.06329016656754, 30.194852772942259 ], [ -98.063410770824902, 30.194763560086514 ], [ -98.063535471012614, 30.194680168338465 ], [ -98.063663986404407, 30.194602785430114 ], [ -98.063796027685811, 30.194531585567006 ], [ -98.063931297603617, 30.194466729034676 ], [ -98.064069491637468, 30.194408361838761 ], [ -98.064210298682795, 30.194356615376179 ], [ -98.06435340175419, 30.19431160613906 ], [ -98.064498478696464, 30.194273435452455 ], [ -98.064645202910953, 30.194242189246765 ], [ -98.064793244090581, 30.194217937863659 ], [ -98.064942268963989, 30.194200735898139 ], [ -98.065101037095076, 30.194140098799835 ], [ -98.065261875532471, 30.194085188198319 ], [ -98.065424577806283, 30.19403607458268 ], [ -98.065588935053739, 30.193992821000943 ], [ -98.065754736287658, 30.193955482977746 ], [ -98.065921768667081, 30.193924108444765 ], [ -98.066089817771115, 30.193898737677532 ], [ -98.066258667872717, 30.19387940324496 ], [ -98.066428102217529, 30.193866129966636 ], [ -98.066597903300817, 30.193858934881892 ], [ -98.066767853147127, 30.193857827226982 ], [ -98.066937733589668, 30.193862808423816 ], [ -98.067034860292054, 30.193774660187156 ], [ -98.06713648633648, 30.1936917394119 ], [ -98.067242330714549, 30.193614275384341 ], [ -98.067352100753013, 30.193542482302686 ], [ -98.06746549292366, 30.193476558683674 ], [ -98.067582193682924, 30.193416686814654 ], [ -98.067701880338063, 30.193363032248797 ], [ -98.067824221940825, 30.193315743347686 ], [ -98.067948880200873, 30.193274950871388 ], [ -98.068075510422219, 30.193240767616164 ], [ -98.068203762456221, 30.193213288102939 ], [ -98.06833328167022, 30.193192588316201 ], [ -98.068463709926419, 30.193178725493492 ], [ -98.06859468657494, 30.193171737967244 ], [ -98.068725849448057, 30.193171645058765 ], [ -98.068889825353381, 30.193261336007982 ], [ -98.069056897604398, 30.193345118027942 ], [ -98.069226853357065, 30.193422884383509 ], [ -98.069399476094134, 30.193494536003186 ], [ -98.069574545900437, 30.193559981605375 ], [ -98.069751839743603, 30.193619137815013 ], [ -98.069931131757514, 30.193671929269065 ], [ -98.070112193531088, 30.193718288713132 ], [ -98.070294794398293, 30.193758157087128 ], [ -98.070478701732199, 30.193791483600204 ], [ -98.070663681241612, 30.193818225795528 ], [ -98.070822450957266, 30.193857878435058 ], [ -98.07098261632332, 30.193891452381294 ], [ -98.071143944699173, 30.193918898867871 ], [ -98.071306201753501, 30.193940178028544 ], [ -98.071469151807577, 30.193955258955249 ], [ -98.071632558174443, 30.193964119742798 ], [ -98.071796183506365, 30.193966747520804 ], [ -98.07174257955937, 30.194064169915187 ], [ -98.071694974437008, 30.194164660006184 ], [ -98.071653542922704, 30.194267848841033 ], [ -98.071618437133509, 30.194373357559158 ], [ -98.071589785961294, 30.194480798782223 ], [ -98.071567694599977, 30.194589778036086 ], [ -98.071552244158255, 30.194699895200571 ], [ -98.071543491363528, 30.194810745976941 ], [ -98.071541468351271, 30.194921923373304 ], [ -98.071546182549127, 30.195033019198473 ], [ -98.071557616649216, 30.19514362556092 ], [ -98.071575728670567, 30.195253336365834 ], [ -98.071600452114382, 30.195361748806938 ], [ -98.071631696207703, 30.195468464844414 ], [ -98.071669346237186, 30.195573092667541 ], [ -98.071713263969428, 30.195675248131447 ], [ -98.071763288159076, 30.195774556169869 ], [ -98.071819235141007, 30.195870652170115 ], [ -98.071880899503952, 30.195963183312855 ], [ -98.071948054845549, 30.196051809867221 ], [ -98.072020454603035, 30.19613620643808 ], [ -98.072097832958235, 30.19621606316106 ], [ -98.072179905814281, 30.196291086839544 ], [ -98.072273966583907, 30.196371093099803 ], [ -98.072363578760459, 30.196456052430705 ], [ -98.072448481866545, 30.196545717879417 ], [ -98.072528429112296, 30.196639828813783 ], [ -98.072603188114044, 30.196738111679778 ], [ -98.072672541568323, 30.196840280796838 ], [ -98.072736287884098, 30.196946039188024 ], [ -98.072794241768705, 30.19705507944364 ], [ -98.072846234766885, 30.197167084614215 ], [ -98.072892115749099, 30.197281729132342 ], [ -98.072931751352769, 30.197398679758727 ], [ -98.072965026367882, 30.19751759655081 ], [ -98.072991844074068, 30.197638133850937 ], [ -98.073012126519089, 30.197759941291224 ], [ -98.073025814747822, 30.197882664811768 ], [ -98.073032868972803, 30.198005947689705 ], [ -98.073033268688633, 30.198129431576536 ], [ -98.073027012733917, 30.198252757539425 ], [ -98.073014119293163, 30.198375567104506 ], [ -98.072994625843421, 30.198497503298864 ], [ -98.072968589047264, 30.198618211688583 ], [ -98.072945814072924, 30.198751221681622 ], [ -98.072930062018173, 30.198885244927681 ], [ -98.072921376434422, 30.199019910878604 ], [ -98.072919781335685, 30.19915484720951 ], [ -98.072925281132257, 30.199289680847478 ], [ -98.072937860617785, 30.199424039004139 ], [ -98.072957485012751, 30.199557550205345 ], [ -98.072984100059699, 30.199689845318673 ], [ -98.073017632172949, 30.199820558573915 ], [ -98.073057988642773, 30.199949328574395 ], [ -98.073105057891752, 30.200075799296503 ], [ -98.073158709781993, 30.200199621073125 ], [ -98.073218795976871, 30.200320451561375 ], [ -98.073285150350102, 30.200437956688461 ], [ -98.073357589444186, 30.200551811575696 ], [ -98.073435912979761, 30.200661701436587 ], [ -98.073717045436496, 30.200690558690049 ], [ -98.073997443938552, 30.200725841537196 ], [ -98.074276961641218, 30.200767531500745 ], [ -98.074555452161874, 30.200815606747376 ], [ -98.074832769654435, 30.200870042100135 ], [ -98.075108768887773, 30.200930809051414 ], [ -98.075383305321822, 30.20099787577745 ], [ -98.075656235181484, 30.201071207155483 ], [ -98.075927415533471, 30.201150764781826 ], [ -98.076196704361209, 30.201236506992281 ], [ -98.076463960637582, 30.201328388883571 ], [ -98.076729044401134, 30.201426362337294 ], [ -98.076991816827373, 30.201530376044804 ], [ -98.077299437037155, 30.201695690428132 ], [ -98.077610217518085, 30.201854984280043 ], [ -98.077924040455471, 30.202008197212944 ], [ -98.078240786879761, 30.202155271144516 ], [ -98.078560336714318, 30.202296150319743 ], [ -98.078882568818941, 30.202430781331813 ], [ -98.079207361037234, 30.202559113142975 ], [ -98.079534590241508, 30.202681097103042 ], [ -98.07986413238126, 30.20279668696838 ], [ -98.080195862527859, 30.202905838919492 ], [ -98.080529654924575, 30.203008511577593 ], [ -98.080865383031778, 30.203104666019676 ], [ -98.081140133763711, 30.203135106633919 ], [ -98.081241309225277, 30.203148854958716 ], [ -98.081414048341301, 30.203172327595023 ], [ -98.081686959463525, 30.203216306169338 ], [ -98.081958700442911, 30.203267015495747 ], [ -98.082229105306496, 30.203324424602222 ], [ -98.082498008897005, 30.203388498424424 ], [ -98.082765246974475, 30.203459197827861 ], [ -98.083030656316055, 30.203536479630639 ], [ -98.083294074815996, 30.203620296631144 ], [ -98.083555341584599, 30.20371059763572 ], [ -98.083814297045649, 30.203807327490576 ], [ -98.084070783035628, 30.203910427115613 ], [ -98.084324642898594, 30.20401983353965 ], [ -98.084575721583136, 30.204135479940021 ], [ -98.084823865735913, 30.204257295682499 ], [ -98.08492049809513, 30.204295232827548 ], [ -98.085014412659589, 30.2043394718876 ], [ -98.085105198979733, 30.204389819517843 ], [ -98.085192460278833, 30.204446055676438 ], [ -98.085275815185085, 30.204507934585678 ], [ -98.085354899400059, 30.204575185806927 ], [ -98.085429367289791, 30.204647515421946 ], [ -98.085498893395993, 30.204724607317495 ], [ -98.085563173858418, 30.204806124567174 ], [ -98.085621927741897, 30.204891710903709 ], [ -98.085674898265395, 30.204980992276052 ], [ -98.085721853923957, 30.205073578484171 ], [ -98.085762589500433, 30.205169064884547 ], [ -98.085796926961208, 30.205267034158336 ], [ -98.085824716236374, 30.205367058135391 ], [ -98.085845835874338, 30.205468699665921 ], [ -98.085860193572842, 30.205571514530224 ], [ -98.08586772658181, 30.20567505338084 ], [ -98.085868401978843, 30.205778863706328 ], [ -98.085862216812018, 30.205882491808261 ], [ -98.085450910288969, 30.206583238545232 ], [ -98.085639198059496, 30.206507526956496 ], [ -98.085830045139303, 30.206438520280379 ], [ -98.08602321285241, 30.206376304817454 ], [ -98.086218459621023, 30.206320958375265 ], [ -98.086415541266476, 30.206272550170805 ], [ -98.086614211315933, 30.206231140744048 ], [ -98.086814221310192, 30.206196781882184 ], [ -98.087015321114393, 30.206169516554709 ], [ -98.087217259229774, 30.206149378860108 ], [ -98.087419783110377, 30.206136393982767 ], [ -98.087622639476947, 30.206130578161925 ], [ -98.087825574634593, 30.20613193867074 ], [ -98.088028334790181, 30.206140473807835 ], [ -98.088230666368915, 30.206156172899096 ], [ -98.088432316332373, 30.206179016310799 ], [ -98.088633032494641, 30.206208975475011 ], [ -98.088832563836789, 30.206246012924165 ], [ -98.089030660822928, 30.206290082338864 ], [ -98.089227075710369, 30.206341128605246 ], [ -98.089421562859627, 30.206399087884122 ], [ -98.089889994545089, 30.206460512492598 ], [ -98.090357602464351, 30.206527922140076 ], [ -98.090824310150694, 30.20660130580336 ], [ -98.091290041285404, 30.206680651482323 ], [ -98.091754719709328, 30.206765946201799 ], [ -98.092218269434838, 30.20685717601372 ], [ -98.092680614659372, 30.206954325999956 ], [ -98.093141679777744, 30.207057380273728 ], [ -98.093350950629031, 30.207163571087367 ], [ -98.093556950367628, 30.207275976094909 ], [ -98.093759494519205, 30.207394494636496 ], [ -98.093958401703233, 30.207519020577859 ], [ -98.094153493797293, 30.207649442404794 ], [ -98.094344596093904, 30.207785643323415 ], [ -98.094531537459588, 30.207927501364665 ], [ -98.09471415048661, 30.208074889493115 ], [ -98.094892271643189, 30.208227675721453 ], [ -98.095065741420456, 30.208385723228421 ], [ -98.095234404474411, 30.20854889048077 ], [ -98.095246770721687, 30.208613571540909 ], [ -98.095266054560227, 30.208676537382306 ], [ -98.095292030114464, 30.208737050473417 ], [ -98.095324393127825, 30.208794402012053 ], [ -98.095362764525433, 30.208847920228244 ], [ -98.095406694855612, 30.208896978252227 ], [ -98.095455669553203, 30.208941001457319 ], [ -98.095509114968181, 30.208979474191111 ], [ -98.095566405083133, 30.209011945814598 ], [ -98.095626868847773, 30.20903803598101 ], [ -98.095689798037569, 30.209057439091048 ], [ -98.095754455550448, 30.20906992787225 ], [ -98.095820084039488, 30.209075356040856 ], [ -98.095885914785612, 30.209073660015772 ], [ -98.095951176699344, 30.209064859662714 ], [ -98.096015105355136, 30.209049058062142 ], [ -98.096076951943644, 30.209026440301393 ], [ -98.096135992043358, 30.208997271306703 ], [ -98.096191534105358, 30.208961892740572 ], [ -98.096242927554982, 30.208920718999114 ], [ -98.096289570409411, 30.208874232358887 ], [ -98.096330916332093, 30.208822977327042 ], [ -98.096366481029932, 30.208767554264249 ], [ -98.096602437923423, 30.208853791559871 ], [ -98.096840309114384, 30.208934598881449 ], [ -98.096907955489485, 30.208955862899757 ], [ -98.097079969663753, 30.209009933785669 ], [ -98.097321293692502, 30.209079756703716 ], [ -98.097564154447852, 30.209144030961941 ], [ -98.097808424369688, 30.209202722800928 ], [ -98.098053975158294, 30.20925580139361 ], [ -98.098300677840555, 30.209303238860684 ], [ -98.09854840283846, 30.209345010286583 ], [ -98.098694005367122, 30.209310504767473 ], [ -98.098789257611244, 30.209292704155661 ], [ -98.098841094277333, 30.209283016957833 ], [ -98.098989331534199, 30.209262610028912 ], [ -98.099138376464865, 30.209249330879462 ], [ -98.099287886539173, 30.209243210027115 ], [ -98.099437518158439, 30.209244261538338 ], [ -98.09958692744452, 30.209252482996895 ], [ -98.099735771030225, 30.209267855508365 ], [ -98.099883706848757, 30.209290343744243 ], [ -98.100030394919173, 30.209319896022834 ], [ -98.100175498127854, 30.209356444428145 ], [ -98.100318683004062, 30.209399904965966 ], [ -98.10045962048568, 30.209450177756729 ], [ -98.100597986674472, 30.209507147265381 ], [ -98.1007334635825, 30.20957068256665 ], [ -98.100793706007394, 30.209644856967401 ], [ -98.100859337153352, 30.209714308707134 ], [ -98.100929987988863, 30.209778647271978 ], [ -98.101005261257598, 30.209837510898208 ], [ -98.101084733711858, 30.209890568606923 ], [ -98.101167958493861, 30.209937522064358 ], [ -98.101254467645774, 30.209978107260422 ], [ -98.101343774742887, 30.210012095991761 ], [ -98.101435377628476, 30.210039297146647 ], [ -98.101528761236793, 30.2100595577778 ], [ -98.101623400489387, 30.210072763963669 ], [ -98.101718763247618, 30.210078841448279 ], [ -98.101814313304729, 30.210077756059032 ], [ -98.10190951340067, 30.2100695138991 ], [ -98.102003828243411, 30.210054161312378 ], [ -98.102096727518244, 30.210031784623602 ], [ -98.102187688870188, 30.210002509652693 ], [ -98.102358819291851, 30.209985287471337 ], [ -98.102530482189792, 30.209974606914059 ], [ -98.102702427595332, 30.209970483533546 ], [ -98.102874405129114, 30.209972923334128 ], [ -98.103046164364926, 30.209981922762822 ], [ -98.103217455193956, 30.209997468715258 ], [ -98.103388028189983, 30.210019538553951 ], [ -98.10355763497185, 30.210048100141801 ], [ -98.103726028565589, 30.210083111888721 ], [ -98.103809164854397, 30.210079111503145 ], [ -98.103892353547195, 30.21008181095279 ], [ -98.103975055588279, 30.210091192745516 ], [ -98.104056735075659, 30.210107196088085 ], [ -98.10413686273337, 30.210129717280299 ], [ -98.104214919341075, 30.210158610386678 ], [ -98.104290399099128, 30.210193688182535 ], [ -98.10436281290481, 30.21023472336682 ], [ -98.104431691523573, 30.210281450035112 ], [ -98.104496588627484, 30.210333565402635 ], [ -98.104557083689215, 30.210390731766378 ], [ -98.104612784706021, 30.210452578693182 ], [ -98.10466333074001, 30.210518705420544 ], [ -98.104708394257287, 30.210588683453036 ], [ -98.104747683250636, 30.210662059338961 ], [ -98.104780943130336, 30.21073835760907 ], [ -98.104807958375332, 30.210817083857336 ], [ -98.104828553929508, 30.210897727944392 ], [ -98.104842596335132, 30.210979767303645 ], [ -98.104849994598851, 30.211062670327234 ], [ -98.104850700780489, 30.211145899810855 ], [ -98.104808898742206, 30.211235524483811 ], [ -98.104773565884841, 30.211327891044782 ], [ -98.10474488056461, 30.211422533238263 ], [ -98.104722987581695, 30.211518973321756 ], [ -98.104707997448529, 30.211616724476801 ], [ -98.104699985834458, 30.211715293267169 ], [ -98.104698993180676, 30.211814182129146 ], [ -98.10470502449823, 30.211912891883568 ], [ -98.104718049341642, 30.212010924254916 ], [ -98.104738001962843, 30.212107784387658 ], [ -98.104764781643922, 30.212202983342902 ], [ -98.104798253203299, 30.212296040567796 ], [ -98.104838247681442, 30.212386486320217 ], [ -98.104884563190097, 30.212473864040703 ], [ -98.104936965934471, 30.212557732656851 ], [ -98.104995191391865, 30.21263766880967 ], [ -98.105058945646448, 30.212713268990939 ], [ -98.105127906874628, 30.212784151579797 ], [ -98.10520172696819, 30.212849958769311 ], [ -98.105280033291891, 30.212910358372518 ], [ -98.105362430564867, 30.212965045499065 ], [ -98.105448502854983, 30.213013744095282 ], [ -98.105537815679682, 30.213056208335939 ], [ -98.105629918198431, 30.213092223866717 ], [ -98.105724345488255, 30.21312160888543 ], [ -98.105841106135841, 30.213199008670504 ], [ -98.105961580524593, 30.213270490816068 ], [ -98.106085468998316, 30.213335877524397 ], [ -98.106212463408369, 30.213395006158677 ], [ -98.106342247880562, 30.213447729647903 ], [ -98.106474499601191, 30.213493916852784 ], [ -98.10660888962019, 30.213533452891298 ], [ -98.106745083668201, 30.213566239425649 ], [ -98.106882742988915, 30.213592194905253 ], [ -98.107021525181736, 30.213611254771241 ], [ -98.10716108505305, 30.213623371615707 ], [ -98.10730107547414, 30.213628515300528 ], [ -98.107441148246764, 30.21362667303157 ], [ -98.107580954966679, 30.21361784939133 ], [ -98.107720147891655, 30.213602066326736 ], [ -98.107858380806803, 30.213579363095185 ], [ -98.10799530988433, 30.213549796166554 ], [ -98.108130594539901, 30.213513439082714 ], [ -98.108263898278736, 30.213470382275013 ], [ -98.108394889534395, 30.21342073283887 ], [ -98.108489143775145, 30.213353321427714 ], [ -98.108587077683055, 30.21329137701813 ], [ -98.10868837453036, 30.213235099944768 ], [ -98.10879270671208, 30.213184672213398 ], [ -98.108899736807089, 30.2131402569124 ], [ -98.109009118669462, 30.213101997685719 ], [ -98.109120498546702, 30.213070018267395 ], [ -98.109233516224677, 30.213044422082344 ], [ -98.109347806192758, 30.213025291911276 ], [ -98.10946299882518, 30.213012689623024 ], [ -98.109578721577165, 30.213006655974741 ], [ -98.109694600189229, 30.213007210479844 ], [ -98.109774717978553, 30.213156988365817 ], [ -98.109861093790656, 30.213303246679544 ], [ -98.10995357329837, 30.213445724101998 ], [ -98.110051991269415, 30.213584166069381 ], [ -98.110156171860027, 30.213718325227987 ], [ -98.110265928931554, 30.213847961876095 ], [ -98.11038106638135, 30.213972844392508 ], [ -98.110501378494035, 30.214092749650238 ], [ -98.110626650308518, 30.214207463414919 ], [ -98.110756658001932, 30.214316780728119 ], [ -98.110891169289914, 30.214420506272997 ], [ -98.111029943842027, 30.214518454723475 ], [ -98.111172733710418, 30.214610451075501 ], [ -98.111319283772801, 30.214696330959598 ], [ -98.111469332188719, 30.214775940934626 ], [ -98.111622610867713, 30.214849138761576 ], [ -98.111621748300337, 30.21493334724541 ], [ -98.111627696174395, 30.215017349837968 ], [ -98.111640415554263, 30.215100596640664 ], [ -98.111659823175884, 30.215182542702102 ], [ -98.111685791993011, 30.215262651586137 ], [ -98.111718152008621, 30.215340398883082 ], [ -98.11175669138666, 30.215415275642545 ], [ -98.111801157840176, 30.215486791705519 ], [ -98.111851260282791, 30.215554478912626 ], [ -98.11190667073339, 30.215617894169313 ], [ -98.111967026462636, 30.215676622345551 ], [ -98.112031932369746, 30.215730278994606 ], [ -98.11210096356713, 30.21577851286844 ], [ -98.112173668161176, 30.215821008218011 ], [ -98.112249570213109, 30.21585748685975 ], [ -98.112328172851633, 30.215887709996682 ], [ -98.112346638131058, 30.215893142888667 ], [ -98.112408961527024, 30.215911479781894 ], [ -98.11249140737992, 30.215928640613225 ], [ -98.112574970701786, 30.21593908015236 ], [ -98.112659104469927, 30.215942730059737 ], [ -98.112743257926752, 30.215939566442326 ], [ -98.112826880185963, 30.215929610009919 ], [ -98.112909423838545, 30.215912925939207 ], [ -98.113205657353873, 30.216066757713026 ], [ -98.113498987065768, 30.216226056772982 ], [ -98.113789312080939, 30.216390768326967 ], [ -98.114076532539571, 30.216560835721047 ], [ -98.114360549650002, 30.216736200459227 ], [ -98.114641265721971, 30.216916802223391 ], [ -98.114918584201533, 30.217102578894025 ], [ -98.115192409702132, 30.217293466571839 ], [ -98.115462648039809, 30.217489399599405 ], [ -98.115729206263467, 30.217690310584043 ], [ -98.116081465779388, 30.217875091903561 ], [ -98.116430906078051, 30.218065150790096 ], [ -98.116777448096457, 30.218260444241654 ], [ -98.117121013427308, 30.21846092807192 ], [ -98.11746152433669, 30.218666556920322 ], [ -98.117798903782059, 30.218877284261847 ], [ -98.118133075429313, 30.219093062418274 ], [ -98.118463963670351, 30.219313842568575 ], [ -98.118791493639307, 30.219539574759946 ], [ -98.118861694427409, 30.219602899715927 ], [ -98.118936319407581, 30.219660945500099 ], [ -98.119014972477189, 30.219713404010836 ], [ -98.119097236153209, 30.219759996803475 ], [ -98.119182673788188, 30.219800476567624 ], [ -98.119270831886411, 30.219834628440566 ], [ -98.119361242513435, 30.219862271147381 ], [ -98.119453425778119, 30.219883257963275 ], [ -98.119546892380285, 30.219897477492022 ], [ -98.119641146208181, 30.219904854257848 ], [ -98.119735686970898, 30.219905349105577 ], [ -98.119830012855445, 30.219898959408514 ], [ -98.119923623188711, 30.219885719082619 ], [ -98.120016021096006, 30.219865698406199 ], [ -98.120106716137684, 30.219839003647248 ], [ -98.120195226912855, 30.219805776499001 ], [ -98.120281083614984, 30.219766193328088 ], [ -98.120363830524525, 30.219720464238165 ], [ -98.120443028428923, 30.21966883195504 ], [ -98.120518256953105, 30.219611570537825 ], [ -98.120589116790867, 30.21954898392493 ], [ -98.12065523182504, 30.219481404320252 ], [ -98.120683128282195, 30.219393105272399 ], [ -98.120717500741875, 30.219307119993623 ], [ -98.120758159633908, 30.219223922706135 ], [ -98.120804880718453, 30.219143972256443 ], [ -98.120857406321363, 30.219067709583978 ], [ -98.120915446755134, 30.21899555528967 ], [ -98.120978681918075, 30.218927907315965 ], [ -98.121046763057521, 30.218865138752289 ], [ -98.121119314695534, 30.218807595777108 ], [ -98.121195936697873, 30.218755595749268 ], [ -98.121276206482548, 30.218709425457266 ], [ -98.121359681348238, 30.218669339537591 ], [ -98.121445900917919, 30.218635559070563 ], [ -98.121534389676754, 30.218608270360768 ], [ -98.121624659595597, 30.218587623909833 ], [ -98.121716212820871, 30.218573733586297 ], [ -98.121846674926914, 30.21857733814679 ], [ -98.121976834984082, 30.218586914865714 ], [ -98.122106419748604, 30.21860244363852 ], [ -98.122235157185187, 30.218623891865803 ], [ -98.122362777036486, 30.21865121452176 ], [ -98.122489011391849, 30.218684354248186 ], [ -98.122613595249433, 30.218723241475274 ], [ -98.122736267071588, 30.218767794567558 ], [ -98.122856769335172, 30.218817919995207 ], [ -98.122974849070843, 30.218873512530664 ], [ -98.123090258395706, 30.218934455469117 ], [ -98.123165938729173, 30.219059176183261 ], [ -98.123247241884897, 30.219180306551916 ], [ -98.123333997841314, 30.219297593266532 ], [ -98.123426025173771, 30.219410791055907 ], [ -98.123523131433075, 30.219519663199868 ], [ -98.123625113550574, 30.219623982024132 ], [ -98.123731758260263, 30.219723529376306 ], [ -98.123842842545471, 30.219818097081948 ], [ -98.123958134106132, 30.219907487380393 ], [ -98.124077391843159, 30.219991513337753 ], [ -98.124200366364164, 30.220069999238408 ], [ -98.124326800503468, 30.220142780951811 ], [ -98.124456429861084, 30.220209706276254 ], [ -98.124682318767853, 30.220330854351257 ], [ -98.124911099593675, 30.220446448416595 ], [ -98.125142635806185, 30.220556419487899 ], [ -98.125376789228923, 30.220660701936083 ], [ -98.125613420122605, 30.220759233527218 ], [ -98.125852387270001, 30.220851955459487 ], [ -98.125967347047819, 30.220782888432549 ], [ -98.125979757676475, 30.220776228972792 ], [ -98.126085520712294, 30.220719477157726 ], [ -98.1262066302302, 30.220661870826223 ], [ -98.126330390660726, 30.220610204971212 ], [ -98.126456510826301, 30.2205646011497 ], [ -98.126584693997756, 30.220525166656159 ], [ -98.126714638591935, 30.220491994270169 ], [ -98.126846038881339, 30.220465162038089 ], [ -98.126873302990802, 30.220460959933998 ], [ -98.126978585713729, 30.220444733089384 ], [ -98.127111967239642, 30.220430755488604 ], [ -98.127245869644952, 30.220423262121148 ], [ -98.127379977890854, 30.220422270617295 ], [ -98.127513976454182, 30.22042778330982 ], [ -98.127647550069611, 30.220439787228692 ], [ -98.12778038447091, 30.220458254131646 ], [ -98.127912167132536, 30.220483140570586 ], [ -98.128042588002089, 30.220514387994097 ], [ -98.128250179758822, 30.220547075241061 ], [ -98.128458670428188, 30.220573427363874 ], [ -98.128667866725479, 30.220593419932381 ], [ -98.12887757471168, 30.220607034412023 ], [ -98.129087599973474, 30.220614258181424 ], [ -98.129297747804017, 30.220615084543653 ], [ -98.129507823382127, 30.220609512732533 ], [ -98.12971763195344, 30.220597547913517 ], [ -98.129926979011984, 30.22057920117885 ], [ -98.130135670478467, 30.22055448953714 ], [ -98.130343512883044, 30.220523435897739 ], [ -98.130550313540951, 30.220486069049311 ], [ -98.130755880735023, 30.220442423633557 ], [ -98.130960023890466, 30.220392540112663 ], [ -98.131063996037156, 30.220378499623575 ], [ -98.131166776596814, 30.220357440203962 ], [ -98.13126789229851, 30.220329458825692 ], [ -98.131366877536394, 30.220294684333993 ], [ -98.131463276515973, 30.220253276854191 ], [ -98.131556645350713, 30.220205427054271 ], [ -98.131646554107064, 30.220151355267323 ], [ -98.131732588784359, 30.22009131047643 ], [ -98.131814353220761, 30.220025569168389 ], [ -98.131891470917111, 30.219954434060842 ], [ -98.131963586771533, 30.219878232708023 ], [ -98.132030368713544, 30.219797315992562 ], [ -98.132091509234158, 30.219712056509941 ], [ -98.13214672680057, 30.219622846852477 ], [ -98.132195767153902, 30.219530097801933 ], [ -98.132238404479168, 30.219434236437962 ], [ -98.132274442445123, 30.219335704171034 ], [ -98.13230371510879, 30.219234954710473 ], [ -98.132326087678635, 30.219132451975096 ], [ -98.132341457136334, 30.219028667957055 ], [ -98.132349752710411, 30.218924080548295 ], [ -98.132401718006832, 30.218799542777496 ], [ -98.132459927784041, 30.218677798495428 ], [ -98.132524232451473, 30.218559160566784 ], [ -98.132594466755862, 30.218443933873413 ], [ -98.132670450205438, 30.218332414530785 ], [ -98.132751987533993, 30.218224889127104 ], [ -98.132838869202502, 30.218121633986673 ], [ -98.13293087193837, 30.218022914459805 ], [ -98.133027759308106, 30.217928984241059 ], [ -98.133129282325342, 30.217840084717228 ], [ -98.133235180091106, 30.217756444346705 ], [ -98.13334518046392, 30.217678278073066 ], [ -98.133459000759103, 30.217605786771763 ], [ -98.133576348475714, 30.217539156734841 ], [ -98.133696922047136, 30.217478559191427 ], [ -98.133820411617393, 30.217424149868481 ], [ -98.133946499836483, 30.217376068589701 ], [ -98.134074862676613, 30.217334438916783 ], [ -98.134205170263897, 30.217299367831959 ], [ -98.134337087728255, 30.217270945462648 ], [ -98.134470276060156, 30.217249244850045 ], [ -98.134605954144263, 30.217210082439216 ], [ -98.134743443572319, 30.217177850559171 ], [ -98.134882390571448, 30.21715263214584 ], [ -98.135022437618005, 30.2171344920881 ], [ -98.135163224357825, 30.217123477062454 ], [ -98.135304388533953, 30.217119615411274 ], [ -98.135445566917326, 30.217122917071237 ], [ -98.135586396243397, 30.217133373546545 ], [ -98.135726514144736, 30.217150957931921 ], [ -98.135865560085335, 30.217175624981007 ], [ -98.136003176287147, 30.21720731122322 ], [ -98.136139008650815, 30.217245935127071 ], [ -98.136272707666748, 30.217291397309399 ], [ -98.136403929315406, 30.217343580792026 ], [ -98.136532335951173, 30.21740235130202 ], [ -98.136657597171634, 30.217467557617059 ], [ -98.136779390668508, 30.217539031955624 ], [ -98.136897403055528, 30.217616590407516 ], [ -98.137052225967977, 30.217656986941456 ], [ -98.137208562291292, 30.217691059924228 ], [ -98.13736615386064, 30.217718753089624 ], [ -98.137524740438266, 30.217740020706746 ], [ -98.1376840601433, 30.217754827655469 ], [ -98.137843849884177, 30.217763149484313 ], [ -98.138003845793307, 30.217764972451214 ], [ -98.138163783662577, 30.217760293545695 ], [ -98.138323399379374, 30.217749120494432 ], [ -98.138482429363606, 30.217731471747886 ], [ -98.138640611002273, 30.217707376450104 ], [ -98.138797683082885, 30.217676874390751 ], [ -98.138953386225936, 30.217640015939104 ], [ -98.13910746331149, 30.2175968619614 ], [ -98.139259659905917, 30.217547483719301 ], [ -98.139348569167282, 30.217514589098109 ], [ -98.139409724680334, 30.217491962753577 ], [ -98.139529402462429, 30.217504048517601 ], [ -98.139649571378897, 30.217509365343155 ], [ -98.139769848887838, 30.217507896304845 ], [ -98.139889852100154, 30.217499646079151 ], [ -98.140009199000573, 30.217484640929619 ], [ -98.140127509663643, 30.217462928623323 ], [ -98.140244407461097, 30.217434578278628 ], [ -98.140359520264639, 30.217399680145295 ], [ -98.140472481625849, 30.217358345317201 ], [ -98.140582931947094, 30.217310705378647 ], [ -98.140690519623121, 30.217256911985512 ], [ -98.140794902162014, 30.217197136382161 ], [ -98.140895747275124, 30.217131568857035 ], [ -98.140992733934567, 30.217060418136043 ], [ -98.1410855533952, 30.216983910718724 ], [ -98.141173910177898, 30.216902290156781 ], [ -98.141257523009884, 30.216815816279261 ], [ -98.14133612572013, 30.216724764364834 ], [ -98.141409468086948, 30.216629424266014 ], [ -98.141477316633441, 30.216530099486146 ], [ -98.141539455372637, 30.216427106213221 ], [ -98.141595686493787, 30.21632077231359 ], [ -98.141645830991735, 30.216211436287789 ], [ -98.141689729237882, 30.216099446193716 ], [ -98.141646498109068, 30.216010044118889 ], [ -98.141609795857505, 30.215917769494929 ], [ -98.141579811835939, 30.215823098380511 ], [ -98.141556700735663, 30.215726519197752 ], [ -98.141540581790835, 30.21562853021333 ], [ -98.141531538161004, 30.215529636966579 ], [ -98.141529616503973, 30.2154303496627 ], [ -98.141534826733846, 30.215331180539533 ], [ -98.141547141970094, 30.215232641225413 ], [ -98.141566498676539, 30.215135240099187 ], [ -98.141592796989187, 30.215039479667816 ], [ -98.141625901231293, 30.214945853973514 ], [ -98.141665640612828, 30.214854846045025 ], [ -98.141711810112668, 30.214766925406082 ], [ -98.141764171535414, 30.214682545652011 ], [ -98.141822454740549, 30.214602142110639 ], [ -98.141886359036675, 30.214526129595821 ], [ -98.141955554732036, 30.214454900267334 ], [ -98.142029684835478, 30.214388821607745 ], [ -98.142108366898697, 30.214328234526867 ], [ -98.142191194990033, 30.214273451602448 ], [ -98.14268219706814, 30.214163239380508 ], [ -98.143171743578833, 30.214046731918501 ], [ -98.143659753812585, 30.213923948424313 ], [ -98.144146147313705, 30.213794909140596 ], [ -98.144630843893026, 30.213659635341298 ], [ -98.145113763641049, 30.213518149328692 ], [ -98.145143042294507, 30.213445323462704 ], [ -98.145178170635475, 30.213375131967553 ], [ -98.145218913981594, 30.213308043771651 ], [ -98.145265000139688, 30.213244507070801 ], [ -98.145316121221441, 30.213184946334479 ], [ -98.145371935702869, 30.213129759470171 ], [ -98.145432070703578, 30.213079315164411 ], [ -98.145496124480459, 30.213033950420332 ], [ -98.145563669109066, 30.212993968306407 ], [ -98.145634253344639, 30.212959635930648 ], [ -98.145707405634852, 30.212931182657631 ], [ -98.145782637271552, 30.21290879857483 ], [ -98.145859445654565, 30.212892633223692 ], [ -98.145937317650947, 30.212882794600127 ], [ -98.145978584988171, 30.212880981005277 ], [ -98.146015733020874, 30.212879348432679 ], [ -98.146094167895072, 30.21288231774432 ], [ -98.146172098274135, 30.212891682698171 ], [ -98.146303525985289, 30.212923316128279 ], [ -98.146436422693014, 30.212948062488923 ], [ -98.146570427756686, 30.212965854626287 ], [ -98.146705177528744, 30.21297664425774 ], [ -98.146840306340906, 30.212980402104062 ], [ -98.146975447495691, 30.212977117967455 ], [ -98.147110234262328, 30.212966800759983 ], [ -98.147244300871776, 30.212949478479437 ], [ -98.147377283510082, 30.212925198132837 ], [ -98.147508821303035, 30.212894025609558 ], [ -98.14763855729916, 30.212856045502132 ], [ -98.147766139435461, 30.212811360876508 ], [ -98.147891221493822, 30.21276009299287 ], [ -98.148013464041057, 30.21270238097604 ], [ -98.148132535349234, 30.212638381438314 ], [ -98.14824811229596, 30.212568268054341 ], [ -98.148359881241817, 30.212492231090028 ], [ -98.148467538881178, 30.21241047688558 ], [ -98.148570793064778, 30.212323227296373 ], [ -98.148669363593186, 30.212230719090506 ], [ -98.148762982976962, 30.212133203305967 ], [ -98.148851397162574, 30.212030944570216 ], [ -98.148934366221468, 30.211924220381313 ], [ -98.149279587810184, 30.211714098570123 ], [ -98.149627889553585, 30.211509122921662 ], [ -98.149979194744049, 30.211309338578037 ], [ -98.150333426013205, 30.211114789538367 ], [ -98.150690505347839, 30.210925518648494 ], [ -98.151050354107426, 30.210741567592088 ], [ -98.151185227029359, 30.210823067480035 ], [ -98.151323444527932, 30.210898756713021 ], [ -98.151464756416601, 30.210968498286309 ], [ -98.151608906907512, 30.211032165961267 ], [ -98.151755635075148, 30.21108964449359 ], [ -98.151904675328169, 30.211140829841749 ], [ -98.152055757889897, 30.211185629355764 ], [ -98.152208609286546, 30.211223961944238 ], [ -98.152362952843973, 30.211255758221682 ], [ -98.152518509185313, 30.211280960633747 ], [ -98.152674996739336, 30.211299523561973 ], [ -98.152832132249273, 30.211311413405706 ], [ -98.152989631285422, 30.211316608643035 ], [ -98.153116042182532, 30.211343011676117 ], [ -98.153243654360821, 30.211362809833769 ], [ -98.153372122961059, 30.211375949613512 ], [ -98.153501100810203, 30.211382395506387 ], [ -98.153630239358378, 30.211382130092954 ], [ -98.153759189621866, 30.211375154090479 ], [ -98.153887603125824, 30.211361486351102 ], [ -98.154015132845544, 30.211341163810246 ], [ -98.154141434145089, 30.211314241387608 ], [ -98.154266165707639, 30.211280791838401 ], [ -98.154388990459111, 30.211240905556455 ], [ -98.154406729118406, 30.21123410713145 ], [ -98.154509576478091, 30.211194690330441 ], [ -98.154627597893068, 30.211142271052495 ], [ -98.154742735762895, 30.211083789380339 ], [ -98.154854678939671, 30.211019403354623 ], [ -98.154963124907624, 30.210949286972152 ], [ -98.155067780603076, 30.210873629715433 ], [ -98.155168363204339, 30.210792636040271 ], [ -98.155264600897098, 30.210706524824086 ], [ -98.155356233608842, 30.210615528773584 ], [ -98.155443013711647, 30.21051989379648 ], [ -98.155524706690841, 30.210419878336594 ], [ -98.15560109177963, 30.210315752675431 ], [ -98.155671962554635, 30.210207798202138 ], [ -98.155695735862594, 30.210128266037561 ], [ -98.155726030958348, 30.210050982517014 ], [ -98.155762638605992, 30.209976481406262 ], [ -98.155805305971683, 30.209905277254141 ], [ -98.15585373836899, 30.209837861838547 ], [ -98.155907601295198, 30.209774700770378 ], [ -98.155966522741465, 30.209716230277351 ], [ -98.156030095760883, 30.209662854191269 ], [ -98.156097881280829, 30.209614941159071 ], [ -98.156169411134414, 30.209572822096316 ], [ -98.156244191293709, 30.209536787902465 ], [ -98.156321705283048, 30.209507087450817 ], [ -98.15640141774486, 30.209483925870213 ], [ -98.156482778137502, 30.209467463128565 ], [ -98.156565224538184, 30.209457812926935 ], [ -98.156648187523146, 30.209455041915639 ], [ -98.156731094100891, 30.209459169232648 ], [ -98.156813371669401, 30.209470166372405 ], [ -98.156894451971212, 30.209487957382173 ], [ -98.15697377501769, 30.209512419386598 ], [ -98.159812771917828, 30.209037689147703 ], [ -98.160479226947771, 30.208733303672588 ], [ -98.161148548520146, 30.208435274383536 ], [ -98.161820676015566, 30.208143628272524 ], [ -98.162495548560955, 30.207858391753341 ], [ -98.162594703607652, 30.20776096878987 ], [ -98.162698511796762, 30.207668519793568 ], [ -98.162806723897731, 30.207581266723231 ], [ -98.162919080106178, 30.207499419063144 ], [ -98.163035310668562, 30.207423173319473 ], [ -98.163155136529355, 30.207352712549149 ], [ -98.163278270001157, 30.207288205919852 ], [ -98.16340441545519, 30.207229808304284 ], [ -98.163533270031479, 30.207177659908101 ], [ -98.163664524365913, 30.207131885933297 ], [ -98.163797863332462, 30.207092596277587 ], [ -98.16395359373476, 30.207214168059433 ], [ -98.164113466035928, 30.207330239174066 ], [ -98.164277286035471, 30.207440668626901 ], [ -98.164444854737553, 30.207545322276882 ], [ -98.164615968592301, 30.207644072998757 ], [ -98.16479041974371, 30.207736800837573 ], [ -98.16496799628203, 30.207823393154708 ], [ -98.165148482500868, 30.207903744764558 ], [ -98.165331659159079, 30.207977758061958 ], [ -98.165517303747848, 30.208045343141389 ], [ -98.165705190760519, 30.208106417905519 ], [ -98.165895091966192, 30.2081609081655 ], [ -98.166083893538499, 30.208284518715008 ], [ -98.166275934524634, 30.208403033951658 ], [ -98.166471077448406, 30.208516369033884 ], [ -98.166669182613319, 30.208624442828928 ], [ -98.166870108202502, 30.208727177970122 ], [ -98.16707371037964, 30.208824500912602 ], [ -98.167279843392166, 30.208916341986029 ], [ -98.167488359675971, 30.209002635444307 ], [ -98.167699109961461, 30.209083319512789 ], [ -98.167911943378527, 30.209158336432072 ], [ -98.168066971999806, 30.209069601335514 ], [ -98.168218779797243, 30.208975462164755 ], [ -98.168367178470959, 30.208876035687553 ], [ -98.168511983951319, 30.208771445230536 ], [ -98.168653016624276, 30.208661820525464 ], [ -98.168790101556226, 30.208547297548392 ], [ -98.168923068709617, 30.208428018351071 ], [ -98.169051753155202, 30.208304130885058 ], [ -98.169175995275651, 30.208175788817307 ], [ -98.169295640963441, 30.208043151340778 ], [ -98.169410541812809, 30.207906382976041 ], [ -98.169520555303436, 30.207765653367513 ], [ -98.169625544976881, 30.207621137073367 ], [ -98.169991694692399, 30.207558191942613 ], [ -98.170358902450644, 30.207501745810514 ], [ -98.170727052907026, 30.207451816407385 ], [ -98.171096030419704, 30.207408419416957 ], [ -98.171465719087806, 30.207371568470553 ], [ -98.17183600278733, 30.207341275143794 ], [ -98.172206765206496, 30.20731754895219 ], [ -98.172577889883797, 30.207300397348554 ], [ -98.172949260243911, 30.20728982572022 ], [ -98.173241219232992, 30.207250621974499 ], [ -98.173533996019302, 30.207218083713517 ], [ -98.17382743844837, 30.207192227847134 ], [ -98.173896578292684, 30.20718772136793 ], [ -98.174121394019906, 30.207173067812512 ], [ -98.174415709966951, 30.207160613567147 ], [ -98.174710233335531, 30.20715487158326 ], [ -98.175004811063204, 30.20715584484504 ], [ -98.175299290060039, 30.207163532846639 ], [ -98.175394018997892, 30.206984444504489 ], [ -98.175494961527974, 30.206808783434283 ], [ -98.175601993815022, 30.206636765134434 ], [ -98.175714984553593, 30.206468600634743 ], [ -98.175833795128014, 30.206304496237134 ], [ -98.175958279783359, 30.206144653262406 ], [ -98.17608828580326, 30.205989267803936 ], [ -98.176223653698443, 30.205838530486339 ], [ -98.176364217401186, 30.205692626232011 ], [ -98.176453382403338, 30.205616401433275 ], [ -98.176546838367827, 30.205545502912166 ], [ -98.176644267574716, 30.205480171700547 ], [ -98.17674533879682, 30.205420629902935 ], [ -98.176849708424896, 30.205367079942281 ], [ -98.176957021636653, 30.205319703870522 ], [ -98.177066913602033, 30.205278662750953 ], [ -98.177179010724828, 30.205244096109965 ], [ -98.177292931911225, 30.205216121462691 ], [ -98.177408289866392, 30.205194833914017 ], [ -98.177524692411538, 30.205180305834293 ], [ -98.177641743815613, 30.205172586614417 ], [ -98.177759046142597, 30.205171702497108 ], [ -98.177876200602896, 30.205177656488349 ], [ -98.177992808909593, 30.205190428346167 ], [ -98.17810847463312, 30.205209974650643 ], [ -98.178222804547516, 30.20523622895071 ], [ -98.178335409968284, 30.205269101990222 ], [ -98.178445908074522, 30.205308482011777 ], [ -98.178553923208725, 30.205354235136159 ], [ -98.178737443048576, 30.205442250611842 ], [ -98.178918034149547, 30.205536128776892 ], [ -98.179095509283684, 30.205635772303211 ], [ -98.179269684454241, 30.205741077885353 ], [ -98.179440379084653, 30.20585193634793 ], [ -98.179607416207617, 30.205968232758465 ], [ -98.179770622648078, 30.206089846546789 ], [ -98.179929829200915, 30.20621665162982 ], [ -98.180084870809267, 30.206348516542466 ], [ -98.180207044011183, 30.206362744601854 ], [ -98.180329833510953, 30.206369918701881 ], [ -98.180452832371145, 30.206370015067115 ], [ -98.180575632961123, 30.206363033378 ], [ -98.180697828307459, 30.206348996772686 ], [ -98.180819013441621, 30.20632795176979 ], [ -98.180938786743965, 30.206299968114752 ], [ -98.181056751273431, 30.206265138548122 ], [ -98.18117251608335, 30.206223578498872 ], [ -98.181285697517183, 30.206175425701169 ], [ -98.181395920479986, 30.206120839738272 ], [ -98.181502819681938, 30.206060001513762 ], [ -98.181606040847697, 30.205993112651786 ], [ -98.181705241891564, 30.205920394828883 ], [ -98.181800094051525, 30.20584208903945 ], [ -98.181890282977733, 30.205758454796864 ], [ -98.181975509774219, 30.205669769273587 ], [ -98.182055491991221, 30.205576326382559 ], [ -98.182129964559337, 30.205478435803137 ], [ -98.182198680668648, 30.205376421954853 ], [ -98.182201145088243, 30.205286853532041 ], [ -98.182210351145685, 30.205197725398133 ], [ -98.182226246502978, 30.205109544258722 ], [ -98.182248740793156, 30.205022811435327 ], [ -98.182277706132894, 30.204938020015828 ], [ -98.182312977850387, 30.204855652050632 ], [ -98.18235435542141, 30.204776175812917 ], [ -98.182401603608582, 30.204700043135752 ], [ -98.182454453799949, 30.204627686843537 ], [ -98.182512605534811, 30.204559518291603 ], [ -98.182575728212811, 30.204495925027313 ], [ -98.182643462973033, 30.204437268586879 ], [ -98.182715424734297, 30.204383882440158 ], [ -98.182791204384287, 30.204336070094527 ], [ -98.182870371105253, 30.204294103369527 ], [ -98.18295247482412, 30.204258220851695 ], [ -98.183037048770089, 30.204228626538033 ], [ -98.183123612129023, 30.204205488676124 ], [ -98.183211672776054, 30.204188938807746 ], [ -98.183300730075217, 30.204179071021329 ], [ -98.183390277723404, 30.204175941416324 ], [ -98.183479806630757, 30.204179567785118 ], [ -98.183568807812506, 30.204189929511294 ], [ -98.183656775285428, 30.204206967687103 ], [ -98.183743208942658, 30.204230585448123 ], [ -98.183827617397242, 30.204260648524201 ], [ -98.183979653857648, 30.204339449428225 ], [ -98.184128702215162, 30.204423765825876 ], [ -98.184274562468701, 30.204513484576552 ], [ -98.184417038894765, 30.204608485291011 ], [ -98.184555940311299, 30.204708640492068 ], [ -98.184691080332314, 30.204813815786057 ], [ -98.184822277620214, 30.204923870043054 ], [ -98.184949356126779, 30.205038655586275 ], [ -98.185072145331233, 30.205158018390481 ], [ -98.185190480468805, 30.20528179828781 ], [ -98.185304202750814, 30.205409829183971 ], [ -98.185413159578317, 30.205541939280117 ], [ -98.185517204747484, 30.205677951303649 ], [ -98.185516980640855, 30.205801475031048 ], [ -98.185523115265966, 30.205924846534266 ], [ -98.185535592357056, 30.20604773869686 ], [ -98.185554378831682, 30.206169825673275 ], [ -98.18557942487773, 30.206290783752923 ], [ -98.185610664086241, 30.206410292218163 ], [ -98.185648013627059, 30.206528034195557 ], [ -98.1856913744693, 30.20664369749484 ], [ -98.185740631642233, 30.20675697543788 ], [ -98.185795654541877, 30.20686756767066 ], [ -98.185856297276175, 30.20697518096074 ], [ -98.1859223990526, 30.207079529974028 ], [ -98.185993784604136, 30.207180338031705 ], [ -98.186070264653111, 30.207277337843735 ], [ -98.186151636415175, 30.20737027221735 ], [ -98.18628367206307, 30.207438563620077 ], [ -98.186418420759907, 30.207501332375962 ], [ -98.186555651633356, 30.207558470939546 ], [ -98.18669512955735, 30.207609881412147 ], [ -98.186836615556942, 30.207655475709476 ], [ -98.186979867215967, 30.207695175712018 ], [ -98.187124639093184, 30.207728913399521 ], [ -98.187270683142927, 30.207756630967584 ], [ -98.187417749139357, 30.207778280925734 ], [ -98.187565585106412, 30.207793826179987 ], [ -98.18771393774756, 30.207803240095881 ], [ -98.18786255288272, 30.207806506543886 ], [ -98.18801117588022, 30.20780361992767 ], [ -98.188122625418316, 30.207733428712533 ], [ -98.188237361974174, 30.207668750053603 ], [ -98.188355113103256, 30.207609737531651 ], [ -98.188475599203301, 30.207556531273337 ], [ -98.188598534176563, 30.207509257618099 ], [ -98.188723626111809, 30.207468028818401 ], [ -98.188850577975259, 30.207432942772819 ], [ -98.188979088316273, 30.207404082794003 ], [ -98.189108851984784, 30.207381517410809 ], [ -98.18923956085365, 30.207365300204977 ], [ -98.189370904551794, 30.207355469684941 ], [ -98.189502571200663, 30.207352049193158 ], [ -98.189634248154718, 30.207355046851863 ], [ -98.189765622744048, 30.207364455543125 ], [ -98.189896383016631, 30.207380252925635 ], [ -98.190026218479204, 30.207402401488185 ], [ -98.190154820834636, 30.207430848638509 ], [ -98.190281884713642, 30.207465526828138 ], [ -98.190413238567842, 30.207490656858727 ], [ -98.19054311026909, 30.207522573855307 ], [ -98.190671149387242, 30.207561191696854 ], [ -98.190797010437009, 30.207606406181643 ], [ -98.190920353809673, 30.207658095308378 ], [ -98.191040846691067, 30.207716119605248 ], [ -98.191158163956956, 30.207780322506633 ], [ -98.191271989053064, 30.207850530775051 ], [ -98.191382014847463, 30.207926554969017 ], [ -98.191487944459467, 30.208008189953922 ], [ -98.191589492061411, 30.208095215455803 ], [ -98.191686383649639, 30.208187396655521 ], [ -98.191778357783548, 30.208284484822457 ], [ -98.191865166291024, 30.208386217985431 ], [ -98.191946574938797, 30.208492321640115 ], [ -98.192022364063419, 30.208602509489275 ], [ -98.192092329164169, 30.208716484214925 ], [ -98.192156281456263, 30.208833938281565 ], [ -98.192214048378304, 30.20895455476548 ], [ -98.192292312723808, 30.209079128283054 ], [ -98.192327493762775, 30.209129907826902 ], [ -98.192376095923791, 30.209200059025303 ], [ -98.19246522870975, 30.209317102673253 ], [ -98.192559531004648, 30.209430022761044 ], [ -98.192658812287561, 30.209538591153869 ], [ -98.192728910987057, 30.209608647894132 ], [ -98.192762871978218, 30.209642588508643 ], [ -98.192871499842795, 30.209741804717442 ], [ -98.19298447641809, 30.209836039331353 ], [ -98.193101573455252, 30.209925101966473 ], [ -98.193222554380284, 30.210008812687505 ], [ -98.193347174773095, 30.210087002371832 ], [ -98.193413163541052, 30.21030328537811 ], [ -98.193484549228998, 30.210517847583358 ], [ -98.193561287039444, 30.210730554341144 ], [ -98.193643328816208, 30.210941272169499 ], [ -98.193730623074799, 30.211149868834749 ], [ -98.193823115034732, 30.211356213434172 ], [ -98.193906805758019, 30.211429909881257 ], [ -98.194029507471853, 30.211422341923917 ], [ -98.194018981118774, 30.211397853871091 ], [ -98.193989341342913, 30.211311807426309 ], [ -98.193966165798912, 30.211223799465781 ], [ -98.193949582175819, 30.211134314883726 ], [ -98.193939681844512, 30.211043846710378 ], [ -98.19393651935205, 30.210952893394886 ], [ -98.193940112122732, 30.210861956059393 ], [ -98.193950440361661, 30.210771535738367 ], [ -98.193967447163686, 30.210682130617485 ], [ -98.19399103882688, 30.210594233288877 ], [ -98.194021085369513, 30.210508328037236 ], [ -98.194057421244821, 30.210424888171932 ], [ -98.194099846254474, 30.210344373418419 ], [ -98.19414812665056, 30.210267227386204 ], [ -98.19420199642515, 30.210193875123938 ], [ -98.194261158772917, 30.210124720777937 ], [ -98.194325287729455, 30.210060145365496 ], [ -98.19439402996575, 30.210000504675637 ], [ -98.194467006735266, 30.209946127308349 ], [ -98.194543815960813, 30.209897312864808 ], [ -98.194624034448196, 30.209854330296263 ], [ -98.194707220221545, 30.209817416422194 ], [ -98.194792914954505, 30.209786774625552 ], [ -98.194880646498177, 30.209762573732565 ], [ -98.194969931480884, 30.209744947082022 ], [ -98.195422454191927, 30.209653871109747 ], [ -98.195875892352873, 30.209567468151945 ], [ -98.19633019770842, 30.209485747403775 ], [ -98.196785321911278, 30.209408717561931 ], [ -98.197241216527971, 30.209336386823907 ], [ -98.197348304362961, 30.209281078997993 ], [ -98.197458236566774, 30.209231665734766 ], [ -98.197570688973002, 30.209188292743125 ], [ -98.197685329983415, 30.209151087921136 ], [ -98.197801821546236, 30.209120160977577 ], [ -98.197919820152933, 30.20909560310945 ], [ -98.198038977850601, 30.209077486732529 ], [ -98.198158943269107, 30.209065865268308 ], [ -98.19827936265601, 30.209060772985932 ], [ -98.198399880920149, 30.209062224901444 ], [ -98.198520142679158, 30.20907021673337 ], [ -98.198639793306711, 30.20908472491567 ], [ -98.198758479979062, 30.209105706666772 ], [ -98.198875852714295, 30.209133100115743 ], [ -98.198991565405478, 30.2091668244856 ], [ -98.199046254796031, 30.209186041221404 ], [ -98.199732645041095, 30.20883146045464 ], [ -98.204910745463309, 30.20854799201523 ], [ -98.204258568538023, 30.20280307841961 ], [ -98.206632888848489, 30.197347585657962 ], [ -98.210771362441108, 30.194853256557582 ], [ -98.212529182881028, 30.193793711656681 ], [ -98.219886296058974, 30.191317876814804 ], [ -98.222724685247698, 30.189161764308366 ], [ -98.229965226804595, 30.190354507087633 ], [ -98.232016586638792, 30.189757985899064 ], [ -98.233134363703257, 30.187598625054093 ], [ -98.235262980872349, 30.186347611570771 ], [ -98.24162592101527, 30.185688300079118 ], [ -98.24451591124982, 30.184037946054833 ], [ -98.24453449905981, 30.181537932236392 ], [ -98.254131171098223, 30.180758056727139 ], [ -98.254137286870375, 30.179924882490695 ], [ -98.25509616893963, 30.179930193037094 ], [ -98.255108386878163, 30.178263513650236 ], [ -98.256068044465025, 30.178268821654942 ], [ -98.256104647653942, 30.173268913861666 ], [ -98.258022286487332, 30.173279500120184 ], [ -98.258040540261078, 30.170779445876665 ], [ -98.263800145861097, 30.16997770122066 ], [ -98.263842402314594, 30.164144401779964 ], [ -98.268636862753766, 30.164170544958523 ], [ -98.269607574008816, 30.162509225767494 ], [ -98.273449197370823, 30.161696644205165 ], [ -98.276349855767592, 30.158378895872836 ], [ -98.279220778059027, 30.159227519340423 ], [ -98.279238506703237, 30.156727612913588 ], [ -98.281155835814644, 30.156737869608449 ], [ -98.28137763034303, 30.156358119069644 ], [ -98.282126272617248, 30.155076290115417 ], [ -98.284044361833068, 30.155086509877687 ], [ -98.284064066283534, 30.152289148997664 ], [ -98.284079580504894, 30.150086547348248 ], [ -98.286961233358355, 30.149268440112984 ], [ -98.286967079289013, 30.14843508872692 ], [ -98.288885043668486, 30.148445239511545 ], [ -98.287007995997769, 30.142601923669186 ], [ -98.287967318546052, 30.142607004292437 ], [ -98.287978993242476, 30.140940269192246 ], [ -98.290866168687131, 30.139288748319029 ], [ -98.290871982032115, 30.138455393424252 ], [ -98.292789758512825, 30.138465488586093 ], [ -98.292783960888613, 30.139298843560304 ], [ -98.294700962628013, 30.13930890731702 ], [ -98.294695180623435, 30.140142262092219 ], [ -98.297571498364064, 30.140157310757473 ], [ -98.297577256789964, 30.139323955863958 ], [ -98.298535758085649, 30.139328957006242 ], [ -98.298553008277167, 30.136829028029773 ], [ -98.302387710943918, 30.136848967940011 ], [ -98.303363321560681, 30.134353865261879 ], [ -98.305280231091913, 30.134363778290965 ], [ -98.305291621000023, 30.13269703621593 ], [ -98.309126169120859, 30.132716784080834 ], [ -98.309120505739088, 30.133550141662962 ], [ -98.310078953160129, 30.133555060575567 ], [ -98.311049485586338, 30.13189342610255 ], [ -98.312966349469292, 30.131903229619116 ], [ -98.312971981234327, 30.131069871329213 ], [ -98.313930405458322, 30.131074762806289 ], [ -98.31487759868871, 30.132746198923254 ], [ -98.320618683917004, 30.134442115170966 ], [ -98.321554895206447, 30.137780215617099 ], [ -98.324425611626296, 30.138628074071764 ], [ -98.325356454406943, 30.142799690099242 ], [ -98.327273525312563, 30.142809289708314 ], [ -98.330127957229948, 30.146156923021763 ], [ -98.333963017827841, 30.146175962830156 ], [ -98.333957557318968, 30.147009316949184 ], [ -98.33683328411, 30.147023522254731 ], [ -98.336827847087505, 30.147856876205747 ], [ -98.337786430721408, 30.147861597685761 ], [ -98.337791859885442, 30.147028243697623 ], [ -98.340668378649553, 30.147042370925234 ], [ -98.340673784142282, 30.146209016546269 ], [ -98.341632352414393, 30.14621371062854 ], [ -98.344487352985567, 30.14956100719046 ], [ -98.346404553190666, 30.149570334172154 ], [ -98.346409911789536, 30.148736980412391 ], [ -98.345451319501905, 30.148732320372954 ], [ -98.345467417284965, 30.146232422511201 ], [ -98.347390696256909, 30.145408356963326 ], [ -98.348359942072861, 30.143746292448895 ], [ -98.351235578539502, 30.143760189939204 ], [ -98.352210846413428, 30.141264881432139 ], [ -98.356045726506935, 30.14128329182082 ], [ -98.356051005631727, 30.14044993490419 ], [ -98.358926549893013, 30.140463668025685 ], [ -98.358931805358893, 30.139630310722747 ], [ -98.360849610429781, 30.139639435677232 ], [ -98.360844370685612, 30.140472793052002 ], [ -98.367554769023712, 30.140504506055425 ], [ -98.367570323144747, 30.138004404850761 ], [ -98.370451750484804, 30.137184701898551 ], [ -98.371420540843161, 30.135522465809103 ], [ -98.373337478712543, 30.13553140906588 ], [ -98.373342615790463, 30.134698049563788 ], [ -98.376218790464833, 30.13471141679506 ], [ -98.377167040548727, 30.136382576660456 ], [ -98.37620856337891, 30.13637813573223 ], [ -98.376203449709791, 30.13721149478468 ], [ -98.378115322818289, 30.138053563737916 ], [ -98.378110224528058, 30.13888694980297 ], [ -98.379069516277795, 30.138891380828142 ], [ -98.381965284910336, 30.135571322963408 ], [ -98.384841485414938, 30.135584505838207 ], [ -98.38483644255524, 30.136417865480684 ], [ -98.391546580536158, 30.136448381854031 ], [ -98.391551568391066, 30.135615021971471 ], [ -98.393469300563112, 30.135623681939972 ], [ -98.393474272616217, 30.134790321711964 ], [ -98.404977414894702, 30.134841693035007 ], [ -98.405926138923135, 30.136512650050655 ], [ -98.411678599992101, 30.136537929736377 ], [ -98.411673777086548, 30.137371290045806 ], [ -98.413590753241195, 30.137379659714405 ], [ -98.413585946922979, 30.138212854822822 ], [ -98.414544442974034, 30.138217029446562 ], [ -98.414549241436646, 30.1373838343054 ], [ -98.418383985836044, 30.137400467799132 ], [ -98.417411170375686, 30.13989626289057 ], [ -98.419323434260122, 30.140737910256249 ], [ -98.420263735256754, 30.144075345098962 ], [ -98.422180838539916, 30.144083592343495 ], [ -98.423129931610376, 30.145754421834205 ], [ -98.426960295006054, 30.146604195943951 ], [ -98.426932106047531, 30.151604199171832 ], [ -98.427890728920175, 30.1516082786863 ], [ -98.427886038221061, 30.152441634523488 ], [ -98.431721352866305, 30.15245788775136 ], [ -98.431716693535378, 30.153291243435412 ], [ -98.433639406123021, 30.152465975033738 ], [ -98.439387389375398, 30.15332342217383 ], [ -98.441290926751492, 30.155831325710551 ], [ -98.444167707882755, 30.155843240106325 ], [ -98.444163150446798, 30.156676595074458 ], [ -98.44608049331066, 30.156684501726968 ], [ -98.446085035026115, 30.155851146696751 ], [ -98.448007679358838, 30.15502567383755 ], [ -98.448016730218754, 30.153359099736004 ], [ -98.449934010800263, 30.153366951488909 ], [ -98.449938520773017, 30.152533595209587 ], [ -98.451856576882051, 30.152541422803353 ], [ -98.451852082635085, 30.153374779144187 ], [ -98.453769363807169, 30.153382576245985 ], [ -98.453764885058362, 30.154215959865137 ], [ -98.457600270686854, 30.154231475419689 ], [ -98.458550041604482, 30.155901883145223 ], [ -98.460692266025674, 30.155910486377245 ], [ -98.463344156506594, 30.155921089205535 ], [ -98.464289644107353, 30.158425002773914 ], [ -98.466203435651281, 30.159265980595453 ], [ -98.466194682632349, 30.160932524409031 ], [ -98.465235970324997, 30.160928717810329 ], [ -98.4652140457721, 30.165095347225037 ], [ -98.46904905265059, 30.165110533233907 ], [ -98.469995557371831, 30.167614400461691 ], [ -98.470954332926993, 30.167618173139576 ], [ -98.47094565623911, 30.169284876571226 ], [ -98.472863239010792, 30.16929240155282 ], [ -98.473813401416535, 30.170962718778824 ], [ -98.475731807155, 30.170970205973802 ], [ -98.475727507880777, 30.171803556841155 ], [ -98.482440007486133, 30.171829539264319 ], [ -98.482435763186913, 30.172662890050834 ], [ -98.484354201649992, 30.172670254328263 ], [ -98.48436688630764, 30.17017036592777 ], [ -98.486284486767815, 30.170177699664965 ], [ -98.486288699541646, 30.169344320410637 ], [ -98.489165868244527, 30.169355272700287 ], [ -98.489161679064566, 30.170188652040629 ], [ -98.490120479604755, 30.170192288163765 ], [ -98.490124660922149, 30.169358908794813 ], [ -98.49491941641881, 30.169376989771486 ], [ -98.495869942121601, 30.171047151182947 ], [ -98.496829542096066, 30.171050742469014 ], [ -98.49972237849903, 30.167728194755114 ], [ -98.505471781546376, 30.168582813404772 ], [ -98.508352962350486, 30.167760002597106 ], [ -98.508348930712927, 30.168593355569858 ], [ -98.510267294180807, 30.168600350465834 ], [ -98.510263278207844, 30.169433703209155 ], [ -98.516016835211872, 30.169454518291968 ], [ -98.517954189200452, 30.16529460590041 ], [ -98.523707513430097, 30.165315092209465 ], [ -98.523711418225588, 30.16448190265567 ], [ -98.526588453146871, 30.164492054881091 ], [ -98.526584571937548, 30.165325244514602 ], [ -98.527543327883222, 30.165328614021568 ], [ -98.528514472734116, 30.162832079583811 ], [ -98.531390670393492, 30.162842126373818 ], [ -98.53140603927865, 30.159508839755208 ], [ -98.533324232822537, 30.159515505995842 ], [ -98.534294390024343, 30.157018728712998 ], [ -98.538129892758747, 30.157031948801951 ], [ -98.538133679757166, 30.156198591040159 ], [ -98.549631923180186, 30.157904308234233 ], [ -98.549624537432493, 30.15957105045949 ], [ -98.551539056871803, 30.160410648994525 ], [ -98.551528024861753, 30.162910745768624 ], [ -98.552486758834348, 30.162913937566096 ], [ -98.555388480757799, 30.157090082335326 ], [ -98.559223988855067, 30.15710270114819 ], [ -98.559231216886673, 30.155435984230262 ], [ -98.563066663036807, 30.155448493517266 ], [ -98.563073827347296, 30.153781912767844 ], [ -98.562115179184261, 30.153778796388039 ], [ -98.562133129825924, 30.149611968495908 ], [ -98.564053921116994, 30.148784998200888 ], [ -98.564057495267917, 30.147951636951884 ], [ -98.566934066159007, 30.147960926655237 ], [ -98.567899744958964, 30.146297257679326 ], [ -98.570776269381213, 30.146306465242386 ], [ -98.570779788332715, 30.145473102984713 ], [ -98.573655498792093, 30.145482246469673 ], [ -98.573658994110289, 30.144648883860754 ], [ -98.575421300900047, 30.144824733063707 ], [ -98.582284215049839, 30.145509313041931 ], [ -98.583250409421765, 30.143845727204372 ], [ -98.585164119447398, 30.144684850177196 ], [ -98.585160718451121, 30.145518213068993 ], [ -98.588037222354529, 30.14552705159663 ], [ -98.588040599768405, 30.144693688635421 ], [ -98.588999163021896, 30.144696620316292 ], [ -98.589957726330425, 30.144699545167697 ], [ -98.589954364633471, 30.14553290817506 ], [ -98.592830869365699, 30.145541644214784 ], [ -98.593796100550733, 30.143877980278564 ], [ -98.599548226608675, 30.143895224245558 ], [ -98.599558075526915, 30.141395104533753 ], [ -98.601479198507462, 30.1405674346267 ], [ -98.60244424167729, 30.138903512842976 ], [ -98.60627584128639, 30.139748183286134 ], [ -98.606272613528944, 30.140581548348354 ], [ -98.609151392844566, 30.13975656809691 ], [ -98.60914818866064, 30.140589933225158 ], [ -98.610106713809515, 30.140592714525688 ], [ -98.610109910135691, 30.139759349375659 ], [ -98.61298625317923, 30.139767654511605 ], [ -98.612992597992246, 30.138101060738613 ], [ -98.614913549328307, 30.137273197907064 ], [ -98.614916706145095, 30.136439831537267 ], [ -98.617792164824664, 30.13644803166892 ], [ -98.617795298018351, 30.135614664957174 ], [ -98.619713045837941, 30.135620099759706 ], [ -98.619716163362412, 30.134786705229672 ], [ -98.62163310484776, 30.134792110427295 ], [ -98.621636206504732, 30.133958743076054 ], [ -98.623487169116416, 30.133963936310725 ], [ -98.62547084946786, 30.133969473642505 ], [ -98.626414000201393, 30.138139000665362 ], [ -98.6292902986971, 30.138146957225391 ], [ -98.629287260261506, 30.138980158367435 ], [ -98.630245770768113, 30.138982796184681 ], [ -98.630248801347676, 30.138149595021812 ], [ -98.633128107991752, 30.137324103100976 ], [ -98.633131115493626, 30.136490736330632 ], [ -98.63600657704194, 30.136498547144374 ], [ -98.636003593112136, 30.137331913976052 ], [ -98.637921374274839, 30.13733708920952 ], [ -98.637918406017462, 30.138170455804399 ], [ -98.639835412252083, 30.138175601622635 ], [ -98.639838364794528, 30.137342234987287 ], [ -98.644631632776239, 30.137354982012774 ], [ -98.644646197821359, 30.133188281667561 ], [ -98.645604654109789, 30.133190810062764 ], [ -98.645598844331644, 30.134857381078046 ], [ -98.64751368967147, 30.135695814658977 ], [ -98.648466406189598, 30.137365057083613 ], [ -98.653259676309005, 30.137377496696161 ], [ -98.653253991789057, 30.139044065253334 ], [ -98.65421250349911, 30.139046532314325 ], [ -98.654218172305463, 30.13737996371831 ], [ -98.65613595527627, 30.13738487929697 ], [ -98.656138774169108, 30.136551512048715 ], [ -98.661890495358804, 30.13656609066291 ], [ -98.664750262781311, 30.141573351597604 ], [ -98.66858440638309, 30.14158285122469 ], [ -98.668581689381668, 30.142416217050958 ], [ -98.669541024129856, 30.142418576845742 ], [ -98.669543733266437, 30.141585211000827 ], [ -98.672422027086768, 30.140758877330057 ], [ -98.672438138827943, 30.135758811913085 ], [ -98.673396620014842, 30.135761142295539 ], [ -98.673401974764886, 30.134094378238 ], [ -98.676283469064586, 30.132434757420473 ], [ -98.676291429824715, 30.129934621185321 ], [ -98.678210920356463, 30.129105850058014 ], [ -98.678216195220244, 30.127439273887813 ], [ -98.679175388867037, 30.127441564996982 ], [ -98.679180648442411, 30.125774795199206 ], [ -98.681100036886619, 30.124945981479335 ], [ -98.681102650812321, 30.124112609606403 ], [ -98.684939510708503, 30.123288245415868 ], [ -98.685903023176891, 30.12162390643633 ], [ -98.690695555508455, 30.121635012282816 ], [ -98.690698090699954, 30.120801639136111 ], [ -98.691656431293239, 30.120803839434679 ], [ -98.691653903956336, 30.121637212598763 ], [ -98.695488468422525, 30.12164594823177 ], [ -98.697412606323269, 30.119150125617885 ], [ -98.6983713426565, 30.119152279000573 ], [ -98.698368870317012, 30.11998568033075 ], [ -98.701244249174337, 30.11999209763022 ], [ -98.703168625166867, 30.117496356956774 ], [ -98.706043933927504, 30.117502671657927 ], [ -98.706046343219697, 30.116669296872534 ], [ -98.707005056341259, 30.116671388717446 ], [ -98.707975325740478, 30.112506567153133 ], [ -98.709894608007957, 30.1116775040683 ], [ -98.709896985682008, 30.110844099810755 ], [ -98.711813891149532, 30.110848220902657 ], [ -98.711809167730053, 30.112514836719487 ], [ -98.716601273425638, 30.112525019580037 ], [ -98.716603595615382, 30.111691807973116 ], [ -98.718520485705568, 30.111695833410266 ], [ -98.718529713161104, 30.108362296668968 ], [ -98.724279847948011, 30.108374207969987 ], [ -98.724282107649003, 30.107540802388034 ], [ -98.727157167793408, 30.107546665832281 ], [ -98.727154931655505, 30.108380071460363 ], [ -98.729071759725741, 30.108383946520568 ], [ -98.729069539334375, 30.109217324409091 ], [ -98.732903258954025, 30.109224992694266 ], [ -98.733857128947179, 30.110893647412126 ], [ -98.745362274486652, 30.109249158807899 ], [ -98.747272905864165, 30.111752934738739 ], [ -98.748231573419829, 30.111754732730397 ], [ -98.748223319881703, 30.115088074482294 ], [ -98.749181607751794, 30.11508986493039 ], [ -98.749179551966819, 30.115923268447805 ], [ -98.750138227248044, 30.115925052787389 ], [ -98.751100603085249, 30.114260049726454 ], [ -98.75589279466115, 30.11426883262904 ], [ -98.756857464011773, 30.111770603328498 ], [ -98.758775954620575, 30.110940649351431 ], [ -98.75878188542886, 30.108440515165167 ], [ -98.759740490330771, 30.108442231068118 ], [ -98.759738521283083, 30.109275609415299 ], [ -98.766445442644553, 30.110120805159173 ], [ -98.767399871367004, 30.111789248828771 ], [ -98.772190081153255, 30.112630663437805 ], [ -98.773143147973755, 30.115132414465673 ], [ -98.775060136559659, 30.115135634124091 ], [ -98.775065667228702, 30.112635503351566 ], [ -98.777940842439278, 30.112640281105467 ], [ -98.780823234542012, 30.10931162313581 ], [ -98.78561343829557, 30.110152725462349 ], [ -98.785618709287263, 30.107652561889704 ], [ -98.79232740884359, 30.107663088451893 ], [ -98.792329110447199, 30.10682987412822 ], [ -98.794245943098176, 30.106832820346007 ], [ -98.79424762930212, 30.105999440735218 ], [ -98.798081231892766, 30.106005251117338 ], [ -98.799036141390999, 30.10767328041468 ], [ -98.799994739681281, 30.107674709400012 ], [ -98.800946433177003, 30.111009673454063 ], [ -98.801904683441322, 30.111011088262682 ], [ -98.801909553877977, 30.10851095241329 ], [ -98.802868191729559, 30.108512360963889 ], [ -98.802869807352181, 30.107678954294698 ], [ -98.806703473737102, 30.107684518895244 ], [ -98.806705057548172, 30.106851304402838 ], [ -98.807616567917606, 30.106852611388145 ], [ -98.807663268706193, 30.106852678184605 ], [ -98.807661692746066, 30.107685892687762 ], [ -98.81916228354477, 30.10770184831728 ], [ -98.819160801450053, 30.108535255166672 ], [ -98.821077666970879, 30.108537818957895 ], [ -98.822032977168789, 30.110205848283812 ], [ -98.822991599637419, 30.110207113354285 ], [ -98.822988698168786, 30.11187389773367 ], [ -98.824907061780806, 30.111043001140381 ], [ -98.824908496769041, 30.110209622544431 ], [ -98.826824982867592, 30.110212103884162 ], [ -98.826823563586089, 30.11104548249963 ], [ -98.828740444989421, 30.111047937032822 ], [ -98.828739041348527, 30.111881342894563 ], [ -98.830655970180445, 30.11188377016633 ], [ -98.830654582548092, 30.112716983283466 ], [ -98.834488440273276, 30.112721755861255 ], [ -98.835449404117924, 30.111056312596414 ], [ -98.837367618805359, 30.110225265470909 ], [ -98.837370284495947, 30.108558507217857 ], [ -98.840245378556844, 30.108561953113369 ], [ -98.840242759992265, 30.1102287114206 ], [ -98.842158332703931, 30.111064353461842 ], [ -98.842155745644732, 30.112730972680264 ], [ -98.845990866388235, 30.111902204153189 ], [ -98.845992128634904, 30.111068798127242 ], [ -98.850784176354097, 30.111074200060457 ], [ -98.850782953382804, 30.11190760612887 ], [ -98.852699883199136, 30.11190971921523 ], [ -98.852698676197818, 30.112742932536751 ], [ -98.853656943420802, 30.112743978618944 ], [ -98.853653345142988, 30.115244111952453 ], [ -98.854612015468334, 30.115245151641876 ], [ -98.854609632193799, 30.116911933349211 ], [ -98.855567938726224, 30.116912965814347 ], [ -98.85556557541797, 30.118576694467528 ], [ -98.855562019764804, 30.121079709100048 ], [ -98.853643749029061, 30.121911012165771 ], [ -98.853641350001851, 30.123577596987637 ], [ -98.858433987676293, 30.123582726343272 ], [ -98.858435147805579, 30.122749516525186 ], [ -98.859393888946599, 30.122750522128538 ], [ -98.860349961437095, 30.124418132388193 ], [ -98.861308749961196, 30.124419124375351 ], [ -98.861306476295269, 30.126085872669371 ], [ -98.863222141302629, 30.126921209086124 ], [ -98.863215414169105, 30.131921335804563 ], [ -98.865132689968078, 30.131923271645061 ], [ -98.867046728100604, 30.134425129919105 ], [ -98.870881405985031, 30.134428865089397 ], [ -98.870882464220898, 30.133595658754857 ], [ -98.872799771737462, 30.133597485320479 ], [ -98.872802899854349, 30.131097342141917 ], [ -98.873761340272722, 30.131098244977924 ], [ -98.873762375076254, 30.130264872525011 ], [ -98.878554333409596, 30.13110265744227 ], [ -98.878553337846029, 30.131936057152409 ], [ -98.87951219743664, 30.131936919385964 ], [ -98.879513185139842, 30.131103519669004 ], [ -98.8814290942355, 30.131938622624368 ], [ -98.881430066224922, 30.131105222894114 ], [ -98.887181880231537, 30.131110169662652 ], [ -98.88814582213142, 30.126110868090567 ], [ -98.887187428607788, 30.126110067739145 ], [ -98.887191127171533, 30.122776706784407 ], [ -98.889109171497452, 30.121944925636651 ], [ -98.889110989307497, 30.120278174192457 ], [ -98.892945134372525, 30.120281280447561 ], [ -98.89294337941611, 30.121948031940697 ], [ -98.894860088101495, 30.121949543798269 ], [ -98.89677971456176, 30.119450873414916 ], [ -98.899656762976932, 30.117786461044947 ], [ -98.899660874998631, 30.113619545724504 ], [ -98.908286939777327, 30.113625704373227 ], [ -98.908286188103759, 30.114459082531599 ], [ -98.90924485147994, 30.11445973281824 ], [ -98.910203135350088, 30.114460376018457 ], [ -98.910203871312433, 30.11362699784997 ], [ -98.915954729456018, 30.113630714394006 ], [ -98.915954040627085, 30.114464092591763 ], [ -98.916912324578959, 30.114464687990328 ], [ -98.917873680354205, 30.111131899825015 ], [ -98.919790842852194, 30.110299677137608 ], [ -98.919792157553474, 30.108632917713326 ], [ -98.920750797696854, 30.108633486009694 ], [ -98.920753395437984, 30.105300101383069 ], [ -98.922670803904737, 30.104467835970912 ], [ -98.923630245434993, 30.102801592765605 ], [ -98.925547004734995, 30.102802667585969 ], [ -98.925547614871434, 30.101969285546442 ], [ -98.928421906587914, 30.102804228467019 ], [ -98.928426012326312, 30.096970685937166 ], [ -98.933217398869033, 30.096973150775149 ], [ -98.935135642921466, 30.094474073751599 ], [ -98.936094118061234, 30.094474532669391 ], [ -98.936096212669625, 30.091140964469382 ], [ -98.938012849106045, 30.090308640574026 ], [ -98.938014880742173, 30.08697506699604 ], [ -98.940890230752217, 30.086142974342785 ], [ -98.941849200835279, 30.084476781875505 ], [ -98.948556413323203, 30.084479515338025 ], [ -98.948555991816221, 30.085312903092714 ], [ -98.950472390141599, 30.085313622648044 ], [ -98.950471984410186, 30.08614684514751 ], [ -98.953346447407583, 30.086147873220376 ], [ -98.953387773893709, 30.086219816946013 ], [ -98.954304095323337, 30.087814976548216 ], [ -98.958136638559168, 30.087816224383072 ], [ -98.95813629552589, 30.088649638596692 ], [ -98.960052429457519, 30.089483608058369 ], [ -98.961008972394865, 30.094484064999232 ], [ -98.961967068277076, 30.094484339392224 ], [ -98.961966444948771, 30.096151135786958 ], [ -98.961008333364305, 30.096150861389564 ], [ -98.960048828644616, 30.098650566365041 ], [ -98.961007374857928, 30.098650847717582 ], [ -98.962922733622008, 30.101151566109568 ], [ -98.965798000305568, 30.101152328101122 ], [ -98.965797720078513, 30.101985545544956 ], [ -98.967714053218373, 30.101986019263947 ], [ -98.967713788635521, 30.102819401435248 ], [ -98.970589102507148, 30.102820060990855 ], [ -98.970588861483137, 30.103653442897176 ], [ -98.975380563565679, 30.103654405455476 ], [ -98.976339133680995, 30.10198781335113 ], [ -98.980172590704257, 30.101988433174345 ], [ -98.981130138772272, 30.105322125671449 ], [ -98.983046775391145, 30.106155762066969 ], [ -98.983046219651641, 30.109489146310757 ], [ -98.984004868078117, 30.109489263738833 ], [ -98.98400473698851, 30.110322643496005 ], [ -98.989754914624754, 30.111156583935376 ], [ -98.993588454626391, 30.115323577215054 ], [ -98.999338999061194, 30.115323728407557 ], [ -98.999338993643249, 30.116157133765419 ], [ -99.000297673318016, 30.116157135060298 ], [ -99.000297670878226, 30.11532372970245 ], [ -99.007965211046042, 30.115323494179435 ], [ -99.007965145763563, 30.114490116049463 ], [ -99.009882094153298, 30.114489988865888 ], [ -99.010840200895842, 30.11282315796959 ], [ -99.012757044947875, 30.111989775855157 ], [ -99.012756835841373, 30.110322989651902 ], [ -99.016590471138485, 30.109489191617833 ], [ -99.016590335171941, 30.108655811589795 ], [ -99.021382273000015, 30.108655135106549 ], [ -99.021382097758107, 30.107821727313578 ], [ -99.023298920409815, 30.107821408905451 ], [ -99.023298729505143, 30.106988193335901 ], [ -99.02425694322838, 30.106988023922614 ], [ -99.024256346862458, 30.104487880613309 ], [ -99.025214948128919, 30.104487704299974 ], [ -99.025215154770208, 30.105321085672383 ], [ -99.031923710844623, 30.105319660554045 ], [ -99.031923449225872, 30.104486279192997 ], [ -99.035303203266153, 30.104485434441351 ], [ -99.043423722754184, 30.104483057611766 ], [ -99.044383003996231, 30.106982887998829 ], [ -99.045341597108745, 30.106982568235427 ], [ -99.045342340237653, 30.108649191506895 ], [ -99.053009810797448, 30.109479768061831 ], [ -99.053009376357707, 30.108646388107797 ], [ -99.056843083999311, 30.10864482242323 ], [ -99.057800365913693, 30.106977790815652 ], [ -99.059717172445573, 30.106976953356099 ], [ -99.060672899767852, 30.102809590552809 ], [ -99.064506387240229, 30.10280780641687 ], [ -99.06450585861613, 30.101974424336913 ], [ -99.065464436061674, 30.101973961128447 ], [ -99.065464972542259, 30.102807343204752 ], [ -99.070257209756093, 30.103638307101935 ], [ -99.069299752493251, 30.105305594742756 ], [ -99.069302592138541, 30.109472359437902 ], [ -99.070261240242587, 30.109471862040053 ], [ -99.070261816075046, 30.110305241660154 ], [ -99.075054445840635, 30.111136032187197 ], [ -99.07601394433344, 30.112802114361379 ], [ -99.079848462636278, 30.113633271418117 ], [ -99.080808063354326, 30.115299455252444 ], [ -99.083683729487532, 30.115297696807765 ], [ -99.084643408782796, 30.116963879687468 ], [ -99.088477429381243, 30.116961412271337 ], [ -99.089437202763023, 30.118627367364663 ], [ -99.091354977344139, 30.119459455527384 ], [ -99.091357223750379, 30.121959610949919 ], [ -99.092315578290396, 30.121958956633986 ], [ -99.09136021897406, 30.125292973515581 ], [ -99.093590882923749, 30.125291439978167 ], [ -99.09807012237188, 30.125288248889575 ], [ -99.099030131703415, 30.126954295041877 ], [ -99.099988912838114, 30.126953585777141 ], [ -99.099991371570638, 30.129453568645605 ], [ -99.10094979669401, 30.129452852815017 ], [ -99.100951451719254, 30.131119598332923 ], [ -99.101910303754039, 30.131118875350825 ], [ -99.101916151682587, 30.136952365921356 ], [ -99.100957244625477, 30.136953088943255 ], [ -99.100958072253576, 30.13778645935 ], [ -99.101916987170881, 30.137785736322442 ], [ -99.101917822673983, 30.138619106445969 ], [ -99.106711170998452, 30.138615389758279 ], [ -99.106712920491887, 30.14028199162092 ], [ -99.105753982061813, 30.140282748832178 ], [ -99.105767855175159, 30.153616376115558 ], [ -99.104809202237675, 30.153617126265651 ], [ -99.103852723972111, 30.156117825956105 ], [ -99.105770456693804, 30.156116332157747 ], [ -99.107685572310473, 30.153614854995777 ], [ -99.113438660087226, 30.153610127696567 ], [ -99.113439590187738, 30.154443492440006 ], [ -99.116315983442959, 30.154441036677316 ], [ -99.116315029758667, 30.153607671953328 ], [ -99.119191367650529, 30.153605154749393 ], [ -99.119192344918332, 30.154438519453723 ], [ -99.12111007735021, 30.154436807002231 ], [ -99.122070739475717, 30.15610253174615 ], [ -99.123029795390678, 30.156101658266245 ], [ -99.124950632653437, 30.158599981735353 ], [ -99.126861011910449, 30.158598194218776 ], [ -99.130703622042304, 30.15859451660884 ], [ -99.130704693788331, 30.15942790703793 ], [ -99.135500133317507, 30.160256527318399 ], [ -99.135504577477235, 30.163589837446345 ], [ -99.139343782979722, 30.166085837935345 ], [ -99.139344925620364, 30.166919198251708 ], [ -99.138386147483772, 30.166920187622818 ], [ -99.138387282318376, 30.167753575161321 ], [ -99.139346068317437, 30.167752585782562 ], [ -99.139356352944787, 30.175252703281512 ], [ -99.141274446160608, 30.175250703490619 ], [ -99.143196093692623, 30.177748581942037 ], [ -99.147990072270005, 30.176910038034169 ], [ -99.147988858859236, 30.176076846196331 ], [ -99.15086583184825, 30.176073651925428 ], [ -99.150864594623798, 30.175240294838385 ], [ -99.152782719013317, 30.175238130994966 ], [ -99.152781466037638, 30.17440474614126 ], [ -99.166206354950475, 30.173555477014556 ], [ -99.167162453696335, 30.171887573567847 ], [ -99.177710028965834, 30.17104086369547 ], [ -99.177711485997861, 30.171874056962285 ], [ -99.17962954622341, 30.171871510484969 ], [ -99.17963543871268, 30.175204968074919 ], [ -99.18155353011538, 30.175202394222492 ], [ -99.18156841972808, 30.18353567425271 ], [ -99.180609105497496, 30.183536964952307 ], [ -99.18061503079953, 30.186870406458407 ], [ -99.181574376502709, 30.186869115718302 ], [ -99.181577354717206, 30.188535655986527 ], [ -99.183497234400775, 30.189366406602002 ], [ -99.183498739451153, 30.190199758488252 ], [ -99.190212511284201, 30.19019043848887 ], [ -99.190207831012046, 30.187690382183813 ], [ -99.195962842815931, 30.187682126560887 ], [ -99.196925046479066, 30.189347431326745 ], [ -99.201719539789011, 30.188506977086092 ], [ -99.20172119428517, 30.189340329056183 ], [ -99.204598540826382, 30.189335986183352 ], [ -99.205554157791028, 30.187667820946587 ], [ -99.206513542332914, 30.187666352406577 ], [ -99.206511848893427, 30.186833164904559 ], [ -99.204591828885199, 30.186002714199212 ], [ -99.20458679501067, 30.183502654070178 ], [ -99.208423321264405, 30.183496767776727 ], [ -99.208421611839725, 30.182663386373594 ], [ -99.211302266678757, 30.184325635158977 ], [ -99.21130399970076, 30.185158988453846 ], [ -99.214660253940224, 30.184888519797422 ], [ -99.221852203709474, 30.184308659286014 ], [ -99.221850384191001, 30.183475305836915 ], [ -99.224726132014027, 30.182637150776728 ], [ -99.224716917327996, 30.178470515467342 ], [ -99.225675803341062, 30.178468911025963 ], [ -99.225673952569934, 30.17763555561908 ], [ -99.228552840954606, 30.178464056066463 ], [ -99.228550966588443, 30.177630700697708 ], [ -99.231428391730901, 30.177625783567855 ], [ -99.23143028969443, 30.17845913889796 ], [ -99.234307358397373, 30.178454160871528 ], [ -99.234309280050155, 30.179287543374318 ], [ -99.24006343214738, 30.179277402789374 ], [ -99.240065400959438, 30.180110757427911 ], [ -99.241983583170295, 30.180107322328272 ], [ -99.243909797995229, 30.18343713781217 ], [ -99.249666611504367, 30.184259939145498 ], [ -99.252552128456927, 30.187587843023312 ], [ -99.255429422910055, 30.1875824135548 ], [ -99.256393011613255, 30.189247292287941 ], [ -99.258310985942487, 30.189243625227867 ], [ -99.259276732648303, 30.191741860070618 ], [ -99.26119516541965, 30.191738151125005 ], [ -99.262158476127368, 30.193402821516138 ], [ -99.26503593473376, 30.193397186708395 ], [ -99.265999736074704, 30.195062020132511 ], [ -99.267918199638956, 30.19505821543704 ], [ -99.268883857953767, 30.197556348547238 ], [ -99.270802400161671, 30.197552502687298 ], [ -99.271765923489909, 30.199217127775388 ], [ -99.272725384329704, 30.199215187374154 ], [ -99.272732095794893, 30.201715228165401 ], [ -99.275609820893052, 30.201709367283183 ], [ -99.276582537822833, 30.20670736362036 ], [ -99.279460783974827, 30.206701419650869 ], [ -99.280426836363006, 30.209199292756985 ], [ -99.288101818747023, 30.209183087395871 ], [ -99.288104182227102, 30.210016430863245 ], [ -99.289063364871197, 30.210014374837474 ], [ -99.28907047922921, 30.21251443092957 ], [ -99.290991658744062, 30.21334363970395 ], [ -99.29100359516751, 30.217510209032177 ], [ -99.292922513387893, 30.217506047950106 ], [ -99.29387694458903, 30.215837275856941 ], [ -99.297717128267223, 30.216662185460507 ], [ -99.297719570807331, 30.217495526119833 ], [ -99.298104077730969, 30.217494675345907 ], [ -99.300597709804066, 30.217489131196441 ], [ -99.300600176078746, 30.218322499008327 ], [ -99.302516627225472, 30.217484833378393 ], [ -99.302514145329539, 30.21665149280296 ], [ -99.306351916538461, 30.216642815261665 ], [ -99.30635442992002, 30.217476155768768 ], [ -99.309232567813368, 30.217469576263845 ], [ -99.310196910330404, 30.219134077204927 ], [ -99.313080643263973, 30.220793928331556 ], [ -99.313101193628029, 30.227460521341712 ], [ -99.312141466788432, 30.227462749489039 ], [ -99.310229997690271, 30.229967220847168 ], [ -99.312151711229973, 30.230795956453964 ], [ -99.312156833914358, 30.232462626895451 ], [ -99.315040566312689, 30.234122620036672 ], [ -99.315043151422486, 30.234955954161634 ], [ -99.314083733759702, 30.234958195256187 ], [ -99.31409662015561, 30.239124724002547 ], [ -99.316980605025648, 30.240784643272679 ], [ -99.316985807038662, 30.242451168880965 ], [ -99.31794567542471, 30.242448906220687 ], [ -99.317953503038922, 30.244948898558615 ], [ -99.316993611022141, 30.244951161272173 ], [ -99.316993796502089, 30.245010577910197 ], [ -99.31699621252119, 30.245784518965518 ], [ -99.317956112415843, 30.24578225623419 ], [ -99.317961330608782, 30.247448750705406 ], [ -99.318920866199946, 30.247446481996871 ], [ -99.319901403953168, 30.254110721937334 ], [ -99.321823653894185, 30.2549394758578 ], [ -99.32183157743404, 30.257439289424767 ], [ -99.324716589117827, 30.259099056428525 ], [ -99.323764503872781, 30.261601368792142 ], [ -99.324724584826583, 30.26159905776068 ], [ -99.326651965868976, 30.264094223172837 ], [ -99.329531835697807, 30.26408720890101 ], [ -99.329529130924413, 30.263253885597411 ], [ -99.330488815626495, 30.263251534490948 ], [ -99.330491528277008, 30.264084857776023 ], [ -99.337210546978582, 30.264068205526431 ], [ -99.339138694156077, 30.266563381009178 ], [ -99.342018221384109, 30.266556100837089 ], [ -99.343926772178335, 30.263217895035883 ], [ -99.3468062041743, 30.26321051250482 ], [ -99.347760591582016, 30.261541555428074 ], [ -99.349680307765624, 30.2615365856132 ], [ -99.349677437592604, 30.26070323429833 ], [ -99.352556829519884, 30.260695728751347 ], [ -99.352559723326593, 30.261529080007392 ], [ -99.355439106787784, 30.261521512934308 ], [ -99.355450776065553, 30.26485463970786 ], [ -99.356410887026385, 30.26485210283877 ], [ -99.356413812587022, 30.265685452492985 ], [ -99.359293313639171, 30.265677803048106 ], [ -99.360258934630195, 30.267341883132744 ], [ -99.361219068992341, 30.267339311996778 ], [ -99.36217284592891, 30.265670091966239 ], [ -99.364092639456686, 30.26566491676348 ], [ -99.364089650866518, 30.264831567270356 ], [ -99.369848634588507, 30.264815878582006 ], [ -99.37079961418911, 30.262313271707775 ], [ -99.372716285203254, 30.261474815505849 ], [ -99.373669817921154, 30.259805482291085 ], [ -99.379428926774892, 30.259789382843056 ], [ -99.379432041017822, 30.260622706333315 ], [ -99.38230825881196, 30.259781241411783 ], [ -99.383274201027504, 30.261445188287198 ], [ -99.384234279023303, 30.261442453105602 ], [ -99.384231125235786, 30.26060910252918 ], [ -99.38711048013019, 30.260600858449195 ], [ -99.388063768075199, 30.258931450211954 ], [ -99.394785707292016, 30.259745249630082 ], [ -99.397652393937875, 30.2564036208571 ], [ -99.399572010354419, 30.256397939996134 ], [ -99.402438064285221, 30.253056040637336 ], [ -99.40819302376272, 30.252205386849383 ], [ -99.408189674402053, 30.251372225972222 ], [ -99.413948267502136, 30.25135465066953 ], [ -99.413944870273426, 30.250521324645948 ], [ -99.41586440622136, 30.250515411479952 ], [ -99.415860993295055, 30.249682085200956 ], [ -99.418740035654039, 30.24967316496609 ], [ -99.418743472207396, 30.250506491175113 ], [ -99.419703034082175, 30.250503504458827 ], [ -99.423524693516327, 30.246324825772774 ], [ -99.425444149571035, 30.246318776066534 ], [ -99.425440658861504, 30.245485613499035 ], [ -99.426400173092134, 30.245482579063019 ], [ -99.426403671674208, 30.24631574160674 ], [ -99.42927950711713, 30.245473432215679 ], [ -99.429286552284978, 30.247139921841384 ], [ -99.430246082031928, 30.247136860007853 ], [ -99.430263737197365, 30.251303518633485 ], [ -99.431223306259966, 30.251300449843445 ], [ -99.430281393112381, 30.255470004727375 ], [ -99.43220453720123, 30.256297182610329 ], [ -99.432215178649244, 30.258797014585706 ], [ -99.434134869965519, 30.25879084105593 ], [ -99.434131306807103, 30.257957518254326 ], [ -99.438930257150659, 30.257941965630511 ], [ -99.440839046268536, 30.255435864274315 ], [ -99.442758673506262, 30.255429567830692 ], [ -99.442755039688834, 30.254596244036971 ], [ -99.444674239223005, 30.254589921644129 ], [ -99.44467058971496, 30.253756597597352 ], [ -99.446590153295716, 30.253750246648028 ], [ -99.446586487972326, 30.252916894851609 ], [ -99.450104886869781, 30.253414017463754 ], [ -99.450272345264494, 30.253437675627794 ], [ -99.452348905929028, 30.253731029446705 ], [ -99.454257284686392, 30.251224733353883 ], [ -99.458092206764462, 30.250378407117722 ], [ -99.460956544470932, 30.247035252930374 ], [ -99.462875599942123, 30.247028671168913 ], [ -99.463824088959882, 30.244525526543416 ], [ -99.467651382883261, 30.242012269136712 ], [ -99.467647545147472, 30.241178913686142 ], [ -99.470526373250877, 30.241168886320366 ], [ -99.471478108017891, 30.239499039057002 ], [ -99.477236015961708, 30.239478757774112 ], [ -99.477224267533856, 30.236978743614639 ], [ -99.476264455284777, 30.236982141497499 ], [ -99.475293323240919, 30.234485706669265 ], [ -99.474333914452956, 30.234489089455217 ], [ -99.474318346075037, 30.231155738325239 ], [ -99.475277723374546, 30.231152355645506 ], [ -99.475266024886878, 30.228652497360667 ], [ -99.476225378508957, 30.228649107925612 ], [ -99.476201935392183, 30.223649246011544 ], [ -99.477161621648634, 30.223645848555389 ], [ -99.478093470222291, 30.217809237366353 ], [ -99.479053132896283, 30.217805826307686 ], [ -99.47992087153365, 30.214736978892702 ], [ -99.479996631781461, 30.214469035686971 ], [ -99.481911496900381, 30.213628816324764 ], [ -99.481903590700057, 30.211962305718135 ], [ -99.483822393714718, 30.211955423910204 ], [ -99.483814455509943, 30.210288747252555 ], [ -99.485729210249673, 30.209448472108619 ], [ -99.485721241744741, 30.207781958785773 ], [ -99.487635553733668, 30.206941684509012 ], [ -99.487619553118037, 30.203608295934135 ], [ -99.488579081319173, 30.203604816957956 ], [ -99.488567058694571, 30.201104930655443 ], [ -99.489526151726466, 30.201101446418487 ], [ -99.488559043499322, 30.199438246672024 ], [ -99.489518120797712, 30.199434762489823 ], [ -99.489490015150452, 30.193601469576336 ], [ -99.49044941712944, 30.193597977369294 ], [ -99.49044137244438, 30.191931453256846 ], [ -99.491400378816749, 30.19192795565338 ], [ -99.491388287359229, 30.189427892421104 ], [ -99.492347681513778, 30.189424386562688 ], [ -99.494241324949996, 30.184417416078002 ], [ -99.497110767764525, 30.182740123540224 ], [ -99.498053348874052, 30.179403322445321 ], [ -99.499971504306203, 30.179396210496229 ], [ -99.499959203465664, 30.176896135067963 ], [ -99.505692443397066, 30.172708023075014 ], [ -99.505684149570925, 30.171041320507562 ], [ -99.507602178273572, 30.171034099661611 ], [ -99.50759801655866, 30.170200912994844 ], [ -99.515265776917758, 30.169338377512577 ], [ -99.516233035067202, 30.171001268600815 ], [ -99.520073322359707, 30.171819849999636 ], [ -99.520064793594457, 30.170153312711502 ], [ -99.521982772854898, 30.170145887029381 ], [ -99.521969931641124, 30.167645804159037 ], [ -99.523883187784648, 30.166805000495156 ], [ -99.523878891772384, 30.165971620412652 ], [ -99.52964134070703, 30.167615830032055 ], [ -99.529636997584944, 30.166782477908409 ], [ -99.534431626178232, 30.166763521997158 ], [ -99.534427243668134, 30.165930142240608 ], [ -99.536349540398191, 30.166755891548739 ], [ -99.536345142160528, 30.165922511852315 ], [ -99.540180969922432, 30.165907168946681 ], [ -99.541130855199995, 30.164236776972693 ], [ -99.544007495926365, 30.164225178461948 ], [ -99.544011955892373, 30.165058365998153 ], [ -99.544971086437727, 30.165054485149728 ], [ -99.5449487443382, 30.160887857340896 ], [ -99.545907455802094, 30.160883971349527 ], [ -99.545902979594032, 30.160050617471626 ], [ -99.543980733102316, 30.159225194864412 ], [ -99.542973064423961, 30.150062234263004 ], [ -99.544890662862812, 30.150054482031603 ], [ -99.545840322599688, 30.148384046073584 ], [ -99.547757920796059, 30.148376252844109 ], [ -99.548707516844217, 30.146705630530697 ], [ -99.5496664740363, 30.14670171618662 ], [ -99.549657461158247, 30.145034971343133 ], [ -99.548698519689566, 30.14503888562562 ], [ -99.548689523869598, 30.143372332090756 ], [ -99.547730977670511, 30.143376237931506 ], [ -99.547722957289892, 30.141887745720091 ], [ -99.54769954710207, 30.137542824099512 ], [ -99.549612403432263, 30.136701642871248 ], [ -99.550561859953518, 30.135030999651288 ], [ -99.552483734925318, 30.135856501147479 ], [ -99.552474676819472, 30.134189749253935 ], [ -99.554387430545773, 30.133348499005422 ], [ -99.554369253708217, 30.130015183526545 ], [ -99.556286504773809, 30.130007268683958 ], [ -99.556291064925119, 30.130840659777046 ], [ -99.563001227433602, 30.130812743545189 ], [ -99.562996612278496, 30.129979352671622 ], [ -99.564913861990348, 30.12997131486804 ], [ -99.568724608851127, 30.125788476586319 ], [ -99.572558917367317, 30.12577221048755 ], [ -99.572554224251448, 30.12493884577686 ], [ -99.575429749391191, 30.124926575351942 ], [ -99.575425032783514, 30.124093210462949 ], [ -99.578305653388, 30.12491424182457 ], [ -99.58020812758005, 30.122405865083817 ], [ -99.584042306669673, 30.122389271630542 ], [ -99.585944972732719, 30.11988100209172 ], [ -99.587862030171138, 30.119872637185885 ], [ -99.588805874894263, 30.117368318833073 ], [ -99.591676303822069, 30.116522499288699 ], [ -99.592620434643777, 30.114018149061472 ], [ -99.595495616855729, 30.114005449766594 ], [ -99.595490736300277, 30.11317208200856 ], [ -99.600282823907477, 30.11315077939496 ], [ -99.600287743736615, 30.113984146985263 ], [ -99.602204688803837, 30.113975577640321 ], [ -99.602199753263704, 30.113142210117459 ], [ -99.60507490949901, 30.113129306041195 ], [ -99.605069950476775, 30.112295938347344 ], [ -99.611778906781055, 30.112265588616498 ], [ -99.612747580411948, 30.113927959243846 ], [ -99.614714572722477, 30.114132649784498 ], [ -99.620419992475405, 30.114726203739941 ], [ -99.62139392278155, 30.117221711277328 ], [ -99.620455588022011, 30.120559624791959 ], [ -99.623325842632084, 30.119712965916406 ], [ -99.623330951646281, 30.12054633049727 ], [ -99.624289690672597, 30.120541884085398 ], [ -99.624274340138371, 30.118041762127781 ], [ -99.626186195678727, 30.117199485777682 ], [ -99.626181064447465, 30.116366285197671 ], [ -99.628098052191319, 30.116357346816059 ], [ -99.629040873261189, 30.113852742810405 ], [ -99.630952610554985, 30.113010397323698 ], [ -99.630942268439512, 30.111343663535106 ], [ -99.632853975462041, 30.110501455036481 ], [ -99.632859161075174, 30.111334657277531 ], [ -99.633817401701933, 30.111330144872323 ], [ -99.634765238495845, 30.109659028539024 ], [ -99.636676849525742, 30.108816600305701 ], [ -99.636666414014044, 30.107149864225402 ], [ -99.639547048699143, 30.107969589439076 ], [ -99.639557531510931, 30.10963632476156 ], [ -99.642443144755205, 30.111289218447499 ], [ -99.642448410024087, 30.112122585049374 ], [ -99.644365284688078, 30.11211341495471 ], [ -99.645334110062578, 30.113775552743217 ], [ -99.647251047252155, 30.113766341374305 ], [ -99.647245742536924, 30.112932975497916 ], [ -99.654912950582911, 30.112895859413019 ], [ -99.654918318134506, 30.11372922499741 ], [ -99.659710418879243, 30.113705805014259 ], [ -99.65971582597173, 30.114539197640017 ], [ -99.66163277623852, 30.114529781298746 ], [ -99.66162735343552, 30.113696388747094 ], [ -99.66258599452199, 30.113691669511212 ], [ -99.662553414403419, 30.108691611187385 ], [ -99.664464808605786, 30.107848787536291 ], [ -99.664448473341366, 30.10534882286214 ], [ -99.665406656126194, 30.10534408538097 ], [ -99.665395750093339, 30.103677349323483 ], [ -99.662509978751402, 30.102024778226987 ], [ -99.662482834808728, 30.097858067588252 ], [ -99.663440947108882, 30.097853344098404 ], [ -99.663430074094535, 30.096186603034393 ], [ -99.664388581668675, 30.096181870761765 ], [ -99.663419202513055, 30.094520025886339 ], [ -99.666282936142522, 30.092839042381136 ], [ -99.666266557518355, 30.090338898387259 ], [ -99.667224978231445, 30.090334146042949 ], [ -99.667219511076169, 30.089500773379712 ], [ -99.671046937017792, 30.088648491680978 ], [ -99.671035940347423, 30.086981745318557 ], [ -99.672946445066742, 30.086138768591351 ], [ -99.672935417540629, 30.084472020778854 ], [ -99.67389381427472, 30.084467220732545 ], [ -99.673882772498942, 30.082800636922045 ], [ -99.674840742429453, 30.082795832183056 ], [ -99.674818626201272, 30.079462304040234 ], [ -99.676734882385219, 30.079452672480091 ], [ -99.677670612783515, 30.076114480474324 ], [ -99.679586837243392, 30.076104808094787 ], [ -99.680533972086792, 30.074433179708052 ], [ -99.685324215584799, 30.074408846718605 ], [ -99.685318601007523, 30.073575469725689 ], [ -99.687234776906962, 30.073565688332831 ], [ -99.687229147838707, 30.072732476145447 ], [ -99.691061024557882, 30.072712833857302 ], [ -99.691990963718311, 30.068540988207985 ], [ -99.692948798500879, 30.068536054425714 ], [ -99.692937446289903, 30.066869462099582 ], [ -99.693895644622955, 30.066864519612782 ], [ -99.693872907486238, 30.06353097448207 ], [ -99.692914740549611, 30.063535916813063 ], [ -99.690981773936898, 30.061045775369244 ], [ -99.687144707836879, 30.060232034371975 ], [ -99.68712782180647, 30.057731861949005 ], [ -99.685206332483702, 30.056908424631583 ], [ -99.685189494636887, 30.05440824885067 ], [ -99.684231413193586, 30.054413129306258 ], [ -99.685155822721896, 30.049408082767854 ], [ -99.682276889612055, 30.048589314154473 ], [ -99.683200963122559, 30.043584272135092 ], [ -99.682243362745325, 30.043589136511933 ], [ -99.682227039691767, 30.041154544472832 ], [ -99.682221013638923, 30.04025572542729 ], [ -99.681263033700048, 30.040260584910797 ], [ -99.681179353456614, 30.027759988136733 ], [ -99.682137215731672, 30.027755129227877 ], [ -99.682133769544009, 30.027240975430963 ], [ -99.682132755878129, 30.027089740590597 ], [ -99.68212045810408, 30.025254926106509 ], [ -99.683077885979728, 30.025250062573189 ], [ -99.683066700236594, 30.023583442628542 ], [ -99.684024112342811, 30.023578572350438 ], [ -99.684010037274064, 30.021484313705468 ], [ -99.684001708199162, 30.020244972085674 ], [ -99.686869016643641, 30.019397088034392 ], [ -99.686857768167471, 30.017730272362357 ], [ -99.68876722127176, 30.016887074611333 ], [ -99.688755941988418, 30.015220257581745 ], [ -99.69256867393959, 30.012700550505969 ], [ -99.691571728709931, 30.006871815960945 ], [ -99.689656808696029, 30.006881659418156 ], [ -99.689628578933792, 30.002714806373124 ], [ -99.68771376852176, 30.002724621988065 ], [ -99.687691248145825, 29.999390997264086 ], [ -99.689600350365296, 29.998547782109195 ], [ -99.690534915254247, 29.995209401011792 ], [ -99.692449615632441, 29.99519954499937 ], [ -99.693390110571954, 29.992694402324577 ], [ -99.696256185835409, 29.991846311522202 ], [ -99.698153645362069, 29.989336140706275 ], [ -99.700068234543423, 29.989326176083484 ], [ -99.701036800775114, 29.990987988561152 ], [ -99.705828891126359, 29.991796353268516 ], [ -99.705834667946078, 29.992629589432855 ], [ -99.707749286718055, 29.992619515509421 ], [ -99.707755080448862, 29.993452916344829 ], [ -99.720199721219856, 29.993386772696255 ], [ -99.720193825621465, 29.992553372382698 ], [ -99.723065970445262, 29.992537943085338 ], [ -99.73551647862044, 29.993303780852596 ], [ -99.735522499694682, 29.994137180264374 ], [ -99.73935787164875, 29.99494955769223 ], [ -99.739369977183628, 29.996616382447204 ], [ -99.741290767612099, 29.997439228563696 ], [ -99.741302903689487, 29.999105859169905 ], [ -99.743223725323375, 29.999928704592183 ], [ -99.743229809885719, 30.000762101689649 ], [ -99.745144198720524, 30.000751496911541 ], [ -99.745150299054373, 30.001584893676842 ], [ -99.749937509022217, 30.001558255470428 ], [ -99.750882416006604, 29.999886115426118 ], [ -99.765225566770184, 29.999805180016338 ], [ -99.770986835216206, 29.99977223932288 ], [ -99.770993147054668, 30.000605635185984 ], [ -99.773865131989183, 30.000589121983108 ], [ -99.774810015806523, 29.998916783415201 ], [ -99.777681952473714, 29.998900188605958 ], [ -99.777669220859778, 29.99723356124473 ], [ -99.778626380314719, 29.99722801687896 ], [ -99.779564772977821, 29.994722245862768 ], [ -99.78244299600469, 29.995538973708438 ], [ -99.782449401363152, 29.996372370287297 ], [ -99.78436408252206, 29.996361204402092 ], [ -99.785334090185842, 29.998022239487899 ], [ -99.788205999887253, 29.998005419690237 ], [ -99.788212452579444, 29.998838815260861 ], [ -99.791084763918278, 29.998821931702171 ], [ -99.791078287713347, 29.997988536264764 ], [ -99.792992998315739, 29.997977247400307 ], [ -99.792980016162431, 29.996310620956148 ], [ -99.794894315926157, 29.996299307223314 ], [ -99.794887808696572, 29.995465911220936 ], [ -99.797753492909166, 29.994615461303766 ], [ -99.797760023759537, 29.995448884918623 ], [ -99.799674717441306, 29.995437500622895 ], [ -99.800644967401084, 29.997098590683841 ], [ -99.802559660197275, 29.997087165464325 ], [ -99.805457914785947, 30.000403418477379 ], [ -99.807372669197861, 30.000391924673092 ], [ -99.807379278951572, 30.001225318601747 ], [ -99.810251275315935, 30.001208027542024 ], [ -99.810244642051572, 30.000374633749789 ], [ -99.811202208311812, 30.000368855002559 ], [ -99.811208849414939, 30.001202248749159 ], [ -99.822697171246574, 30.00113238652472 ], [ -99.822717376241286, 30.003632427122223 ], [ -99.825589406291186, 30.003614808374682 ], [ -99.825596165392213, 30.004448200435512 ], [ -99.827511025171333, 30.004436419428309 ], [ -99.828481815108347, 30.0060973030509 ], [ -99.829439434153102, 30.006091394325008 ], [ -99.829459805724056, 30.008591429457695 ], [ -99.828502163161275, 30.008597338323288 ], [ -99.828563215778956, 30.016097733099688 ], [ -99.827605881682757, 30.016103633223082 ], [ -99.827619434675498, 30.017770409388774 ], [ -99.826661674048239, 30.01777630531128 ], [ -99.826675210684698, 30.019442943065592 ], [ -99.827632986994715, 30.019437047050165 ], [ -99.82861070694652, 30.021931307441708 ], [ -99.833405264508599, 30.022735111637179 ], [ -99.833418912009677, 30.024401718204846 ], [ -99.836305633402972, 30.026050638520648 ], [ -99.838241080230603, 30.028538888234955 ], [ -99.840149480276423, 30.027693543244212 ], [ -99.847810596127459, 30.027645426505465 ], [ -99.847817538789215, 30.028478810181269 ], [ -99.849732437313648, 30.028466715154085 ], [ -99.850669398749815, 30.025960475947802 ], [ -99.853542053958407, 30.025942259792743 ], [ -99.853549043667513, 30.026775671189181 ], [ -99.855464320241495, 30.026763491867186 ], [ -99.855492340646194, 30.030096859536087 ], [ -99.856449804729223, 30.030090760754966 ], [ -99.855527370929281, 30.034263824626205 ], [ -99.857449777199406, 30.035084833504012 ], [ -99.857456799307343, 30.03591821440374 ], [ -99.862238120551297, 30.035054196631279 ], [ -99.863209769306877, 30.036714810761911 ], [ -99.865132316859757, 30.037535873791498 ], [ -99.865146487597997, 30.039202660521237 ], [ -99.868984589058385, 30.040011158340626 ], [ -99.869956395241871, 30.041671720653699 ], [ -99.871871918600547, 30.04165930775212 ], [ -99.872851347482637, 30.044153250557748 ], [ -99.877647300972214, 30.044955442072194 ], [ -99.877654487759756, 30.045788653871078 ], [ -99.882436102643851, 30.044924085666274 ], [ -99.882443328642267, 30.045757297218159 ], [ -99.885316536939399, 30.045738401950224 ], [ -99.885323788257452, 30.046571805586098 ], [ -99.887239433572375, 30.046559173475131 ], [ -99.888211600199156, 30.048219599738438 ], [ -99.889169612075534, 30.048213265370173 ], [ -99.890149115696616, 30.05070691375095 ], [ -99.892064838263082, 30.050694212885272 ], [ -99.893008245662557, 30.04902123940521 ], [ -99.895881575754885, 30.04900211810028 ], [ -99.895888913841233, 30.049835520151102 ], [ -99.897804587675864, 30.049822737685293 ], [ -99.897811939873904, 30.050655946885676 ], [ -99.905481793602746, 30.051437919244634 ], [ -99.906454304535714, 30.053098210522034 ], [ -99.908370038463474, 30.05308527748949 ], [ -99.908377479138508, 30.053918677584299 ], [ -99.910300716118911, 30.054739089165768 ], [ -99.910337997931009, 30.058905808936739 ], [ -99.913226533426212, 30.060553058222304 ], [ -99.913241493828181, 30.062219660456119 ], [ -99.916115572140981, 30.06220010412413 ], [ -99.916145591300932, 30.065533607316201 ], [ -99.919019383352804, 30.06551399151093 ], [ -99.921923350392746, 30.068827619753488 ], [ -99.922881585810543, 30.068821044934246 ], [ -99.922904267810651, 30.071321172205671 ], [ -99.924827538480798, 30.072141208389336 ], [ -99.924835115129184, 30.072974574085542 ], [ -99.927709495057201, 30.072954769957928 ], [ -99.927724696071067, 30.074621527744224 ], [ -99.930598711001949, 30.074601664693855 ], [ -99.931594749063038, 30.078761713454163 ], [ -99.933518642977077, 30.079581785125569 ], [ -99.933533940171145, 30.081248538045223 ], [ -99.93545020078281, 30.081235219201741 ], [ -99.93546552810669, 30.082901778360235 ], [ -99.937381851226718, 30.082888431775178 ], [ -99.937366492507266, 30.081221872826802 ], [ -99.940248395639969, 30.082035165656919 ], [ -99.941191331246188, 30.080361708707631 ], [ -99.943107194764181, 30.080348283386442 ], [ -99.943099467866134, 30.07951492106945 ], [ -99.946931952357247, 30.079487983172701 ], [ -99.946924194189208, 30.078654620802311 ], [ -99.947882488927519, 30.078647868030373 ], [ -99.947890254946586, 30.079481230347483 ], [ -99.948848178033131, 30.079474473369388 ], [ -99.948840404166987, 30.078641111105483 ], [ -99.952665049072422, 30.077780647241184 ], [ -99.952657243807934, 30.076947257161816 ], [ -99.955531351121792, 30.076926860923209 ], [ -99.955562666357906, 30.080260336511294 ], [ -99.957478905431302, 30.080246703705424 ], [ -99.95845254069738, 30.081906628040741 ], [ -99.960368842012414, 30.081892953830536 ], [ -99.960353105002454, 30.080226204418349 ], [ -99.961311034271532, 30.080219358648328 ], [ -99.962285111196351, 30.081879252534513 ], [ -99.964201411478896, 30.081865523700738 ], [ -99.964217209977832, 30.083532079129309 ], [ -99.967091469405361, 30.083511436049189 ], [ -99.968065292793639, 30.085171288695729 ], [ -99.975722677704994, 30.084282494097486 ], [ -99.976656639303243, 30.081775625720681 ], [ -99.982405495232626, 30.081733743027591 ], [ -99.983339266866921, 30.079226633304749 ], [ -99.986213400710895, 30.079205581423103 ], [ -99.986221480812461, 30.080038941303972 ], [ -99.988137743149906, 30.080024871310314 ], [ -99.988153935415397, 30.081691617551336 ], [ -99.992261550672922, 30.081661365703855 ], [ -99.999043281974991, 30.081611144853511 ], [ -100.000609531374764, 30.081599497662765 ], [ -100.000658721476412, 30.086599505658118 ], [ -100.008323779698955, 30.086542242441968 ], [ -100.008332039907714, 30.087375433650056 ], [ -100.010248437372141, 30.087361048567868 ], [ -100.012139924990137, 30.084846732689066 ], [ -100.015964266878271, 30.083984442840791 ], [ -100.016905563927253, 30.08231048709953 ], [ -100.018821864744737, 30.082295979797518 ], [ -100.018838559904907, 30.083962693339856 ], [ -100.024595505803489, 30.084752393773073 ], [ -100.024587110645939, 30.083919010247541 ], [ -100.028411312380882, 30.083056393566949 ], [ -100.028402886377194, 30.082223037236925 ], [ -100.031277095334517, 30.082201022064474 ], [ -100.031268647595525, 30.081367830630072 ], [ -100.037017457295619, 30.081323612895496 ], [ -100.037008960926642, 30.080490256554903 ], [ -100.041799381838032, 30.08045322260287 ], [ -100.041790846082776, 30.07961983878997 ], [ -100.046581224252904, 30.079582634452393 ], [ -100.046589799253198, 30.080416017972247 ], [ -100.058086849917174, 30.080326029993817 ], [ -100.058095518962105, 30.081159385041083 ], [ -100.061928033042406, 30.081129169257935 ], [ -100.06193673190333, 30.081962358813254 ], [ -100.064802235320599, 30.081106437169133 ], [ -100.064810957723481, 30.081939626545577 ], [ -100.066727212938858, 30.081924436729647 ], [ -100.066735952910847, 30.082757790708243 ], [ -100.068652254867786, 30.082742573210609 ], [ -100.069627727888019, 30.084401690151076 ], [ -100.072501989295418, 30.084378793746563 ], [ -100.073486745421647, 30.086871038174014 ], [ -100.075403092244045, 30.086855724738637 ], [ -100.082181109438878, 30.093468607470367 ], [ -100.084097579259748, 30.093453170161087 ], [ -100.084106462554388, 30.094286519308831 ], [ -100.088897515717633, 30.09424780751446 ], [ -100.088906438412295, 30.095081156088558 ], [ -100.09187831005373, 30.095057057520926 ], [ -100.093697527174655, 30.095042273288524 ], [ -100.093706489566273, 30.095875648785317 ], [ -100.103288734572629, 30.095797370466919 ], [ -100.103279693668313, 30.094963995586301 ], [ -100.107112714220108, 30.094932492019286 ], [ -100.107103642357714, 30.09409914461547 ], [ -100.113820312646894, 30.094877099382913 ], [ -100.113811185828411, 30.094043752415136 ], [ -100.115727282186683, 30.094027867467389 ], [ -100.116667409274342, 30.092353217237726 ], [ -100.118583884373422, 30.092337288161833 ], [ -100.119523570899943, 30.09066275751746 ], [ -100.123347219700818, 30.089797443200609 ], [ -100.123338015278975, 30.088964095250322 ], [ -100.12525439385108, 30.088948071347982 ], [ -100.125245173879847, 30.088114723256211 ], [ -100.12907755002395, 30.088082596688366 ], [ -100.129059047435817, 30.086415872710347 ], [ -100.133840803424761, 30.085542372664349 ], [ -100.133822223552045, 30.083875675216621 ], [ -100.135738125206828, 30.08385950506775 ], [ -100.140472602699916, 30.078818967487795 ], [ -100.142404772765971, 30.077532696261343 ], [ -100.144276878220751, 30.076286352732136 ], [ -100.14425813059448, 30.074619788331642 ], [ -100.145216404463667, 30.074611628789249 ], [ -100.146136707620556, 30.071270031982039 ], [ -100.147094538833301, 30.071261862545843 ], [ -100.147066349308076, 30.068761970124175 ], [ -100.15181881137211, 30.065387571753817 ], [ -100.151799942517044, 30.063721029026894 ], [ -100.153715461728481, 30.063704602588363 ], [ -100.153696559933863, 30.062037866585086 ], [ -100.154654714531205, 30.062029639730238 ], [ -100.15558405960978, 30.059521317746945 ], [ -100.157499878432532, 30.059504834096114 ], [ -100.160335430429029, 30.056146802305683 ], [ -100.161293497402056, 30.056138528386143 ], [ -100.162222626887825, 30.053630319957801 ], [ -100.167002175947687, 30.052755468043639 ], [ -100.167941108944248, 30.051080405487934 ], [ -100.17272048904583, 30.050205349406891 ], [ -100.17460726930851, 30.04768871511045 ], [ -100.180334363384333, 30.045971629498929 ], [ -100.18030536200456, 30.043471527961632 ], [ -100.183168784326668, 30.042613071655786 ], [ -100.183149404340185, 30.040946354221912 ], [ -100.185064868925295, 30.04092947759429 ], [ -100.185055163485444, 30.040096118624042 ], [ -100.186013108909378, 30.040087668187226 ], [ -100.186022822194587, 30.040921027090874 ], [ -100.189853369595298, 30.0408871679886 ], [ -100.189863114406307, 30.041720526367993 ], [ -100.192736552444572, 30.041695055706054 ], [ -100.192756087672919, 30.043361606301247 ], [ -100.194671627725228, 30.043344592491835 ], [ -100.195590026239358, 30.040002810771693 ], [ -100.19558023436926, 30.039169424781473 ], [ -100.194622709205646, 30.039177939760975 ], [ -100.194573794691792, 30.035011280601697 ], [ -100.195531280654635, 30.035002765957802 ], [ -100.196449575659884, 30.031660968084804 ], [ -100.197407409133163, 30.031652436687303 ], [ -100.197377992414602, 30.029152325659876 ], [ -100.200250694525465, 30.029126697603381 ], [ -100.200240865860863, 30.028293336118775 ], [ -100.20119866732152, 30.028284777688455 ], [ -100.202116715295361, 30.024942905369944 ], [ -100.210734804792864, 30.024865529830606 ], [ -100.210714976429429, 30.023198778054692 ], [ -100.220290283663999, 30.023112159949427 ], [ -100.221227655655923, 30.021436738257357 ], [ -100.223142778246114, 30.021419318524909 ], [ -100.224120559965442, 30.023077320217119 ], [ -100.226035302176697, 30.023059863011909 ], [ -100.226045341876699, 30.023893251680626 ], [ -100.227960509864516, 30.023875763299774 ], [ -100.228888078883926, 30.02136689613414 ], [ -100.234632994439195, 30.021314231575786 ], [ -100.236517739257053, 30.01879667400577 ], [ -100.238432777941128, 30.018779036627404 ], [ -100.238422637651254, 30.017945674837467 ], [ -100.242262884909934, 30.018743679697991 ], [ -100.242273057058085, 30.019577068454552 ], [ -100.245145477381968, 30.019550480584567 ], [ -100.246082407075576, 30.017874855877054 ], [ -100.247997426750743, 30.017857082175624 ], [ -100.247987208241227, 30.017023720831652 ], [ -100.252774557331307, 30.016979168994236 ], [ -100.252784815033493, 30.017812529986859 ], [ -100.253742544944146, 30.017803596722025 ], [ -100.25378360710161, 30.021136900391891 ], [ -100.254740957462303, 30.021127963854177 ], [ -100.254761506072427, 30.022794682774286 ], [ -100.255719251095258, 30.022785735731439 ], [ -100.255750099136193, 30.02528583949476 ], [ -100.257675173939731, 30.026101124720686 ], [ -100.257685472689374, 30.026934482571914 ], [ -100.256728067967003, 30.026943440069232 ], [ -100.256748650634336, 30.028610182646968 ], [ -100.253886277143408, 30.029470375541724 ], [ -100.252969477656364, 30.032812599507256 ], [ -100.254884808816641, 30.032794727450419 ], [ -100.255966068701198, 30.042785759051331 ], [ -100.257881176224132, 30.042767848195744 ], [ -100.25885976100966, 30.044425611235621 ], [ -100.260775278120633, 30.044407655600356 ], [ -100.26083723490629, 30.049407626209369 ], [ -100.267541742452792, 30.049344564708175 ], [ -100.267552124364713, 30.050177914654096 ], [ -100.269467368971732, 30.050159838755036 ], [ -100.269477767081796, 30.050993215796826 ], [ -100.270435776231494, 30.05098416395716 ], [ -100.270425370276044, 30.050150786986713 ], [ -100.2732986462578, 30.050123597599665 ], [ -100.274256646879365, 30.050114518524168 ], [ -100.274267084211729, 30.050947895208747 ], [ -100.278098010197482, 30.050911520858083 ], [ -100.278108478729493, 30.05174486949841 ], [ -100.280982176927097, 30.0517175122725 ], [ -100.282928970317982, 30.0541991233126 ], [ -100.285802736533867, 30.054171663051065 ], [ -100.285834333321276, 30.056671730837746 ], [ -100.288718313730229, 30.057477558449296 ], [ -100.288728867837591, 30.058310739226336 ], [ -100.293518141489201, 30.058264736461819 ], [ -100.293528737433434, 30.059098109099114 ], [ -100.300223212128472, 30.058200045006306 ], [ -100.300233862989145, 30.059033417133861 ], [ -100.30503385533224, 30.059820348477551 ], [ -100.305044545415029, 30.06065369221853 ], [ -100.307918077021966, 30.060625763200154 ], [ -100.307907363404922, 30.059792419679297 ], [ -100.308865483546512, 30.059783093659863 ], [ -100.308876205010534, 30.060616437107186 ], [ -100.314623294034362, 30.060560353520728 ], [ -100.314612525501843, 30.059727010515157 ], [ -100.316528320638042, 30.059708260397421 ], [ -100.316517536591803, 30.058874917277951 ], [ -100.320349124969809, 30.058837335117001 ], [ -100.336643715810354, 30.059509739785842 ], [ -100.336654664778266, 30.060343081079726 ], [ -100.343359812826591, 30.060276238314202 ], [ -100.343348808943816, 30.059442897547068 ], [ -100.344306511604486, 30.059433323024358 ], [ -100.345286664305902, 30.06109041853686 ], [ -100.34720247939255, 30.061071231266016 ], [ -100.347191443949058, 30.060237891062719 ], [ -100.353873172785171, 30.06017075844456 ], [ -100.35772782195501, 30.060131878958231 ], [ -100.3577167004009, 30.059298539328349 ], [ -100.358674811236611, 30.059288858287893 ], [ -100.35868594063767, 30.060122197841505 ], [ -100.359643648239668, 30.060112514051958 ], [ -100.359632510995809, 30.059279174574616 ], [ -100.362505988464989, 30.059250078651186 ], [ -100.363486435820306, 30.060907041555918 ], [ -100.365391059497867, 30.060054256147751 ], [ -100.365413429045873, 30.061720960896238 ], [ -100.36734048434208, 30.062534824544752 ], [ -100.367385286550842, 30.065868036747972 ], [ -100.369312025254445, 30.066681875042086 ], [ -100.371295340198003, 30.07166222113344 ], [ -100.373222630873386, 30.072475997403515 ], [ -100.373245129242264, 30.074142528038134 ], [ -100.375172450896017, 30.074956275913085 ], [ -100.375206250625752, 30.077456302347208 ], [ -100.376164119847104, 30.07744650092258 ], [ -100.376186667135414, 30.079113000414925 ], [ -100.377144962836951, 30.079103187801806 ], [ -100.378148011797407, 30.082426725209711 ], [ -100.379106306914792, 30.082416898953728 ], [ -100.380109450403893, 30.085740252532069 ], [ -100.381067397165467, 30.08573041620587 ], [ -100.382105022041841, 30.091553730408638 ], [ -100.383063023366574, 30.091543879886807 ], [ -100.383097022570681, 30.094043888439256 ], [ -100.384055426670756, 30.09403402695418 ], [ -100.385081546178881, 30.099023978969008 ], [ -100.386040028638206, 30.099014103032737 ], [ -100.387077663104606, 30.104837380691265 ], [ -100.388035789086558, 30.104827494792886 ], [ -100.388058536997121, 30.10649397469393 ], [ -100.389017057953509, 30.106484077894343 ], [ -100.389039824569394, 30.108150721534081 ], [ -100.38999798157873, 30.108140821669224 ], [ -100.390032156830955, 30.110640812350354 ], [ -100.390990748307246, 30.110630901173433 ], [ -100.391093349953849, 30.11813050031164 ], [ -100.393021648220625, 30.118943978461456 ], [ -100.393055899189662, 30.121443792790277 ], [ -100.395954038730324, 30.123080615463728 ], [ -100.395976923153768, 30.124747274557098 ], [ -100.397905385986718, 30.125560680568128 ], [ -100.397928300309744, 30.127227145216697 ], [ -100.399845383133126, 30.12720720787965 ], [ -100.400826683531605, 30.128863886656223 ], [ -100.403702115708782, 30.128833910939651 ], [ -100.403713621793017, 30.129667224315543 ], [ -100.404672391324311, 30.129657215699979 ], [ -100.406554518704411, 30.127137218822416 ], [ -100.408460023997804, 30.126284010047431 ], [ -100.408436934979463, 30.124617381597414 ], [ -100.411289520186628, 30.122920582268232 ], [ -100.411266385551627, 30.121253952088221 ], [ -100.415065115928527, 30.118713865250903 ], [ -100.415965724581085, 30.114537331111414 ], [ -100.41692393912389, 30.114527239442712 ], [ -100.416900714047813, 30.112860604728716 ], [ -100.418805893921586, 30.112007051787771 ], [ -100.418771013491678, 30.109507262307755 ], [ -100.420676083600853, 30.108653709584917 ], [ -100.420652797987117, 30.10698704419222 ], [ -100.424451140784853, 30.104446701555322 ], [ -100.426332311426179, 30.101926403022095 ], [ -100.428248911666046, 30.10190606068463 ], [ -100.428225503488832, 30.100239392227632 ], [ -100.430142039935689, 30.100219023232068 ], [ -100.431076666348886, 30.098542353931091 ], [ -100.432035139726011, 30.098532150167173 ], [ -100.432946232723268, 30.09518863073556 ], [ -100.433904642688404, 30.095178413970515 ], [ -100.434815646510117, 30.09183504252108 ], [ -100.435774056301952, 30.09182481208175 ], [ -100.435750527519474, 30.090158165936256 ], [ -100.436708510400152, 30.09014793321882 ], [ -100.436684969023261, 30.088481451142979 ], [ -100.437642936016886, 30.088471211761707 ], [ -100.437584040109542, 30.084304534839525 ], [ -100.438542347051026, 30.084294284977567 ], [ -100.438506991072984, 30.081794473838293 ], [ -100.439464894904759, 30.081784221450285 ], [ -100.439441307580552, 30.080117542033861 ], [ -100.440399606501046, 30.080107278579863 ], [ -100.440376004639674, 30.078440625757228 ], [ -100.442292127920751, 30.078420083430121 ], [ -100.443226353764601, 30.076743315644233 ], [ -100.44705856606555, 30.076702122072042 ], [ -100.447046710490625, 30.075868767800806 ], [ -100.451824840457789, 30.074983798136248 ], [ -100.452758875252016, 30.073306796942482 ], [ -100.454674930928462, 30.073286077758269 ], [ -100.455608905116122, 30.071609193168904 ], [ -100.457524896626012, 30.071588433696093 ], [ -100.457512956300519, 30.07075510622921 ], [ -100.461309022842087, 30.06821349485012 ], [ -100.461285083554159, 30.06654700317932 ], [ -100.463189023944864, 30.065692833870983 ], [ -100.464086808228259, 30.061515896740268 ], [ -100.465044897816142, 30.061505457898985 ], [ -100.465008895795634, 30.059005439706862 ], [ -100.46596658236588, 30.058994998420406 ], [ -100.465928747551402, 30.056369290520738 ], [ -100.465894539349705, 30.053995147948356 ], [ -100.466852589537297, 30.053984695848857 ], [ -100.465858519110213, 30.051495122950481 ], [ -100.466816545760935, 30.051484671098109 ], [ -100.467581840406766, 30.03814127257592 ], [ -100.46853933035689, 30.038130812878315 ], [ -100.46852928667802, 30.037434875656864 ], [ -100.468503250758332, 30.035630773876164 ], [ -100.470406520535462, 30.0347764928453 ], [ -100.470382440134841, 30.033109982026772 ], [ -100.472297735369153, 30.033089011365739 ], [ -100.473231047864445, 30.031411814221244 ], [ -100.475146278953119, 30.031390803295867 ], [ -100.477025257089039, 30.028869914290592 ], [ -100.478940439556666, 30.028848849271636 ], [ -100.479873603694145, 30.027171603390777 ], [ -100.482746549451292, 30.027139932276022 ], [ -100.483679635595351, 30.025462686415718 ], [ -100.484637415353845, 30.025452107443066 ], [ -100.484613101329572, 30.023785401013946 ], [ -100.487473361659724, 30.022920458469219 ], [ -100.488406331224851, 30.021243177208579 ], [ -100.490309196060494, 30.020388581975794 ], [ -100.490162780338977, 30.010388755941158 ], [ -100.488235731264936, 30.009576637836521 ], [ -100.488138262671228, 30.002909990348172 ], [ -100.485254256112796, 30.002108591404202 ], [ -100.485217778790556, 29.999608524225494 ], [ -100.484260652886562, 29.999619102897025 ], [ -100.485181303260035, 29.99710845480519 ], [ -100.484224200857057, 29.997119033226362 ], [ -100.484151304975299, 29.992119079664331 ], [ -100.483193838752314, 29.992129655300115 ], [ -100.483169559123539, 29.99046312112176 ], [ -100.486041088962537, 29.990431383327298 ], [ -100.486016760323196, 29.988764656176574 ], [ -100.487919007015776, 29.987910112683284 ], [ -100.487894648638999, 29.986243411884995 ], [ -100.488852059018001, 29.986232802721716 ], [ -100.48973589587284, 29.981222193986881 ], [ -100.490692848272431, 29.981211576238252 ], [ -100.490680649498813, 29.980378389235085 ], [ -100.489723704928096, 29.980389006899888 ], [ -100.48968712605091, 29.9778889492075 ], [ -100.49160134698694, 29.977867703353898 ], [ -100.491589138360411, 29.977034322970297 ], [ -100.490631846336711, 29.977044951326686 ], [ -100.490607446155224, 29.975378244655136 ], [ -100.489650548567425, 29.975388861817258 ], [ -100.489589592767814, 29.971222227944924 ], [ -100.490546451208573, 29.971211611201948 ], [ -100.489565213454398, 29.969555682686028 ], [ -100.492423905694594, 29.968690425562837 ], [ -100.492387264729672, 29.966190358401025 ], [ -100.493344486110729, 29.966179717142118 ], [ -100.493307825465692, 29.963679785545406 ], [ -100.494264612649857, 29.96366914228388 ], [ -100.494252384334445, 29.9628357855225 ], [ -100.496166321368747, 29.962814474495211 ], [ -100.49709859671573, 29.961137069625497 ], [ -100.499012532804997, 29.961115717668946 ], [ -100.49900026594473, 29.960282360605593 ], [ -100.501859028603548, 29.959416922784342 ], [ -100.502766586979135, 29.956072925805749 ], [ -100.503723301709186, 29.956062215126124 ], [ -100.503686390358283, 29.953562305149728 ], [ -100.504643460295526, 29.953551583661888 ], [ -100.504631147866633, 29.952718197447961 ], [ -100.503674085759144, 29.952728918851083 ], [ -100.503637174388388, 29.950228841016269 ], [ -100.504557281992817, 29.947718177630396 ], [ -100.506458638094159, 29.946863359057382 ], [ -100.506446312028771, 29.94602999860372 ], [ -100.510273169723618, 29.94598700571677 ], [ -100.510260812147465, 29.945153617866794 ], [ -100.512174445128821, 29.945132078202455 ], [ -100.512162072508886, 29.944298717783258 ], [ -100.514075657455422, 29.944277151371374 ], [ -100.514072441321957, 29.944060799536441 ], [ -100.514063269384479, 29.943443790885247 ], [ -100.516921055060379, 29.942578196692153 ], [ -100.516883821829651, 29.940078086371738 ], [ -100.517840763677825, 29.940067270770498 ], [ -100.5178159271575, 29.938400547877684 ], [ -100.518772474316535, 29.938389729912441 ], [ -100.51762968530312, 29.925900508663545 ], [ -100.519542955076517, 29.925878863837323 ], [ -100.520462069549026, 29.923367910136882 ], [ -100.522362806179316, 29.922512859692052 ], [ -100.522350352557353, 29.921679466370744 ], [ -100.524263542057597, 29.921657754233475 ], [ -100.527083123259573, 29.918291838687278 ], [ -100.52994008992556, 29.917425767583953 ], [ -100.529915063475485, 29.915759199288551 ], [ -100.530871775527729, 29.915748290719289 ], [ -100.531790519426949, 29.913237251010326 ], [ -100.532746828861747, 29.913226333389829 ], [ -100.532721755053217, 29.911559598312362 ], [ -100.534622200078118, 29.910704370573544 ], [ -100.534584546661307, 29.908204403551419 ], [ -100.539354052582553, 29.907316270446415 ], [ -100.539341462265995, 29.906482902019206 ], [ -100.547949239903886, 29.906383895562442 ], [ -100.547923921206902, 29.904717297077852 ], [ -100.548880527649089, 29.904706260110107 ], [ -100.548855192047782, 29.903039523392376 ], [ -100.549811403940893, 29.903028484154209 ], [ -100.549773378219328, 29.900528350127608 ], [ -100.550729976695123, 29.900517299598043 ], [ -100.550691932303764, 29.898017356271417 ], [ -100.551648096873592, 29.898006303929073 ], [ -100.551622717254816, 29.896339536589419 ], [ -100.552578865981346, 29.896328477609565 ], [ -100.553446465143253, 29.890483949563773 ], [ -100.554402558735021, 29.890472877569305 ], [ -100.554377135944861, 29.888806106678587 ], [ -100.555333623893617, 29.888795023292708 ], [ -100.556108062579582, 29.886676370737767 ], [ -100.557169378037344, 29.883772749078375 ], [ -100.558125786893982, 29.883761646138499 ], [ -100.558087566934603, 29.881261663861682 ], [ -100.55904357351119, 29.881250558767817 ], [ -100.559872442073029, 29.872905806756101 ], [ -100.558916103716513, 29.872916922550907 ], [ -100.558852377896727, 29.868750178599768 ], [ -100.557896488533302, 29.868761282375978 ], [ -100.557832806986951, 29.864594532456184 ], [ -100.556876577925209, 29.864605633376147 ], [ -100.556863849636443, 29.863772255143935 ], [ -100.558763169659542, 29.862916672786131 ], [ -100.558737684969273, 29.861250053067394 ], [ -100.562548973376138, 29.860372185254391 ], [ -100.563415316470312, 29.85452753019236 ], [ -100.562459560955773, 29.8545386665288 ], [ -100.562382929761739, 29.849538491254158 ], [ -100.561427220902473, 29.849549620252397 ], [ -100.561414457297033, 29.848716238525089 ], [ -100.563313080168683, 29.847860592127454 ], [ -100.563287522339536, 29.846193800442485 ], [ -100.564243609566887, 29.846182653396468 ], [ -100.564205254113759, 29.843682670753338 ], [ -100.563249190323802, 29.843693817534813 ], [ -100.563223634583409, 29.842027023688836 ], [ -100.561299595921597, 29.841215903235582 ], [ -100.562204152729947, 29.837871376121957 ], [ -100.560279822137574, 29.837060244410505 ], [ -100.560267069473284, 29.836226859360153 ], [ -100.555475643910356, 29.83544898456217 ], [ -100.55542479445495, 29.832115577102151 ], [ -100.553475350408135, 29.832138173520462 ], [ -100.551601819492348, 29.832159863305314 ], [ -100.551576457018882, 29.830493061346392 ], [ -100.549652731133449, 29.829681935946724 ], [ -100.549627401551007, 29.828015159859568 ], [ -100.546747445898248, 29.827214874476734 ], [ -100.545766678261373, 29.825559086591326 ], [ -100.544810782376445, 29.825570102005585 ], [ -100.540925494349807, 29.821447267492918 ], [ -100.539014188337376, 29.821469217815284 ], [ -100.537065232162377, 29.818991131332503 ], [ -100.535153971349544, 29.819013026651223 ], [ -100.535141425841601, 29.818179607158299 ], [ -100.533230211356539, 29.818201474702139 ], [ -100.533217682081457, 29.817368082324894 ], [ -100.530351039898889, 29.817400830506593 ], [ -100.530338534248941, 29.816567437659682 ], [ -100.528427348947019, 29.816589236760059 ], [ -100.528414859115429, 29.815755843530528 ], [ -100.527459463152624, 29.815766730624368 ], [ -100.527471945178718, 29.81660012394018 ], [ -100.524605322741152, 29.816632749297824 ], [ -100.524592864134377, 29.815799355723584 ], [ -100.523637088981999, 29.815810219885396 ], [ -100.517916319723483, 29.816708639190285 ], [ -100.516923315559737, 29.814219245205212 ], [ -100.518822081735792, 29.813364379973727 ], [ -100.51872280143391, 29.806697324703052 ], [ -100.51776748928755, 29.806708142771107 ], [ -100.517730285317739, 29.804207952103582 ], [ -100.516774586520484, 29.804218767744835 ], [ -100.515744990206869, 29.799229293981465 ], [ -100.514789369369637, 29.79924009513141 ], [ -100.512841394894693, 29.796761640545096 ], [ -100.510930955247872, 29.796783186129247 ], [ -100.51091861078072, 29.79594978636846 ], [ -100.508052185075783, 29.79598206231001 ], [ -100.508039863817473, 29.795148634588433 ], [ -100.505173869538936, 29.795180844386064 ], [ -100.50516157229859, 29.794347443703284 ], [ -100.504206374372686, 29.794358165187258 ], [ -100.504896909187991, 29.78821682891429 ], [ -100.505050910231517, 29.78684710334133 ], [ -100.506006416012781, 29.786836371566888 ], [ -100.504989435676606, 29.782680060175043 ], [ -100.502123759171624, 29.782712205235001 ], [ -100.502099220155884, 29.781045562036176 ], [ -100.501143768196727, 29.78105626597884 ], [ -100.501131505577987, 29.780222861492096 ], [ -100.498265896875964, 29.780254924100038 ], [ -100.498253657457255, 29.779421491657146 ], [ -100.49253470559735, 29.780318865179119 ], [ -100.492522512987264, 29.77948543222946 ], [ -100.486778837905348, 29.778715725797046 ], [ -100.485799510199186, 29.777059503264859 ], [ -100.484844062347477, 29.777070091386797 ], [ -100.484819806542532, 29.775403414824208 ], [ -100.485775238790211, 29.775392826870089 ], [ -100.486705972876507, 29.773715422120659 ], [ -100.487660979383818, 29.77370482526451 ], [ -100.487636675960914, 29.772037982599681 ], [ -100.489534870992117, 29.771183521890553 ], [ -100.489510537961152, 29.769516705859978 ], [ -100.490465914601344, 29.769506084452022 ], [ -100.49233965738388, 29.766984573833234 ], [ -100.495204895276999, 29.766952637799992 ], [ -100.496135399790219, 29.76527532852116 ], [ -100.497090704513667, 29.765264660229686 ], [ -100.496074302292286, 29.761108255427938 ], [ -100.497972223364997, 29.760253672563643 ], [ -100.497966402472954, 29.759857148046475 ], [ -100.497898820249702, 29.755253156146928 ], [ -100.496943987478346, 29.7552638260048 ], [ -100.496858419550961, 29.749430247303806 ], [ -100.495903263017681, 29.749440913987595 ], [ -100.49586661513375, 29.746940648496263 ], [ -100.493944495035564, 29.746128543844041 ], [ -100.492047183441045, 29.74698323385411 ], [ -100.492034999196264, 29.746149820462026 ], [ -100.490112955989943, 29.745337660318803 ], [ -100.490015619534162, 29.738670618278817 ], [ -100.489060531466905, 29.738681236569995 ], [ -100.488987583244992, 29.733680877660976 ], [ -100.488032951336265, 29.733691484089771 ], [ -100.488963267689513, 29.732014016484811 ], [ -100.488008651366869, 29.732024622745211 ], [ -100.487996501880204, 29.731191205535062 ], [ -100.49370054580946, 29.729460623686137 ], [ -100.494618939391614, 29.726949857637631 ], [ -100.496528453594834, 29.726928539864385 ], [ -100.497458569116802, 29.725251037667075 ], [ -100.502232114681163, 29.725197592761795 ], [ -100.502244379675091, 29.726031010041673 ], [ -100.504153906596798, 29.72600958322306 ], [ -100.506051105045628, 29.725154712601949 ], [ -100.506944140488358, 29.720977028142684 ], [ -100.507899061052171, 29.720966282322433 ], [ -100.506882630758639, 29.71681007378017 ], [ -100.508791984238286, 29.716788580798639 ], [ -100.508742715705509, 29.713454877093618 ], [ -100.509697534224188, 29.713444118786086 ], [ -100.50968520949624, 29.712610671849799 ], [ -100.512548915979224, 29.712578364529225 ], [ -100.51253657093109, 29.711745110162774 ], [ -100.513490995070356, 29.711734329078872 ], [ -100.513466285110496, 29.710067489952699 ], [ -100.509611269823864, 29.707610288796896 ], [ -100.509574304127142, 29.705110190998301 ], [ -100.508619563528541, 29.705120948451647 ], [ -100.50940181375087, 29.693442523358819 ], [ -100.512252639518252, 29.692576770801239 ], [ -100.512215614597665, 29.690076663791935 ], [ -100.51029443479905, 29.689264781187244 ], [ -100.510269782043835, 29.687597904056805 ], [ -100.506452197931367, 29.687640904926436 ], [ -100.506439903208616, 29.686807479496039 ], [ -100.503564677784965, 29.686006230219494 ], [ -100.50354013808699, 29.684339515438776 ], [ -100.501631390174367, 29.684360933751886 ], [ -100.500628232597307, 29.681037895146609 ], [ -100.49871957727035, 29.681059271621191 ], [ -100.497740994776819, 29.679403257067165 ], [ -100.49678646176082, 29.679413930597228 ], [ -100.496725389065176, 29.675246760817412 ], [ -100.491000089282466, 29.675310637986705 ], [ -100.490009149813204, 29.672821111326446 ], [ -100.485238045779994, 29.672874121483449 ], [ -100.485225925937129, 29.672040690936015 ], [ -100.486179981919989, 29.672030104336759 ], [ -100.486143599827898, 29.669529784372486 ], [ -100.483281092017009, 29.669561527554631 ], [ -100.48326899093135, 29.668728261126958 ], [ -100.482314965487859, 29.668738826993703 ], [ -100.481300125012595, 29.66458220207695 ], [ -100.471758672684786, 29.664687431989396 ], [ -100.471746666171228, 29.663854163490381 ], [ -100.470792685063486, 29.663864647270536 ], [ -100.47080468379616, 29.664697915852777 ], [ -100.466033949298975, 29.66475024182661 ], [ -100.466021989476914, 29.663916972828527 ], [ -100.464113615421041, 29.663937856486985 ], [ -100.463159254935675, 29.663948290008154 ], [ -100.463171191408506, 29.664781559255108 ], [ -100.457434567711502, 29.664010732166833 ], [ -100.457446457491699, 29.664844001910005 ], [ -100.454584072169624, 29.664875131616938 ], [ -100.454500996709143, 29.659041220441281 ], [ -100.455454934435167, 29.659030852731895 ], [ -100.456373225535629, 29.656520306999358 ], [ -100.457327548800748, 29.656509921487896 ], [ -100.457291878407389, 29.654009583923735 ], [ -100.456337578496075, 29.654019969187594 ], [ -100.456266292396037, 29.64901948134376 ], [ -100.45531244823303, 29.649029854860661 ], [ -100.455253087705145, 29.644862799372461 ], [ -100.451401558290627, 29.642404078502885 ], [ -100.451389717687746, 29.641570611035149 ], [ -100.447590874151388, 29.641581741572626 ], [ -100.44469333731945, 29.643250944663826 ], [ -100.441591385469422, 29.636618513438965 ], [ -100.442495141724109, 29.623454987202095 ], [ -100.447262991938942, 29.614445694814723 ], [ -100.444964426050518, 29.604073811241122 ], [ -100.439928983122897, 29.591012376375161 ], [ -100.439333334639045, 29.5845007261596 ], [ -100.444579155089855, 29.570607741012513 ], [ -100.450057163376329, 29.561831465177679 ], [ -100.454505243844437, 29.554703942907025 ], [ -100.456869526331843, 29.537802884253569 ], [ -100.45418477981444, 29.535512959563967 ], [ -100.439235153209523, 29.535635750922573 ], [ -100.435917616431965, 29.533832163448789 ], [ -100.428162832877007, 29.518839938074258 ], [ -100.418329319256756, 29.518505357981773 ], [ -100.414274587982121, 29.519508301404308 ], [ -100.409951310892538, 29.517634758333308 ], [ -100.406084405115323, 29.511299938089532 ], [ -100.404458059208892, 29.508635364746603 ], [ -100.403403177516211, 29.506906981633637 ], [ -100.399042074605035, 29.505553323003173 ], [ -100.392004311183072, 29.505667184877389 ], [ -100.379747462888929, 29.508554220046463 ], [ -100.376039950591235, 29.508192752524501 ], [ -100.374309445961131, 29.505291422298505 ], [ -100.371125187044981, 29.503044897840166 ], [ -100.366862484762777, 29.502169028819502 ], [ -100.358831136794706, 29.503171111343985 ], [ -100.35605752477808, 29.500840039586887 ], [ -100.359098750972464, 29.485859106819717 ], [ -100.358495632087511, 29.481623676547951 ], [ -100.356348767017522, 29.478396702846727 ], [ -100.345564498923437, 29.474673329366734 ], [ -100.343909431951744, 29.470451127029637 ], [ -100.340654496290227, 29.469644175475111 ], [ -100.329358729934512, 29.47243684751238 ], [ -100.32449884211654, 29.472710610466265 ], [ -100.324564554620665, 29.472644446619043 ], [ -100.324869461582352, 29.472251104663563 ] ] ], [ [ [ -97.978160636439839, 30.064363889235075 ], [ -97.978158545251489, 30.064371275166177 ], [ -97.977600167826608, 30.065297389780095 ], [ -97.978160636439839, 30.064363889235075 ] ] ] ] } }
]
}
